dataset,seed,variant,intervention,modality,interaction_step,val_acc_full,val_acc_intervened,val_acc_change,val_macro_f1_full,val_macro_f1_intervened,val_macro_f1_change,val_logit_l2_mean,val_logit_l2_p90,val_prediction_flip_rate,operator_modulation_change_mean,operator_modulation_change_median,operator_modulation_change_p90
Movies,42,context_dynamic,no_context,text,0,0.5638872385025024,0.5623875260353088,-0.0014997124671936035,0.47971440960081846,0.47777640436638913,-0.0019380052344293297,0.30104225873947144,0.718204140663147,0.02789442054927349,0.23263384401798248,0.21315494179725647,0.39497286081314087
Movies,42,context_dynamic,no_context,text,1,0.5638872385025024,0.5623875260353088,-0.0014997124671936035,0.47971440960081846,0.47777640436638913,-0.0019380052344293297,0.30104225873947144,0.718204140663147,0.02789442054927349,0.241217702627182,0.22428251802921295,0.40467125177383423
Movies,42,context_dynamic,no_context,visual,0,0.5638872385025024,0.5623875260353088,-0.0014997124671936035,0.47971440960081846,0.47777640436638913,-0.0019380052344293297,0.30104225873947144,0.718204140663147,0.02789442054927349,0.5762455463409424,0.4920930862426758,1.0962327718734741
Movies,42,context_dynamic,no_context,visual,1,0.5638872385025024,0.5623875260353088,-0.0014997124671936035,0.47971440960081846,0.47777640436638913,-0.0019380052344293297,0.30104225873947144,0.718204140663147,0.02789442054927349,0.501080334186554,0.40934911370277405,0.9678088426589966
Movies,42,context_dynamic,mean_relation,text,0,0.5638872385025024,0.5587882399559021,-0.005098998546600342,0.47971440960081846,0.4701092293838861,-0.009605180216932352,0.8340505361557007,1.6145235300064087,0.0626874640583992,1.4119112491607666,1.2902679443359375,2.270608901977539
Movies,42,context_dynamic,mean_relation,text,1,0.5638872385025024,0.5587882399559021,-0.005098998546600342,0.47971440960081846,0.4701092293838861,-0.009605180216932352,0.8340505361557007,1.6145235300064087,0.0626874640583992,1.4987633228302002,1.3773757219314575,2.4113285541534424
Movies,42,context_dynamic,mean_relation,visual,0,0.5638872385025024,0.5587882399559021,-0.005098998546600342,0.47971440960081846,0.4701092293838861,-0.009605180216932352,0.8340505361557007,1.6145235300064087,0.0626874640583992,1.483104944229126,1.389265775680542,2.2655534744262695
Movies,42,context_dynamic,mean_relation,visual,1,0.5638872385025024,0.5587882399559021,-0.005098998546600342,0.47971440960081846,0.4701092293838861,-0.009605180216932352,0.8340505361557007,1.6145235300064087,0.0626874640583992,1.460084080696106,1.3602325916290283,2.238445520401001
Movies,42,context_dynamic,operator_off,all,all,0.5638872385025024,0.5470905900001526,-0.016796648502349854,0.47971440960081846,0.4374575463434548,-0.042256863257363664,1.670246958732605,3.048143148422241,0.12957409024238586,nan,nan,nan
Movies,43,context_dynamic,no_context,text,0,0.5545890927314758,0.5530893802642822,-0.0014997124671936035,0.47250418505694824,0.46958024557432687,-0.002923939482621374,0.06344512850046158,0.13625046610832214,0.008098380640149117,0.2121942937374115,0.19582772254943848,0.3626529574394226
Movies,43,context_dynamic,no_context,text,1,0.5545890927314758,0.5530893802642822,-0.0014997124671936035,0.47250418505694824,0.46958024557432687,-0.002923939482621374,0.06344512850046158,0.13625046610832214,0.008098380640149117,0.21406318247318268,0.19898492097854614,0.3633027672767639
Movies,43,context_dynamic,no_context,visual,0,0.5545890927314758,0.5530893802642822,-0.0014997124671936035,0.47250418505694824,0.46958024557432687,-0.002923939482621374,0.06344512850046158,0.13625046610832214,0.008098380640149117,0.2379179298877716,0.21574947237968445,0.3892127573490143
Movies,43,context_dynamic,no_context,visual,1,0.5545890927314758,0.5530893802642822,-0.0014997124671936035,0.47250418505694824,0.46958024557432687,-0.002923939482621374,0.06344512850046158,0.13625046610832214,0.008098380640149117,0.24453964829444885,0.22165356576442719,0.3992113471031189
Movies,43,context_dynamic,mean_relation,text,0,0.5545890927314758,0.5515896677970886,-0.002999424934387207,0.47250418505694824,0.4671808166709125,-0.005323368386035754,0.2993093729019165,0.5548429489135742,0.030293941497802734,1.8389164209365845,1.7886765003204346,2.9097349643707275
Movies,43,context_dynamic,mean_relation,text,1,0.5545890927314758,0.5515896677970886,-0.002999424934387207,0.47250418505694824,0.4671808166709125,-0.005323368386035754,0.2993093729019165,0.5548429489135742,0.030293941497802734,1.8613173961639404,1.8337461948394775,2.9177727699279785
Movies,43,context_dynamic,mean_relation,visual,0,0.5545890927314758,0.5515896677970886,-0.002999424934387207,0.47250418505694824,0.4671808166709125,-0.005323368386035754,0.2993093729019165,0.5548429489135742,0.030293941497802734,0.9763965606689453,0.9251745939254761,1.448652744293213
Movies,43,context_dynamic,mean_relation,visual,1,0.5545890927314758,0.5515896677970886,-0.002999424934387207,0.47250418505694824,0.4671808166709125,-0.005323368386035754,0.2993093729019165,0.5548429489135742,0.030293941497802734,0.9763675928115845,0.9222455024719238,1.4596283435821533
Movies,43,context_dynamic,operator_off,all,all,0.5545890927314758,0.5545890927314758,0.0,0.47250418505694824,0.4632077007460226,-0.009296484310925668,0.9022284150123596,1.6093133687973022,0.09058188647031784,nan,nan,nan
Movies,44,context_dynamic,no_context,text,0,0.5620875954627991,0.5614876747131348,-0.0005999207496643066,0.4931653001683854,0.4933800625563295,0.00021476238794410074,0.10858775675296783,0.2704077661037445,0.011697660200297832,0.2798001766204834,0.260863721370697,0.4584464728832245
Movies,44,context_dynamic,no_context,text,1,0.5620875954627991,0.5614876747131348,-0.0005999207496643066,0.4931653001683854,0.4933800625563295,0.00021476238794410074,0.10858775675296783,0.2704077661037445,0.011697660200297832,0.2835269272327423,0.2679998576641083,0.4550829529762268
Movies,44,context_dynamic,no_context,visual,0,0.5620875954627991,0.5614876747131348,-0.0005999207496643066,0.4931653001683854,0.4933800625563295,0.00021476238794410074,0.10858775675296783,0.2704077661037445,0.011697660200297832,0.5749649405479431,0.46057969331741333,1.1722263097763062
Movies,44,context_dynamic,no_context,visual,1,0.5620875954627991,0.5614876747131348,-0.0005999207496643066,0.4931653001683854,0.4933800625563295,0.00021476238794410074,0.10858775675296783,0.2704077661037445,0.011697660200297832,0.5740064978599548,0.46630990505218506,1.1490614414215088
Movies,44,context_dynamic,mean_relation,text,0,0.5620875954627991,0.5578884482383728,-0.0041991472244262695,0.4931653001683854,0.488496074437945,-0.004669225730440374,0.29411906003952026,0.6094896793365479,0.03269346058368683,1.2707287073135376,1.1503762006759644,2.0383005142211914
Movies,44,context_dynamic,mean_relation,text,1,0.5620875954627991,0.5578884482383728,-0.0041991472244262695,0.4931653001683854,0.488496074437945,-0.004669225730440374,0.29411906003952026,0.6094896793365479,0.03269346058368683,1.2836592197418213,1.1683595180511475,2.060192584991455
Movies,44,context_dynamic,mean_relation,visual,0,0.5620875954627991,0.5578884482383728,-0.0041991472244262695,0.4931653001683854,0.488496074437945,-0.004669225730440374,0.29411906003952026,0.6094896793365479,0.03269346058368683,1.5160974264144897,1.3789856433868408,2.439892292022705
Movies,44,context_dynamic,mean_relation,visual,1,0.5620875954627991,0.5578884482383728,-0.0041991472244262695,0.4931653001683854,0.488496074437945,-0.004669225730440374,0.29411906003952026,0.6094896793365479,0.03269346058368683,1.5037648677825928,1.3812789916992188,2.3942782878875732
Movies,44,context_dynamic,operator_off,all,all,0.5620875954627991,0.5638872385025024,0.0017996430397033691,0.4931653001683854,0.4820389765313138,-0.011126323637071611,0.964795708656311,1.701619029045105,0.09748050570487976,nan,nan,nan
Grocery,42,context_dynamic,no_context,text,0,0.8251830339431763,0.8204978108406067,-0.00468522310256958,0.7469108586394816,0.7441802271259903,-0.0027306315134912884,0.22124360501766205,0.48059603571891785,0.008784772828221321,0.2115212082862854,0.197801411151886,0.3469008505344391
Grocery,42,context_dynamic,no_context,text,1,0.8251830339431763,0.8204978108406067,-0.00468522310256958,0.7469108586394816,0.7441802271259903,-0.0027306315134912884,0.22124360501766205,0.48059603571891785,0.008784772828221321,0.20576968789100647,0.19340826570987701,0.3357822299003601
Grocery,42,context_dynamic,no_context,visual,0,0.8251830339431763,0.8204978108406067,-0.00468522310256958,0.7469108586394816,0.7441802271259903,-0.0027306315134912884,0.22124360501766205,0.48059603571891785,0.008784772828221321,1.010880708694458,0.979067325592041,1.7648882865905762
Grocery,42,context_dynamic,no_context,visual,1,0.8251830339431763,0.8204978108406067,-0.00468522310256958,0.7469108586394816,0.7441802271259903,-0.0027306315134912884,0.22124360501766205,0.48059603571891785,0.008784772828221321,0.9874940514564514,0.9400033950805664,1.7616195678710938
Grocery,42,context_dynamic,mean_relation,text,0,0.8251830339431763,0.8199121356010437,-0.005270898342132568,0.7469108586394816,0.7385653548569429,-0.008345503782538732,0.45854055881500244,0.9168672561645508,0.01844802312552929,0.902567446231842,0.8677955865859985,1.2676353454589844
Grocery,42,context_dynamic,mean_relation,text,1,0.8251830339431763,0.8199121356010437,-0.005270898342132568,0.7469108586394816,0.7385653548569429,-0.008345503782538732,0.45854055881500244,0.9168672561645508,0.01844802312552929,0.8814991116523743,0.8496381044387817,1.2383619546890259
Grocery,42,context_dynamic,mean_relation,visual,0,0.8251830339431763,0.8199121356010437,-0.005270898342132568,0.7469108586394816,0.7385653548569429,-0.008345503782538732,0.45854055881500244,0.9168672561645508,0.01844802312552929,1.9975556135177612,1.8377456665039062,3.2235209941864014
Grocery,42,context_dynamic,mean_relation,visual,1,0.8251830339431763,0.8199121356010437,-0.005270898342132568,0.7469108586394816,0.7385653548569429,-0.008345503782538732,0.45854055881500244,0.9168672561645508,0.01844802312552929,1.9325109720230103,1.7656573057174683,3.1535449028015137
Grocery,42,context_dynamic,operator_off,all,all,0.8251830339431763,0.8219619393348694,-0.0032210946083068848,0.7469108586394816,0.7415444808765457,-0.005366377762935914,0.9757828712463379,1.6005078554153442,0.03601757064461708,nan,nan,nan
Grocery,43,context_dynamic,no_context,text,0,0.8325036764144897,0.8272327780723572,-0.005270898342132568,0.746177747870033,0.7410088780032748,-0.005168869866758241,0.36635860800743103,0.7925847768783569,0.018740849569439888,0.42414209246635437,0.3939598798751831,0.6824747323989868
Grocery,43,context_dynamic,no_context,text,1,0.8325036764144897,0.8272327780723572,-0.005270898342132568,0.746177747870033,0.7410088780032748,-0.005168869866758241,0.36635860800743103,0.7925847768783569,0.018740849569439888,0.42667117714881897,0.3966997563838959,0.6872810125350952
Grocery,43,context_dynamic,no_context,visual,0,0.8325036764144897,0.8272327780723572,-0.005270898342132568,0.746177747870033,0.7410088780032748,-0.005168869866758241,0.36635860800743103,0.7925847768783569,0.018740849569439888,1.0079026222229004,0.9165079593658447,1.7060343027114868
Grocery,43,context_dynamic,no_context,visual,1,0.8325036764144897,0.8272327780723572,-0.005270898342132568,0.746177747870033,0.7410088780032748,-0.005168869866758241,0.36635860800743103,0.7925847768783569,0.018740849569439888,1.007939100265503,0.9043529033660889,1.738508701324463
Grocery,43,context_dynamic,mean_relation,text,0,0.8325036764144897,0.8204978108406067,-0.012005865573883057,0.746177747870033,0.7395860387683731,-0.006591709101659848,1.0966230630874634,2.1477580070495605,0.053294289857149124,1.4622199535369873,1.3713312149047852,2.2295658588409424
Grocery,43,context_dynamic,mean_relation,text,1,0.8325036764144897,0.8204978108406067,-0.012005865573883057,0.746177747870033,0.7395860387683731,-0.006591709101659848,1.0966230630874634,2.1477580070495605,0.053294289857149124,1.4574060440063477,1.3628127574920654,2.2361032962799072
Grocery,43,context_dynamic,mean_relation,visual,0,0.8325036764144897,0.8204978108406067,-0.012005865573883057,0.746177747870033,0.7395860387683731,-0.006591709101659848,1.0966230630874634,2.1477580070495605,0.053294289857149124,2.7326583862304688,2.6507036685943604,4.026409149169922
Grocery,43,context_dynamic,mean_relation,visual,1,0.8325036764144897,0.8204978108406067,-0.012005865573883057,0.746177747870033,0.7395860387683731,-0.006591709101659848,1.0966230630874634,2.1477580070495605,0.053294289857149124,2.6409804821014404,2.541134834289551,4.03255558013916
Grocery,43,context_dynamic,operator_off,all,all,0.8325036764144897,0.8278184533119202,-0.00468522310256958,0.746177747870033,0.7477273505942187,0.0015496027241856947,1.7772955894470215,2.784898519515991,0.0603221096098423,nan,nan,nan
Grocery,44,context_dynamic,no_context,text,0,0.826647162437439,0.8275256156921387,0.000878453254699707,0.7203406208376819,0.7213478324527288,0.0010072116150469101,0.2409561425447464,0.5513117909431458,0.011127378791570663,0.5442628264427185,0.4578329920768738,1.0612207651138306
Grocery,44,context_dynamic,no_context,text,1,0.826647162437439,0.8275256156921387,0.000878453254699707,0.7203406208376819,0.7213478324527288,0.0010072116150469101,0.2409561425447464,0.5513117909431458,0.011127378791570663,0.5340544581413269,0.45873600244522095,1.0224863290786743
Grocery,44,context_dynamic,no_context,visual,0,0.826647162437439,0.8275256156921387,0.000878453254699707,0.7203406208376819,0.7213478324527288,0.0010072116150469101,0.2409561425447464,0.5513117909431458,0.011127378791570663,1.0319795608520508,0.8387012481689453,2.053122043609619
Grocery,44,context_dynamic,no_context,visual,1,0.826647162437439,0.8275256156921387,0.000878453254699707,0.7203406208376819,0.7213478324527288,0.0010072116150469101,0.2409561425447464,0.5513117909431458,0.011127378791570663,1.0714937448501587,0.8474874496459961,2.1955783367156982
Grocery,44,context_dynamic,mean_relation,text,0,0.826647162437439,0.8187408447265625,-0.007906317710876465,0.7203406208376819,0.7035402393631817,-0.016800381474500248,0.727776288986206,1.558429479598999,0.040702782571315765,1.5546114444732666,1.4142866134643555,2.512179374694824
Grocery,44,context_dynamic,mean_relation,text,1,0.826647162437439,0.8187408447265625,-0.007906317710876465,0.7203406208376819,0.7035402393631817,-0.016800381474500248,0.727776288986206,1.558429479598999,0.040702782571315765,1.5332245826721191,1.4012484550476074,2.4479217529296875
Grocery,44,context_dynamic,mean_relation,visual,0,0.826647162437439,0.8187408447265625,-0.007906317710876465,0.7203406208376819,0.7035402393631817,-0.016800381474500248,0.727776288986206,1.558429479598999,0.040702782571315765,2.5208232402801514,2.1980953216552734,4.447689533233643
Grocery,44,context_dynamic,mean_relation,visual,1,0.826647162437439,0.8187408447265625,-0.007906317710876465,0.7203406208376819,0.7035402393631817,-0.016800381474500248,0.727776288986206,1.558429479598999,0.040702782571315765,2.562082290649414,2.302015542984009,4.365994453430176
Grocery,44,context_dynamic,operator_off,all,all,0.826647162437439,0.8243045210838318,-0.0023426413536071777,0.7203406208376819,0.7182507514153188,-0.002089869422363111,1.2188198566436768,2.049774408340454,0.04597364738583565,nan,nan,nan
Reddit-S,42,context_dynamic,no_context,text,0,0.9606794714927673,0.9600503444671631,-0.000629127025604248,0.9208493536570126,0.919712731364658,-0.001136622292354561,0.08231814950704575,0.16531841456890106,0.0018873859662562609,0.33384573459625244,0.3003782033920288,0.57608562707901
Reddit-S,42,context_dynamic,no_context,text,1,0.9606794714927673,0.9600503444671631,-0.000629127025604248,0.9208493536570126,0.919712731364658,-0.001136622292354561,0.08231814950704575,0.16531841456890106,0.0018873859662562609,0.3372398614883423,0.3104783892631531,0.5596083402633667
Reddit-S,42,context_dynamic,no_context,visual,0,0.9606794714927673,0.9600503444671631,-0.000629127025604248,0.9208493536570126,0.919712731364658,-0.001136622292354561,0.08231814950704575,0.16531841456890106,0.0018873859662562609,0.6485070586204529,0.5315308570861816,1.2543379068374634
Reddit-S,42,context_dynamic,no_context,visual,1,0.9606794714927673,0.9600503444671631,-0.000629127025604248,0.9208493536570126,0.919712731364658,-0.001136622292354561,0.08231814950704575,0.16531841456890106,0.0018873859662562609,0.6538628935813904,0.5227386951446533,1.3151249885559082
Reddit-S,42,context_dynamic,mean_relation,text,0,0.9606794714927673,0.9547027349472046,-0.005976736545562744,0.9208493536570126,0.9077527827856287,-0.013096570871383939,0.705597996711731,1.3151540756225586,0.012897137552499771,3.000190496444702,2.8533449172973633,4.439125061035156
Reddit-S,42,context_dynamic,mean_relation,text,1,0.9606794714927673,0.9547027349472046,-0.005976736545562744,0.9208493536570126,0.9077527827856287,-0.013096570871383939,0.705597996711731,1.3151540756225586,0.012897137552499771,3.1102421283721924,2.941079616546631,4.641590595245361
Reddit-S,42,context_dynamic,mean_relation,visual,0,0.9606794714927673,0.9547027349472046,-0.005976736545562744,0.9208493536570126,0.9077527827856287,-0.013096570871383939,0.705597996711731,1.3151540756225586,0.012897137552499771,2.05181884765625,1.8510022163391113,3.5086474418640137
Reddit-S,42,context_dynamic,mean_relation,visual,1,0.9606794714927673,0.9547027349472046,-0.005976736545562744,0.9208493536570126,0.9077527827856287,-0.013096570871383939,0.705597996711731,1.3151540756225586,0.012897137552499771,1.9673950672149658,1.7033711671829224,3.4620487689971924
Reddit-S,42,context_dynamic,operator_off,all,all,0.9606794714927673,0.9572192430496216,-0.003460228443145752,0.9208493536570126,0.9109086645359807,-0.009940689121031854,0.940896213054657,1.4813259840011597,0.015099087730050087,nan,nan,nan
Reddit-S,43,context_dynamic,no_context,text,0,0.9679144620895386,0.9679144620895386,0.0,0.9299777783641195,0.9299777783641195,0.0,0.06886200606822968,0.14495043456554413,0.0,0.4076957106590271,0.34200525283813477,0.744190514087677
Reddit-S,43,context_dynamic,no_context,text,1,0.9679144620895386,0.9679144620895386,0.0,0.9299777783641195,0.9299777783641195,0.0,0.06886200606822968,0.14495043456554413,0.0,0.43614301085472107,0.3661649823188782,0.7993471622467041
Reddit-S,43,context_dynamic,no_context,visual,0,0.9679144620895386,0.9679144620895386,0.0,0.9299777783641195,0.9299777783641195,0.0,0.06886200606822968,0.14495043456554413,0.0,0.4830329120159149,0.37965697050094604,1.045527458190918
Reddit-S,43,context_dynamic,no_context,visual,1,0.9679144620895386,0.9679144620895386,0.0,0.9299777783641195,0.9299777783641195,0.0,0.06886200606822968,0.14495043456554413,0.0,0.48175933957099915,0.3734866976737976,1.0899782180786133
Reddit-S,43,context_dynamic,mean_relation,text,0,0.9679144620895386,0.9603648781776428,-0.007549583911895752,0.9299777783641195,0.9152779175757267,-0.014699860788392805,0.9448027014732361,2.053074359893799,0.01635734550654888,2.739307403564453,2.4195055961608887,4.474616050720215
Reddit-S,43,context_dynamic,mean_relation,text,1,0.9679144620895386,0.9603648781776428,-0.007549583911895752,0.9299777783641195,0.9152779175757267,-0.014699860788392805,0.9448027014732361,2.053074359893799,0.01635734550654888,2.947885036468506,2.7224254608154297,4.305096626281738
Reddit-S,43,context_dynamic,mean_relation,visual,0,0.9679144620895386,0.9603648781776428,-0.007549583911895752,0.9299777783641195,0.9152779175757267,-0.014699860788392805,0.9448027014732361,2.053074359893799,0.01635734550654888,2.0593531131744385,1.902787208557129,3.3932511806488037
Reddit-S,43,context_dynamic,mean_relation,visual,1,0.9679144620895386,0.9603648781776428,-0.007549583911895752,0.9299777783641195,0.9152779175757267,-0.014699860788392805,0.9448027014732361,2.053074359893799,0.01635734550654888,2.049546718597412,1.8875892162322998,3.438758611679077
Reddit-S,43,context_dynamic,operator_off,all,all,0.9679144620895386,0.9631959795951843,-0.004718482494354248,0.9299777783641195,0.9156107261182995,-0.014367052245820022,1.1863093376159668,1.8892347812652588,0.012897137552499771,nan,nan,nan
Reddit-S,44,context_dynamic,no_context,text,0,0.9660270810127258,0.9657124876976013,-0.0003145933151245117,0.9194813863457778,0.9196781929512026,0.0001968066054247597,0.07686740905046463,0.1934841424226761,0.0009436929831281304,0.8522834181785583,0.7786287665367126,1.5660227537155151
Reddit-S,44,context_dynamic,no_context,text,1,0.9660270810127258,0.9657124876976013,-0.0003145933151245117,0.9194813863457778,0.9196781929512026,0.0001968066054247597,0.07686740905046463,0.1934841424226761,0.0009436929831281304,0.8604704141616821,0.7692186832427979,1.6335196495056152
Reddit-S,44,context_dynamic,no_context,visual,0,0.9660270810127258,0.9657124876976013,-0.0003145933151245117,0.9194813863457778,0.9196781929512026,0.0001968066054247597,0.07686740905046463,0.1934841424226761,0.0009436929831281304,0.6365192532539368,0.5673530101776123,1.1762175559997559
Reddit-S,44,context_dynamic,no_context,visual,1,0.9660270810127258,0.9657124876976013,-0.0003145933151245117,0.9194813863457778,0.9196781929512026,0.0001968066054247597,0.07686740905046463,0.1934841424226761,0.0009436929831281304,0.5607010126113892,0.47923630475997925,1.165399193763733
Reddit-S,44,context_dynamic,mean_relation,text,0,0.9660270810127258,0.9606794714927673,-0.005347609519958496,0.9194813863457778,0.9170997979496486,-0.0023815883961292306,0.7787263989448547,1.5685503482818604,0.013840830884873867,3.6896917819976807,3.9308557510375977,5.332684516906738
Reddit-S,44,context_dynamic,mean_relation,text,1,0.9660270810127258,0.9606794714927673,-0.005347609519958496,0.9194813863457778,0.9170997979496486,-0.0023815883961292306,0.7787263989448547,1.5685503482818604,0.013840830884873867,3.704010248184204,3.961315155029297,5.148151397705078
Reddit-S,44,context_dynamic,mean_relation,visual,0,0.9660270810127258,0.9606794714927673,-0.005347609519958496,0.9194813863457778,0.9170997979496486,-0.0023815883961292306,0.7787263989448547,1.5685503482818604,0.013840830884873867,1.823391079902649,1.5431989431381226,3.0404155254364014
Reddit-S,44,context_dynamic,mean_relation,visual,1,0.9660270810127258,0.9606794714927673,-0.005347609519958496,0.9194813863457778,0.9170997979496486,-0.0023815883961292306,0.7787263989448547,1.5685503482818604,0.013840830884873867,1.8344756364822388,1.457622766494751,3.3740360736846924
Reddit-S,44,context_dynamic,operator_off,all,all,0.9660270810127258,0.9603648781776428,-0.005662202835083008,0.9194813863457778,0.9084626061161893,-0.011018780229588465,1.0025898218154907,1.6124368906021118,0.015413652174174786,nan,nan,nan
