dataset,seed,variant,modality,interaction_step,feature_variance,edge_variance,norm_mean,norm_std,tanh_saturation_fraction_abs_gt_0_95,num_edges
Movies,42,global_dynamic,text,0,0.010691676288843155,0.1884252279996872,2.542166233062744,0.060390982776880264,0.0,160802
Movies,42,global_dynamic,text,1,0.008297385647892952,0.22056211531162262,2.793409824371338,0.05019813030958176,0.0,160802
Movies,42,global_dynamic,visual,0,0.0683356299996376,0.22182004153728485,2.6836729049682617,0.155190110206604,0.0011343531077727675,160802
Movies,42,global_dynamic,visual,1,0.07402195781469345,0.24252203106880188,2.801133394241333,0.1209806352853775,0.0005886509898118675,160802
Movies,42,pair_dynamic,text,0,0.007771972566843033,0.2699093520641327,3.145890712738037,0.042725883424282074,0.0,160802
Movies,42,pair_dynamic,text,1,0.0058377631939947605,0.2808016240596771,3.251269817352295,0.03756561875343323,0.0008241891046054661,160802
Movies,42,pair_dynamic,visual,0,0.04039953649044037,0.31930646300315857,3.234992027282715,0.12864312529563904,0.018856264650821686,160802
Movies,42,pair_dynamic,visual,1,0.043614886701107025,0.3370068073272705,3.3138930797576904,0.10718949139118195,0.016591833904385567,160802
Movies,42,context_static,text,0,0.01308506354689598,0.26460710167884827,3.0273444652557373,0.11756101250648499,0.0008855999913066626,160802
Movies,42,context_static,text,1,0.01308506354689598,0.26460710167884827,3.0273444652557373,0.11756101250648499,0.0008855999913066626,160802
Movies,42,context_static,visual,0,0.012609247118234634,0.252681702375412,3.030245065689087,0.0845625102519989,0.0014458775985985994,160802
Movies,42,context_static,visual,1,0.012609247118234634,0.252681702375412,3.030245065689087,0.0845625102519989,0.0014458775985985994,160802
Movies,42,context_dynamic,text,0,0.008009112440049648,0.2689056694507599,3.1261610984802246,0.04181602969765663,0.0014651170931756496,160802
Movies,42,context_dynamic,text,1,0.006065745372325182,0.27764707803726196,3.204160213470459,0.03396007791161537,0.006886380724608898,160802
Movies,42,context_dynamic,visual,0,0.039854325354099274,0.3215145766735077,3.248750925064087,0.12384376674890518,0.019893255084753036,160802
Movies,42,context_dynamic,visual,1,0.04308800399303436,0.33765891194343567,3.3184654712677,0.10382451862096786,0.018382467329502106,160802
