dataset,seed,variant,modality,interaction_step,operator_deviation_ratio_mean,operator_deviation_ratio_median,operator_deviation_ratio_p10,operator_deviation_ratio_p90,base_message_norm_mean,delta_message_norm_mean,num_edges
Movies,42,global_dynamic,text,0,0.00791124440729618,0.007860357873141766,0.007031426765024662,0.008886851370334625,7.345705509185791,0.058152779936790466,160802
Movies,42,global_dynamic,text,1,0.00937395915389061,0.00932181254029274,0.008174754679203033,0.010672477073967457,11.061624526977539,0.10367637127637863,160802
Movies,42,global_dynamic,visual,0,0.006744135171175003,0.0061457520350813866,0.004978664219379425,0.01000685803592205,5.724155426025391,0.03893732279539108,160802
Movies,42,global_dynamic,visual,1,0.007042367942631245,0.006486809812486172,0.004775923676788807,0.010762277990579605,9.511378288269043,0.06772282719612122,160802
Movies,42,pair_dynamic,text,0,0.011539236642420292,0.011439747177064419,0.010517191141843796,0.012710662558674812,7.321531295776367,0.08450695127248764,160802
Movies,42,pair_dynamic,text,1,0.011260304600000381,0.011147668585181236,0.010003195144236088,0.012677623890340328,11.006363868713379,0.12390107661485672,160802
Movies,42,pair_dynamic,visual,0,0.011347350664436817,0.0113846305757761,0.009154658764600754,0.01343071274459362,5.723606586456299,0.06496673077344894,160802
Movies,42,pair_dynamic,visual,1,0.010895075276494026,0.010978617705404758,0.008435086347162724,0.013164777308702469,9.54157829284668,0.10401229560375214,160802
Movies,42,context_static,text,0,0.007440387737005949,0.00740817841142416,0.00647794920951128,0.00848241988569498,7.31784200668335,0.05444321781396866,160802
Movies,42,context_static,text,1,0.007450951728969812,0.0073835160583257675,0.006293208803981543,0.008792662993073463,10.998773574829102,0.08191107958555222,160802
Movies,42,context_static,visual,0,0.010035950690507889,0.010178734548389912,0.00700060511007905,0.01257032435387373,5.722777843475342,0.05720295011997223,160802
Movies,42,context_static,visual,1,0.009634876623749733,0.009850653819739819,0.006087549962103367,0.012446130625903606,9.539918899536133,0.0912322998046875,160802
Movies,42,context_dynamic,text,0,0.012166216038167477,0.012068595737218857,0.011152928695082664,0.013336598873138428,7.323673248291016,0.08913004398345947,160802
Movies,42,context_dynamic,text,1,0.011148732155561447,0.011039404198527336,0.00991533137857914,0.012551064603030682,11.008295059204102,0.12269774824380875,160802
Movies,42,context_dynamic,visual,0,0.011366679333150387,0.011392149142920971,0.009156730026006699,0.01350149791687727,5.72360897064209,0.06505844742059708,160802
Movies,42,context_dynamic,visual,1,0.010813296772539616,0.010886278003454208,0.008324295282363892,0.013135725632309914,9.541823387145996,0.10320723801851273,160802
