variant,group,gradient_rms_mean,gradient_rms_sd,n,runs_with_nonzero_gradient,first_nonzero_epoch_min,first_nonzero_epoch_median,first_nonzero_epoch_max,nonzero_fraction
terminal,fusion,0.0005721731175725644,0.0008905543054632674,874,9,1,1,1,1.0
terminal,prior_context_adapter_text,0.0,0.0,874,0,,,,0.0
terminal,prior_context_adapter_visual,0.0,0.0,874,0,,,,0.0
terminal,prior_gate_text,0.0,0.0,874,0,,,,0.0
terminal,prior_gate_visual,0.0,0.0,874,0,,,,0.0
terminal,projector_text,0.002623033893842491,0.0024599469340631785,874,9,1,1,1,1.0
terminal,projector_visual,0.002243262319606381,0.002444510567972146,874,9,1,1,1,1.0
terminal,stage1_context_attention,5.010080643644965e-05,7.449883763497227e-05,874,9,2,2,2,0.9897025171624714
terminal,stage1_pair,0.0003314093540650038,0.0004885444443662147,874,9,2,2,2,0.9897025171624714
terminal,stage2_conditioner_output,1.5469429560985564e-05,1.8586041415128527e-05,874,9,2,2,2,0.9897025171624714
terminal,stage2_conditioner_relation,1.4935129978605224e-05,2.1470827535823798e-05,874,9,3,3,3,0.9794050343249427
terminal,stage2_conditioner_state,1.4315083071556979e-05,2.318138122303365e-05,874,9,3,3,3,0.9794050343249427
terminal,stage2_modulation_Wa,0.00011827495651673752,0.00015169642719676626,874,9,2,2,2,0.9897025171624714
terminal,stage2_operator_down,0.0002999209188490368,0.00029907216060234793,874,9,1,1,1,1.0
terminal,stage2_operator_up,0.00020550025194048113,0.00021137599520402957,874,9,1,1,1,1.0
terminal,stage2_retrieval,8.249933917755395e-05,0.00011033958630717,874,9,2,2,2,0.9897025171624714
terminal,state_update,0.0002768734928114851,0.00029656892705011136,874,9,1,1,1,1.0
prior_delta_gate,fusion,0.0005600476083676703,0.0008698135966776944,927,9,1,1,1,1.0
prior_delta_gate,prior_context_adapter_text,0.00016384022566417976,0.00015580417266385338,927,9,1,1,1,1.0
prior_delta_gate,prior_context_adapter_visual,0.0003162536652666667,0.00035044193813639496,927,9,1,1,1,1.0
prior_delta_gate,prior_gate_text,9.352546804458932e-06,8.630899940363704e-06,927,9,2,2,2,0.9902912621359223
prior_delta_gate,prior_gate_visual,2.197423280974231e-05,2.531986663916758e-05,927,9,2,2,2,0.9902912621359223
prior_delta_gate,projector_text,0.0021737638482765323,0.0019332152595801014,927,9,1,1,1,1.0
prior_delta_gate,projector_visual,0.00267417725378749,0.0029506831885954257,927,9,1,1,1,1.0
prior_delta_gate,stage1_context_attention,2.6744185037554564e-05,3.384221986190139e-05,927,9,3,3,3,0.9805825242718447
prior_delta_gate,stage1_pair,0.00019482454443560228,0.00024190102164366647,927,9,3,3,3,0.9805825242718447
prior_delta_gate,stage2_conditioner_output,1.1726271949723113e-05,1.309825598905832e-05,927,9,3,3,3,0.9805825242718447
prior_delta_gate,stage2_conditioner_relation,9.646742356995038e-06,1.3214793691942123e-05,927,9,4,4,4,0.970873786407767
prior_delta_gate,stage2_conditioner_state,1.0552387715764803e-05,1.5756641533798235e-05,927,9,4,4,4,0.970873786407767
prior_delta_gate,stage2_modulation_Wa,0.00011673220654009605,0.00013647999889176228,927,9,3,3,3,0.9805825242718447
prior_delta_gate,stage2_operator_down,0.00027117171170279843,0.0002851741854726988,927,9,2,2,2,0.9902912621359223
prior_delta_gate,stage2_operator_up,0.00020075715515543099,0.0002365517546748191,927,9,2,2,2,0.9902912621359223
prior_delta_gate,stage2_retrieval,6.078371047466381e-05,6.90875400445965e-05,927,9,3,3,3,0.9805825242718447
prior_delta_gate,state_update,0.00021361870261347578,0.00023673512554831097,927,9,2,2,2,0.9902912621359223
prior_update_add,fusion,0.0005510350179049664,0.0008854427562871147,892,9,1,1,1,1.0
prior_update_add,prior_context_adapter_text,0.00029907362473936675,0.00031801582412392025,892,9,1,1,1,1.0
prior_update_add,prior_context_adapter_visual,0.0004412497393285196,0.00046369366147959364,892,9,1,1,1,1.0
prior_update_add,prior_gate_text,0.0,0.0,892,0,,,,0.0
prior_update_add,prior_gate_visual,0.0,0.0,892,0,,,,0.0
prior_update_add,projector_text,0.0021111023977032494,0.0018482741342803156,892,9,1,1,1,1.0
prior_update_add,projector_visual,0.0028794119066084816,0.002984734040577244,892,9,1,1,1,1.0
prior_update_add,stage1_context_attention,3.0044433838173928e-05,4.7324352777672244e-05,892,9,3,3,3,0.9798206278026906
prior_update_add,stage1_pair,0.000217046100323366,0.0003365160544787417,892,9,3,3,3,0.9798206278026906
prior_update_add,stage2_conditioner_output,1.2967892606890382e-05,1.6330830303105863e-05,892,9,3,3,3,0.9798206278026906
prior_update_add,stage2_conditioner_relation,1.0413824151580831e-05,1.6965931119323243e-05,892,9,4,4,4,0.9697309417040358
prior_update_add,stage2_conditioner_state,1.0923404222680307e-05,1.813410068717441e-05,892,9,4,4,4,0.9697309417040358
prior_update_add,stage2_modulation_Wa,0.0001180029042703683,0.00014945857413693338,892,9,3,3,3,0.9798206278026906
prior_update_add,stage2_operator_down,0.0003561607248503695,0.00033352787968739597,892,9,2,2,2,0.9899103139013453
prior_update_add,stage2_operator_up,0.0002529191203470938,0.000278653310405933,892,9,2,2,2,0.9899103139013453
prior_update_add,stage2_retrieval,6.1670201655068e-05,8.142678666802631e-05,892,9,3,3,3,0.9798206278026906
prior_update_add,state_update,0.0002804370609494281,0.00027104222918771095,892,9,2,2,2,0.9899103139013453
prior_update_gate,fusion,0.0005929528594363999,0.0008631743113860717,920,9,1,1,1,1.0
prior_update_gate,prior_context_adapter_text,0.00017429064743622,0.00016210343515777662,920,9,1,1,1,1.0
prior_update_gate,prior_context_adapter_visual,0.00034130914245698635,0.00034050978502127516,920,9,1,1,1,1.0
prior_update_gate,prior_gate_text,1.0471081433700688e-05,8.730146225797793e-06,920,9,2,2,2,0.9902173913043478
prior_update_gate,prior_gate_visual,2.9277678132872455e-05,3.818914156681649e-05,920,9,2,2,2,0.9902173913043478
prior_update_gate,projector_text,0.0021338856273390066,0.0018675467928034434,920,9,1,1,1,1.0
prior_update_gate,projector_visual,0.0031680630418669154,0.003321080361613094,920,9,1,1,1,1.0
prior_update_gate,stage1_context_attention,2.991164472930275e-05,4.012640763241135e-05,920,9,3,3,3,0.9804347826086957
prior_update_gate,stage1_pair,0.00021995465077586727,0.00029526671720431734,920,9,3,3,3,0.9804347826086957
prior_update_gate,stage2_conditioner_output,1.4732160241852157e-05,1.863358176506433e-05,920,9,3,3,3,0.9804347826086957
prior_update_gate,stage2_conditioner_relation,1.1039201318497396e-05,1.6982369291701796e-05,920,9,4,4,4,0.9706521739130435
prior_update_gate,stage2_conditioner_state,1.5803838514093522e-05,3.008636378966067e-05,920,9,4,4,4,0.9706521739130435
prior_update_gate,stage2_modulation_Wa,0.0001379081831151443,0.00017527933569142165,920,9,3,3,3,0.9804347826086957
prior_update_gate,stage2_operator_down,0.0003532515268179504,0.0003328205308788943,920,9,2,2,2,0.9902173913043478
prior_update_gate,stage2_operator_up,0.0002645634871597631,0.0002916101853170822,920,9,2,2,2,0.9902173913043478
prior_update_gate,stage2_retrieval,6.937162596732714e-05,8.697568046634955e-05,920,9,3,3,3,0.9804347826086957
prior_update_gate,state_update,0.0002648025346568739,0.00025793242652192753,920,9,2,2,2,0.9902173913043478
