dataset,seed,variant,intervention,interpretation,val_acc_full,val_acc_intervened,val_acc_change_pp,val_macro_f1_full,val_macro_f1_intervened,val_macro_f1_change_pp,logit_l2_mean,prediction_flip_rate,representation_l2_mean,context_residual_l2_mean,gate_l1_mean,gate_l2_mean
Movies,42,prior_update_gate,operator_off,Stage-II operator-off regression intervention,0.5596880912780762,0.5569885969161987,-0.26994943618774414,0.4578365187727854,0.45092959776492,-0.6906921007865441,0.25055766105651855,0.030293941497802734,0.2971275746822357,0.2971276044845581,0.003841544734314084,0.127116397023201
Movies,43,prior_update_gate,operator_off,Stage-II operator-off regression intervention,0.5539892315864563,0.5506898760795593,-0.32993555068969727,0.4545666905085423,0.4514338566911672,-0.31328338173751136,0.9292535781860352,0.09028194099664688,0.8658334612846375,0.8658334016799927,0.012740612030029297,0.4434911608695984
Movies,44,prior_update_gate,operator_off,Stage-II operator-off regression intervention,0.5602879524230957,0.5620875954627991,0.17996430397033691,0.4860392863011165,0.4843070221271294,-0.1732264173987086,1.2397269010543823,0.11187762767076492,1.1341283321380615,1.1341283321380615,0.01580796018242836,0.5365574955940247
Grocery,42,prior_update_gate,operator_off,Stage-II operator-off regression intervention,0.826061487197876,0.8216691017150879,-0.4392385482788086,0.7644568154740603,0.7611153481550164,-0.3341467319043945,1.1965453624725342,0.056222546845674515,1.9835015535354614,1.9835015535354614,0.025455869734287262,0.8308903574943542
Grocery,43,prior_update_gate,operator_off,Stage-II operator-off regression intervention,0.8272327780723572,0.8202049732208252,-0.7027804851531982,0.7533409341434802,0.7424914469397457,-1.0849487203734576,1.3399169445037842,0.0612005852162838,2.1101393699645996,2.1101393699645996,0.02909163199365139,0.9373391270637512
Grocery,44,prior_update_gate,operator_off,Stage-II operator-off regression intervention,0.8193265199661255,0.8152269124984741,-0.4099607467651367,0.7092050069529237,0.7069703357815915,-0.22346711713321366,0.5861401557922363,0.029575401917099953,1.1049178838729858,1.1049178838729858,0.013263634406030178,0.42839446663856506
Reddit-S,42,prior_update_gate,operator_off,Stage-II operator-off regression intervention,0.9635105133056641,0.9581629633903503,-0.5347549915313721,0.9282264549154666,0.922694763759441,-0.5531691156025587,0.9002516865730286,0.016671909019351006,2.5038139820098877,2.5038139820098877,0.031110668554902077,1.0283057689666748
Reddit-S,43,prior_update_gate,operator_off,Stage-II operator-off regression intervention,0.9682289958000183,0.9572192430496216,-1.1009752750396729,0.9287967759627673,0.9147230548737066,-1.4073721089060687,1.2192023992538452,0.021704938262701035,3.0378611087799072,3.0378611087799072,0.04471536725759506,1.4884814023971558
Reddit-S,44,prior_update_gate,operator_off,Stage-II operator-off regression intervention,0.9660270810127258,0.9609940052032471,-0.503307580947876,0.9234857171867364,0.9157930454299494,-0.7692671756787006,0.8481774926185608,0.01604278013110161,2.587386131286621,2.587386131286621,0.036231864243745804,1.1327669620513916
