modality,measure,mean,sd,n
text,context_norm,3.712538136376275,0.9111820166468623,9
text,cos_prior_context,-0.10460841262506114,0.13968541018510153,9
text,enrichment_norm,5.052532090081109,1.5971650740173522,9
text,final_prior_drift,0.08824049598640865,0.06435890804009403,9
text,injected_residual_norm,3.0649722947014704,1.3584840196589718,9
text,prior_norm,7.1412667698330345,1.6616090557671341,9
text,rho_context,0.4378866222169664,0.203984511294419,9
visual,context_norm,3.7894379827711315,1.4701070636817977,9
visual,cos_prior_context,0.1845407428012954,0.1377675030849428,9
visual,enrichment_norm,7.993044429355198,1.5350432004461465,9
visual,final_prior_drift,0.08788969409134653,0.03095135869263336,9
visual,injected_residual_norm,5.250416411293878,1.4627872159904132,9
visual,prior_norm,10.267594655354818,0.472265098007611,9
visual,rho_context,0.5169091721375784,0.14004006155980486,9
