dataset,seed,variant,wall_seconds,epochs_observed,epoch_time_mean,peak_gpu_memory_mb,gpu_memory_sampling
Grocery,42,prior_delta_gate,112.84649912896566,120,0.9403874927413806,8267,"assigned-device nvidia-smi 1s polling, baseline-subtracted"
Grocery,43,prior_delta_gate,94.55459594610147,99,0.9550969287484997,8267,"assigned-device nvidia-smi 1s polling, baseline-subtracted"
Grocery,44,prior_delta_gate,152.93117480096407,147,1.0403481278977147,8267,"assigned-device nvidia-smi 1s polling, baseline-subtracted"
Grocery,42,prior_update_add,86.40120259206742,94,0.9191617297028449,8197,"assigned-device nvidia-smi 1s polling, baseline-subtracted"
Grocery,43,prior_update_add,134.21072263503447,149,0.9007431049331173,8197,"assigned-device nvidia-smi 1s polling, baseline-subtracted"
Grocery,44,prior_update_add,108.1841932409443,100,1.081841932409443,8197,"assigned-device nvidia-smi 1s polling, baseline-subtracted"
Grocery,42,prior_update_gate,102.6943252789788,108,0.9508733822127666,8267,"assigned-device nvidia-smi 1s polling, baseline-subtracted"
Grocery,43,prior_update_gate,109.8861484490335,117,0.9391978499917393,8267,"assigned-device nvidia-smi 1s polling, baseline-subtracted"
Grocery,44,prior_update_gate,86.60118482192047,83,1.043387768938801,8267,"assigned-device nvidia-smi 1s polling, baseline-subtracted"
Grocery,42,terminal,81.30852931505069,90,0.9034281035005632,7797,"assigned-device nvidia-smi 1s polling, baseline-subtracted"
Grocery,43,terminal,94.55532069900073,105,0.900526863800007,7797,"assigned-device nvidia-smi 1s polling, baseline-subtracted"
Grocery,44,terminal,119.04351483401842,134,0.888384439059839,7797,"assigned-device nvidia-smi 1s polling, baseline-subtracted"
Movies,42,prior_delta_gate,89.54472138895653,85,1.053467310458312,9081,"assigned-device nvidia-smi 1s polling, baseline-subtracted"
Movies,43,prior_delta_gate,83.33045877912082,79,1.0548159339129217,9081,"assigned-device nvidia-smi 1s polling, baseline-subtracted"
Movies,44,prior_delta_gate,102.86063724197447,97,1.0604189406389122,9081,"assigned-device nvidia-smi 1s polling, baseline-subtracted"
Movies,42,prior_update_add,74.28178120194934,72,1.0316914055826298,9011,"assigned-device nvidia-smi 1s polling, baseline-subtracted"
Movies,43,prior_update_add,94.62414433411323,93,1.01746391757111,9011,"assigned-device nvidia-smi 1s polling, baseline-subtracted"
Movies,44,prior_update_add,90.54474524594843,89,1.017356688156724,9011,"assigned-device nvidia-smi 1s polling, baseline-subtracted"
Movies,42,prior_update_gate,86.52655418799259,81,1.0682290640492913,9079,"assigned-device nvidia-smi 1s polling, baseline-subtracted"
Movies,43,prior_update_gate,104.78281740099192,100,1.0478281740099191,9079,"assigned-device nvidia-smi 1s polling, baseline-subtracted"
Movies,44,prior_update_gate,127.1263076690957,123,1.0335472168219162,9079,"assigned-device nvidia-smi 1s polling, baseline-subtracted"
Movies,42,terminal,88.53126863692887,89,0.9947333554711109,9414,"assigned-device nvidia-smi 1s polling, baseline-subtracted"
Movies,43,terminal,76.22935814410448,76,1.0030178703171642,8615,"assigned-device nvidia-smi 1s polling, baseline-subtracted"
Movies,44,terminal,77.43454416003078,76,1.0188755810530365,8613,"assigned-device nvidia-smi 1s polling, baseline-subtracted"
Reddit-S,42,prior_delta_gate,211.0024390912149,113,1.8672782220461497,13683,"assigned-device nvidia-smi 1s polling, baseline-subtracted"
Reddit-S,43,prior_delta_gate,210.734927843092,100,2.1073492784309202,13683,"assigned-device nvidia-smi 1s polling, baseline-subtracted"
Reddit-S,44,prior_delta_gate,173.61170395184308,87,1.9955368270326792,13683,"assigned-device nvidia-smi 1s polling, baseline-subtracted"
Reddit-S,42,prior_update_add,173.43409341596998,91,1.9058691584172525,13617,"assigned-device nvidia-smi 1s polling, baseline-subtracted"
Reddit-S,43,prior_update_add,197.46214649290778,98,2.0149198621725284,13918,"assigned-device nvidia-smi 1s polling, baseline-subtracted"
Reddit-S,44,prior_update_add,205.17563357390463,106,1.9356191846594777,13617,"assigned-device nvidia-smi 1s polling, baseline-subtracted"
Reddit-S,42,prior_update_gate,187.15862781903706,91,2.056688217791616,13683,"assigned-device nvidia-smi 1s polling, baseline-subtracted"
Reddit-S,43,prior_update_gate,219.22574858088046,104,2.1079398902007735,13683,"assigned-device nvidia-smi 1s polling, baseline-subtracted"
Reddit-S,44,prior_update_gate,211.1428572537843,113,1.8685208606529586,13683,"assigned-device nvidia-smi 1s polling, baseline-subtracted"
Reddit-S,42,terminal,189.40957455313765,108,1.7537923569734968,13263,"assigned-device nvidia-smi 1s polling, baseline-subtracted"
Reddit-S,43,terminal,164.57922424189746,82,2.007063710267042,13263,"assigned-device nvidia-smi 1s polling, baseline-subtracted"
Reddit-S,44,terminal,234.66699836985208,114,2.0584824418408076,13263,"assigned-device nvidia-smi 1s polling, baseline-subtracted"
