dataset,seed,modality,measure,mean,median,p10,p90,p95,n
Movies,42,text,rho_context,0.059416238218545914,0.05922909080982208,0.05727122724056244,0.06147351861000061,0.06312627345323563,16672
Movies,42,text,prior_norm,9.975456237792969,9.964054107666016,9.747780799865723,10.224543571472168,10.29305648803711,16672
Movies,42,text,context_norm,3.0469892024993896,3.0399320125579834,2.9257431030273438,3.1825225353240967,3.2149460315704346,16672
Movies,42,text,enrichment_norm,1.1918185949325562,1.1930556297302246,1.1584197282791138,1.2182642221450806,1.2369911670684814,16672
Movies,42,text,injected_residual_norm,0.5925025939941406,0.5918077230453491,0.5748059749603271,0.6070637106895447,0.6244338154792786,16672
Movies,42,text,cos_prior_context,-0.1797671616077423,-0.18601952493190765,-0.21927708387374878,-0.13200588524341583,-0.10308315604925156,16672
Movies,42,text,final_prior_drift,0.001740265404805541,0.0017234086990356445,0.001611000276170671,0.0018677650950849056,0.0019892603158950806,16672
Movies,42,visual,rho_context,0.09166927635669708,0.09436097741127014,0.05674588680267334,0.12519966065883636,0.12912984192371368,16672
Movies,42,visual,prior_norm,10.48895263671875,10.491097450256348,10.17040729522705,10.809221267700195,10.898236274719238,16672
Movies,42,visual,context_norm,2.128192901611328,2.02244234085083,1.808516502380371,2.5931971073150635,2.9445090293884277,16672
Movies,42,visual,enrichment_norm,1.8486968278884888,1.900382399559021,1.1450392007827759,2.548694610595703,2.623274564743042,16672
Movies,42,visual,injected_residual_norm,0.9621177315711975,0.9885494709014893,0.5909315943717957,1.3319345712661743,1.3722082376480103,16672
Movies,42,visual,cos_prior_context,0.26539701223373413,0.2685633897781372,0.1294371485710144,0.3999016582965851,0.4434075951576233,16672
Movies,42,visual,final_prior_drift,0.0037892970722168684,0.0039175450801849365,0.0014882147079333663,0.005857276730239391,0.0063515701331198215,16672
