phase,dataset,seed,variant,tensor,shape_match,max_abs_error,passed,atol,rtol
frozen_v3_preflight,Movies,42,terminal,H0_text,True,0.0,True,1e-05,1e-05
frozen_v3_preflight,Movies,42,terminal,H0_visual,True,0.0,True,1e-05,1e-05
frozen_v3_preflight,Movies,42,terminal,H1_text,True,1.430511474609375e-06,True,1e-05,1e-05
frozen_v3_preflight,Movies,42,terminal,H1_visual,True,1.1920928955078125e-06,True,1e-05,1e-05
frozen_v3_preflight,Movies,42,terminal,H2_text,True,1.430511474609375e-06,True,1e-05,1e-05
frozen_v3_preflight,Movies,42,terminal,H2_visual,True,1.430511474609375e-06,True,1e-05,1e-05
frozen_v3_preflight,Movies,42,terminal,relation_text,True,9.5367431640625e-07,True,1e-05,1e-05
frozen_v3_preflight,Movies,42,terminal,relation_visual,True,9.5367431640625e-07,True,1e-05,1e-05
frozen_v3_preflight,Movies,42,terminal,relation_memory,True,9.5367431640625e-07,True,1e-05,1e-05
frozen_v3_preflight,Movies,42,terminal,base_relation_text,True,1.6689300537109375e-06,True,1e-05,1e-05
frozen_v3_preflight,Movies,42,terminal,base_relation_visual,True,1.9073486328125e-06,True,1e-05,1e-05
frozen_v3_preflight,Movies,42,terminal,modulation_text_step0,True,9.164214134216309e-07,True,1e-05,1e-05
frozen_v3_preflight,Movies,42,terminal,modulation_text_step1,True,9.350478649139404e-07,True,1e-05,1e-05
frozen_v3_preflight,Movies,42,terminal,modulation_visual_step0,True,9.238719940185547e-07,True,1e-05,1e-05
frozen_v3_preflight,Movies,42,terminal,modulation_visual_step1,True,9.08970832824707e-07,True,1e-05,1e-05
frozen_v3_preflight,Movies,42,terminal,execution_code_text_step0,True,1.6689300537109375e-06,True,1e-05,1e-05
frozen_v3_preflight,Movies,42,terminal,execution_code_text_step1,True,1.6689300537109375e-06,True,1e-05,1e-05
frozen_v3_preflight,Movies,42,terminal,execution_code_visual_step0,True,1.9073486328125e-06,True,1e-05,1e-05
frozen_v3_preflight,Movies,42,terminal,execution_code_visual_step1,True,1.6689300537109375e-06,True,1e-05,1e-05
frozen_v3_preflight,Movies,42,terminal,delta_execution_code_text_step0,True,8.940696716308594e-08,True,1e-05,1e-05
frozen_v3_preflight,Movies,42,terminal,delta_execution_code_text_step1,True,1.1920928955078125e-07,True,1e-05,1e-05
frozen_v3_preflight,Movies,42,terminal,delta_execution_code_visual_step0,True,1.7881393432617188e-07,True,1e-05,1e-05
frozen_v3_preflight,Movies,42,terminal,delta_execution_code_visual_step1,True,2.384185791015625e-07,True,1e-05,1e-05
frozen_v3_preflight,Movies,42,terminal,delta_message_text_step0,True,2.980232238769531e-07,True,1e-05,1e-05
frozen_v3_preflight,Movies,42,terminal,delta_message_text_step1,True,4.76837158203125e-07,True,1e-05,1e-05
frozen_v3_preflight,Movies,42,terminal,delta_message_visual_step0,True,1.1920928955078125e-07,True,1e-05,1e-05
frozen_v3_preflight,Movies,42,terminal,delta_message_visual_step1,True,2.980232238769531e-07,True,1e-05,1e-05
frozen_v3_preflight,Movies,43,terminal,H0_text,True,0.0,True,1e-05,1e-05
frozen_v3_preflight,Movies,43,terminal,H0_visual,True,0.0,True,1e-05,1e-05
frozen_v3_preflight,Movies,43,terminal,H1_text,True,9.5367431640625e-07,True,1e-05,1e-05
frozen_v3_preflight,Movies,43,terminal,H1_visual,True,1.430511474609375e-06,True,1e-05,1e-05
frozen_v3_preflight,Movies,43,terminal,H2_text,True,1.430511474609375e-06,True,1e-05,1e-05
frozen_v3_preflight,Movies,43,terminal,H2_visual,True,1.1920928955078125e-06,True,1e-05,1e-05
frozen_v3_preflight,Movies,43,terminal,relation_text,True,9.5367431640625e-07,True,1e-05,1e-05
frozen_v3_preflight,Movies,43,terminal,relation_visual,True,1.1920928955078125e-06,True,1e-05,1e-05
frozen_v3_preflight,Movies,43,terminal,relation_memory,True,1.1920928955078125e-06,True,1e-05,1e-05
frozen_v3_preflight,Movies,43,terminal,base_relation_text,True,1.6689300537109375e-06,True,1e-05,1e-05
frozen_v3_preflight,Movies,43,terminal,base_relation_visual,True,1.430511474609375e-06,True,1e-05,1e-05
frozen_v3_preflight,Movies,43,terminal,modulation_text_step0,True,8.549541234970093e-07,True,1e-05,1e-05
frozen_v3_preflight,Movies,43,terminal,modulation_text_step1,True,7.972121238708496e-07,True,1e-05,1e-05
frozen_v3_preflight,Movies,43,terminal,modulation_visual_step0,True,9.685754776000977e-07,True,1e-05,1e-05
frozen_v3_preflight,Movies,43,terminal,modulation_visual_step1,True,1.0989606380462646e-06,True,1e-05,1e-05
frozen_v3_preflight,Movies,43,terminal,execution_code_text_step0,True,1.6689300537109375e-06,True,1e-05,1e-05
frozen_v3_preflight,Movies,43,terminal,execution_code_text_step1,True,1.6689300537109375e-06,True,1e-05,1e-05
frozen_v3_preflight,Movies,43,terminal,execution_code_visual_step0,True,1.430511474609375e-06,True,1e-05,1e-05
frozen_v3_preflight,Movies,43,terminal,execution_code_visual_step1,True,1.430511474609375e-06,True,1e-05,1e-05
frozen_v3_preflight,Movies,43,terminal,delta_execution_code_text_step0,True,4.470348358154297e-08,True,1e-05,1e-05
frozen_v3_preflight,Movies,43,terminal,delta_execution_code_text_step1,True,5.21540641784668e-08,True,1e-05,1e-05
frozen_v3_preflight,Movies,43,terminal,delta_execution_code_visual_step0,True,1.1920928955078125e-07,True,1e-05,1e-05
frozen_v3_preflight,Movies,43,terminal,delta_execution_code_visual_step1,True,1.4901161193847656e-07,True,1e-05,1e-05
frozen_v3_preflight,Movies,43,terminal,delta_message_text_step0,True,5.21540641784668e-08,True,1e-05,1e-05
frozen_v3_preflight,Movies,43,terminal,delta_message_text_step1,True,8.940696716308594e-08,True,1e-05,1e-05
frozen_v3_preflight,Movies,43,terminal,delta_message_visual_step0,True,8.940696716308594e-08,True,1e-05,1e-05
frozen_v3_preflight,Movies,43,terminal,delta_message_visual_step1,True,1.7881393432617188e-07,True,1e-05,1e-05
frozen_v3_preflight,Movies,44,terminal,H0_text,True,0.0,True,1e-05,1e-05
frozen_v3_preflight,Movies,44,terminal,H0_visual,True,0.0,True,1e-05,1e-05
frozen_v3_preflight,Movies,44,terminal,H1_text,True,9.5367431640625e-07,True,1e-05,1e-05
frozen_v3_preflight,Movies,44,terminal,H1_visual,True,1.430511474609375e-06,True,1e-05,1e-05
frozen_v3_preflight,Movies,44,terminal,H2_text,True,1.430511474609375e-06,True,1e-05,1e-05
frozen_v3_preflight,Movies,44,terminal,H2_visual,True,1.430511474609375e-06,True,1e-05,1e-05
frozen_v3_preflight,Movies,44,terminal,relation_text,True,7.152557373046875e-07,True,1e-05,1e-05
frozen_v3_preflight,Movies,44,terminal,relation_visual,True,9.5367431640625e-07,True,1e-05,1e-05
frozen_v3_preflight,Movies,44,terminal,relation_memory,True,9.5367431640625e-07,True,1e-05,1e-05
frozen_v3_preflight,Movies,44,terminal,base_relation_text,True,1.8775463104248047e-06,True,1e-05,1e-05
frozen_v3_preflight,Movies,44,terminal,base_relation_visual,True,1.6689300537109375e-06,True,1e-05,1e-05
frozen_v3_preflight,Movies,44,terminal,modulation_text_step0,True,9.5367431640625e-07,True,1e-05,1e-05
frozen_v3_preflight,Movies,44,terminal,modulation_text_step1,True,1.043081283569336e-06,True,1e-05,1e-05
frozen_v3_preflight,Movies,44,terminal,modulation_visual_step0,True,8.493661880493164e-07,True,1e-05,1e-05
frozen_v3_preflight,Movies,44,terminal,modulation_visual_step1,True,8.493661880493164e-07,True,1e-05,1e-05
frozen_v3_preflight,Movies,44,terminal,execution_code_text_step0,True,1.8775463104248047e-06,True,1e-05,1e-05
frozen_v3_preflight,Movies,44,terminal,execution_code_text_step1,True,1.9073486328125e-06,True,1e-05,1e-05
frozen_v3_preflight,Movies,44,terminal,execution_code_visual_step0,True,1.6689300537109375e-06,True,1e-05,1e-05
frozen_v3_preflight,Movies,44,terminal,execution_code_visual_step1,True,1.6689300537109375e-06,True,1e-05,1e-05
frozen_v3_preflight,Movies,44,terminal,delta_execution_code_text_step0,True,6.239861249923706e-08,True,1e-05,1e-05
frozen_v3_preflight,Movies,44,terminal,delta_execution_code_text_step1,True,8.940696716308594e-08,True,1e-05,1e-05
frozen_v3_preflight,Movies,44,terminal,delta_execution_code_visual_step0,True,1.043081283569336e-07,True,1e-05,1e-05
frozen_v3_preflight,Movies,44,terminal,delta_execution_code_visual_step1,True,1.4901161193847656e-07,True,1e-05,1e-05
frozen_v3_preflight,Movies,44,terminal,delta_message_text_step0,True,1.6391277313232422e-07,True,1e-05,1e-05
frozen_v3_preflight,Movies,44,terminal,delta_message_text_step1,True,2.7567148208618164e-07,True,1e-05,1e-05
frozen_v3_preflight,Movies,44,terminal,delta_message_visual_step0,True,1.1920928955078125e-07,True,1e-05,1e-05
frozen_v3_preflight,Movies,44,terminal,delta_message_visual_step1,True,3.5762786865234375e-07,True,1e-05,1e-05
frozen_v3_preflight,Grocery,42,terminal,H0_text,True,0.0,True,1e-05,1e-05
frozen_v3_preflight,Grocery,42,terminal,H0_visual,True,0.0,True,1e-05,1e-05
frozen_v3_preflight,Grocery,42,terminal,H1_text,True,1.1920928955078125e-06,True,1e-05,1e-05
frozen_v3_preflight,Grocery,42,terminal,H1_visual,True,1.430511474609375e-06,True,1e-05,1e-05
frozen_v3_preflight,Grocery,42,terminal,H2_text,True,1.430511474609375e-06,True,1e-05,1e-05
frozen_v3_preflight,Grocery,42,terminal,H2_visual,True,1.430511474609375e-06,True,1e-05,1e-05
frozen_v3_preflight,Grocery,42,terminal,relation_text,True,9.5367431640625e-07,True,1e-05,1e-05
frozen_v3_preflight,Grocery,42,terminal,relation_visual,True,9.5367431640625e-07,True,1e-05,1e-05
frozen_v3_preflight,Grocery,42,terminal,relation_memory,True,9.5367431640625e-07,True,1e-05,1e-05
frozen_v3_preflight,Grocery,42,terminal,base_relation_text,True,1.6689300537109375e-06,True,1e-05,1e-05
frozen_v3_preflight,Grocery,42,terminal,base_relation_visual,True,1.430511474609375e-06,True,1e-05,1e-05
frozen_v3_preflight,Grocery,42,terminal,modulation_text_step0,True,9.5367431640625e-07,True,1e-05,1e-05
frozen_v3_preflight,Grocery,42,terminal,modulation_text_step1,True,1.0356307029724121e-06,True,1e-05,1e-05
frozen_v3_preflight,Grocery,42,terminal,modulation_visual_step0,True,9.834766387939453e-07,True,1e-05,1e-05
frozen_v3_preflight,Grocery,42,terminal,modulation_visual_step1,True,1.0132789611816406e-06,True,1e-05,1e-05
frozen_v3_preflight,Grocery,42,terminal,execution_code_text_step0,True,1.6689300537109375e-06,True,1e-05,1e-05
frozen_v3_preflight,Grocery,42,terminal,execution_code_text_step1,True,1.6689300537109375e-06,True,1e-05,1e-05
frozen_v3_preflight,Grocery,42,terminal,execution_code_visual_step0,True,1.430511474609375e-06,True,1e-05,1e-05
frozen_v3_preflight,Grocery,42,terminal,execution_code_visual_step1,True,1.430511474609375e-06,True,1e-05,1e-05
frozen_v3_preflight,Grocery,42,terminal,delta_execution_code_text_step0,True,2.384185791015625e-07,True,1e-05,1e-05
frozen_v3_preflight,Grocery,42,terminal,delta_execution_code_text_step1,True,3.5762786865234375e-07,True,1e-05,1e-05
frozen_v3_preflight,Grocery,42,terminal,delta_execution_code_visual_step0,True,2.384185791015625e-07,True,1e-05,1e-05
frozen_v3_preflight,Grocery,42,terminal,delta_execution_code_visual_step1,True,3.5762786865234375e-07,True,1e-05,1e-05
frozen_v3_preflight,Grocery,42,terminal,delta_message_text_step0,True,3.5762786865234375e-07,True,1e-05,1e-05
frozen_v3_preflight,Grocery,42,terminal,delta_message_text_step1,True,8.344650268554688e-07,True,1e-05,1e-05
frozen_v3_preflight,Grocery,42,terminal,delta_message_visual_step0,True,4.76837158203125e-07,True,1e-05,1e-05
frozen_v3_preflight,Grocery,42,terminal,delta_message_visual_step1,True,1.9073486328125e-06,True,1e-05,1e-05
frozen_v3_preflight,Grocery,43,terminal,H0_text,True,0.0,True,1e-05,1e-05
frozen_v3_preflight,Grocery,43,terminal,H0_visual,True,0.0,True,1e-05,1e-05
frozen_v3_preflight,Grocery,43,terminal,H1_text,True,1.1920928955078125e-06,True,1e-05,1e-05
frozen_v3_preflight,Grocery,43,terminal,H1_visual,True,1.1920928955078125e-06,True,1e-05,1e-05
frozen_v3_preflight,Grocery,43,terminal,H2_text,True,1.430511474609375e-06,True,1e-05,1e-05
frozen_v3_preflight,Grocery,43,terminal,H2_visual,True,1.430511474609375e-06,True,1e-05,1e-05
frozen_v3_preflight,Grocery,43,terminal,relation_text,True,9.5367431640625e-07,True,1e-05,1e-05
frozen_v3_preflight,Grocery,43,terminal,relation_visual,True,9.5367431640625e-07,True,1e-05,1e-05
frozen_v3_preflight,Grocery,43,terminal,relation_memory,True,9.5367431640625e-07,True,1e-05,1e-05
frozen_v3_preflight,Grocery,43,terminal,base_relation_text,True,1.6689300537109375e-06,True,1e-05,1e-05
frozen_v3_preflight,Grocery,43,terminal,base_relation_visual,True,1.430511474609375e-06,True,1e-05,1e-05
frozen_v3_preflight,Grocery,43,terminal,modulation_text_step0,True,1.1622905731201172e-06,True,1e-05,1e-05
frozen_v3_preflight,Grocery,43,terminal,modulation_text_step1,True,1.1026859283447266e-06,True,1e-05,1e-05
frozen_v3_preflight,Grocery,43,terminal,modulation_visual_step0,True,1.2330710887908936e-06,True,1e-05,1e-05
frozen_v3_preflight,Grocery,43,terminal,modulation_visual_step1,True,1.1906959116458893e-06,True,1e-05,1e-05
frozen_v3_preflight,Grocery,43,terminal,execution_code_text_step0,True,1.7881393432617188e-06,True,1e-05,1e-05
frozen_v3_preflight,Grocery,43,terminal,execution_code_text_step1,True,1.7881393432617188e-06,True,1e-05,1e-05
frozen_v3_preflight,Grocery,43,terminal,execution_code_visual_step0,True,1.430511474609375e-06,True,1e-05,1e-05
frozen_v3_preflight,Grocery,43,terminal,execution_code_visual_step1,True,1.430511474609375e-06,True,1e-05,1e-05
frozen_v3_preflight,Grocery,43,terminal,delta_execution_code_text_step0,True,1.4901161193847656e-07,True,1e-05,1e-05
frozen_v3_preflight,Grocery,43,terminal,delta_execution_code_text_step1,True,2.086162567138672e-07,True,1e-05,1e-05
frozen_v3_preflight,Grocery,43,terminal,delta_execution_code_visual_step0,True,1.7881393432617188e-07,True,1e-05,1e-05
frozen_v3_preflight,Grocery,43,terminal,delta_execution_code_visual_step1,True,2.682209014892578e-07,True,1e-05,1e-05
frozen_v3_preflight,Grocery,43,terminal,delta_message_text_step0,True,6.854534149169922e-07,True,1e-05,1e-05
frozen_v3_preflight,Grocery,43,terminal,delta_message_text_step1,True,1.3113021850585938e-06,True,1e-05,1e-05
frozen_v3_preflight,Grocery,43,terminal,delta_message_visual_step0,True,3.0174851417541504e-07,True,1e-05,1e-05
frozen_v3_preflight,Grocery,43,terminal,delta_message_visual_step1,True,9.5367431640625e-07,True,1e-05,1e-05
frozen_v3_preflight,Grocery,44,terminal,H0_text,True,0.0,True,1e-05,1e-05
frozen_v3_preflight,Grocery,44,terminal,H0_visual,True,0.0,True,1e-05,1e-05
frozen_v3_preflight,Grocery,44,terminal,H1_text,True,1.1920928955078125e-06,True,1e-05,1e-05
frozen_v3_preflight,Grocery,44,terminal,H1_visual,True,1.430511474609375e-06,True,1e-05,1e-05
frozen_v3_preflight,Grocery,44,terminal,H2_text,True,1.430511474609375e-06,True,1e-05,1e-05
frozen_v3_preflight,Grocery,44,terminal,H2_visual,True,1.430511474609375e-06,True,1e-05,1e-05
frozen_v3_preflight,Grocery,44,terminal,relation_text,True,9.5367431640625e-07,True,1e-05,1e-05
frozen_v3_preflight,Grocery,44,terminal,relation_visual,True,7.152557373046875e-07,True,1e-05,1e-05
frozen_v3_preflight,Grocery,44,terminal,relation_memory,True,9.5367431640625e-07,True,1e-05,1e-05
frozen_v3_preflight,Grocery,44,terminal,base_relation_text,True,1.430511474609375e-06,True,1e-05,1e-05
frozen_v3_preflight,Grocery,44,terminal,base_relation_visual,True,1.5497207641601562e-06,True,1e-05,1e-05
frozen_v3_preflight,Grocery,44,terminal,modulation_text_step0,True,9.5367431640625e-07,True,1e-05,1e-05
frozen_v3_preflight,Grocery,44,terminal,modulation_text_step1,True,8.791685104370117e-07,True,1e-05,1e-05
frozen_v3_preflight,Grocery,44,terminal,modulation_visual_step0,True,9.424984455108643e-07,True,1e-05,1e-05
frozen_v3_preflight,Grocery,44,terminal,modulation_visual_step1,True,8.698552846908569e-07,True,1e-05,1e-05
frozen_v3_preflight,Grocery,44,terminal,execution_code_text_step0,True,1.430511474609375e-06,True,1e-05,1e-05
frozen_v3_preflight,Grocery,44,terminal,execution_code_text_step1,True,1.430511474609375e-06,True,1e-05,1e-05
frozen_v3_preflight,Grocery,44,terminal,execution_code_visual_step0,True,1.6689300537109375e-06,True,1e-05,1e-05
frozen_v3_preflight,Grocery,44,terminal,execution_code_visual_step1,True,1.6689300537109375e-06,True,1e-05,1e-05
frozen_v3_preflight,Grocery,44,terminal,delta_execution_code_text_step0,True,2.384185791015625e-07,True,1e-05,1e-05
frozen_v3_preflight,Grocery,44,terminal,delta_execution_code_text_step1,True,2.980232238769531e-07,True,1e-05,1e-05
frozen_v3_preflight,Grocery,44,terminal,delta_execution_code_visual_step0,True,1.7881393432617188e-07,True,1e-05,1e-05
frozen_v3_preflight,Grocery,44,terminal,delta_execution_code_visual_step1,True,2.384185791015625e-07,True,1e-05,1e-05
frozen_v3_preflight,Grocery,44,terminal,delta_message_text_step0,True,3.2782554626464844e-07,True,1e-05,1e-05
frozen_v3_preflight,Grocery,44,terminal,delta_message_text_step1,True,7.152557373046875e-07,True,1e-05,1e-05
frozen_v3_preflight,Grocery,44,terminal,delta_message_visual_step0,True,3.5762786865234375e-07,True,1e-05,1e-05
frozen_v3_preflight,Grocery,44,terminal,delta_message_visual_step1,True,9.5367431640625e-07,True,1e-05,1e-05
frozen_v3_preflight,Reddit-S,42,terminal,H0_text,True,0.0,True,1e-05,1e-05
frozen_v3_preflight,Reddit-S,42,terminal,H0_visual,True,0.0,True,1e-05,1e-05
frozen_v3_preflight,Reddit-S,42,terminal,H1_text,True,9.5367431640625e-07,True,1e-05,1e-05
frozen_v3_preflight,Reddit-S,42,terminal,H1_visual,True,1.1920928955078125e-06,True,1e-05,1e-05
frozen_v3_preflight,Reddit-S,42,terminal,H2_text,True,1.1920928955078125e-06,True,1e-05,1e-05
frozen_v3_preflight,Reddit-S,42,terminal,H2_visual,True,1.9073486328125e-06,True,1e-05,1e-05
frozen_v3_preflight,Reddit-S,42,terminal,relation_text,True,9.5367431640625e-07,True,1e-05,1e-05
frozen_v3_preflight,Reddit-S,42,terminal,relation_visual,True,9.5367431640625e-07,True,1e-05,1e-05
frozen_v3_preflight,Reddit-S,42,terminal,relation_memory,True,9.5367431640625e-07,True,1e-05,1e-05
frozen_v3_preflight,Reddit-S,42,terminal,base_relation_text,True,1.1920928955078125e-06,True,1e-05,1e-05
frozen_v3_preflight,Reddit-S,42,terminal,base_relation_visual,True,1.430511474609375e-06,True,1e-05,1e-05
frozen_v3_preflight,Reddit-S,42,terminal,modulation_text_step0,True,9.08970832824707e-07,True,1e-05,1e-05
frozen_v3_preflight,Reddit-S,42,terminal,modulation_text_step1,True,7.7858567237854e-07,True,1e-05,1e-05
frozen_v3_preflight,Reddit-S,42,terminal,modulation_visual_step0,True,9.834766387939453e-07,True,1e-05,1e-05
frozen_v3_preflight,Reddit-S,42,terminal,modulation_visual_step1,True,1.0728836059570312e-06,True,1e-05,1e-05
frozen_v3_preflight,Reddit-S,42,terminal,execution_code_text_step0,True,1.430511474609375e-06,True,1e-05,1e-05
frozen_v3_preflight,Reddit-S,42,terminal,execution_code_text_step1,True,1.430511474609375e-06,True,1e-05,1e-05
frozen_v3_preflight,Reddit-S,42,terminal,execution_code_visual_step0,True,1.5497207641601562e-06,True,1e-05,1e-05
frozen_v3_preflight,Reddit-S,42,terminal,execution_code_visual_step1,True,1.4901161193847656e-06,True,1e-05,1e-05
frozen_v3_preflight,Reddit-S,42,terminal,delta_execution_code_text_step0,True,1.043081283569336e-07,True,1e-05,1e-05
frozen_v3_preflight,Reddit-S,42,terminal,delta_execution_code_text_step1,True,1.4901161193847656e-07,True,1e-05,1e-05
frozen_v3_preflight,Reddit-S,42,terminal,delta_execution_code_visual_step0,True,1.4901161193847656e-07,True,1e-05,1e-05
frozen_v3_preflight,Reddit-S,42,terminal,delta_execution_code_visual_step1,True,2.086162567138672e-07,True,1e-05,1e-05
frozen_v3_preflight,Reddit-S,42,terminal,delta_message_text_step0,True,5.960464477539062e-07,True,1e-05,1e-05
frozen_v3_preflight,Reddit-S,42,terminal,delta_message_text_step1,True,1.6689300537109375e-06,True,1e-05,1e-05
frozen_v3_preflight,Reddit-S,42,terminal,delta_message_visual_step0,True,3.5762786865234375e-07,True,1e-05,1e-05
frozen_v3_preflight,Reddit-S,42,terminal,delta_message_visual_step1,True,7.152557373046875e-07,True,1e-05,1e-05
frozen_v3_preflight,Reddit-S,43,terminal,H0_text,True,0.0,True,1e-05,1e-05
frozen_v3_preflight,Reddit-S,43,terminal,H0_visual,True,0.0,True,1e-05,1e-05
frozen_v3_preflight,Reddit-S,43,terminal,H1_text,True,1.9073486328125e-06,True,1e-05,1e-05
frozen_v3_preflight,Reddit-S,43,terminal,H1_visual,True,1.430511474609375e-06,True,1e-05,1e-05
frozen_v3_preflight,Reddit-S,43,terminal,H2_text,True,1.430511474609375e-06,True,1e-05,1e-05
frozen_v3_preflight,Reddit-S,43,terminal,H2_visual,True,1.430511474609375e-06,True,1e-05,1e-05
frozen_v3_preflight,Reddit-S,43,terminal,relation_text,True,9.5367431640625e-07,True,1e-05,1e-05
frozen_v3_preflight,Reddit-S,43,terminal,relation_visual,True,9.5367431640625e-07,True,1e-05,1e-05
frozen_v3_preflight,Reddit-S,43,terminal,relation_memory,True,9.5367431640625e-07,True,1e-05,1e-05
frozen_v3_preflight,Reddit-S,43,terminal,base_relation_text,True,1.1920928955078125e-06,True,1e-05,1e-05
frozen_v3_preflight,Reddit-S,43,terminal,base_relation_visual,True,1.6689300537109375e-06,True,1e-05,1e-05
frozen_v3_preflight,Reddit-S,43,terminal,modulation_text_step0,True,9.5367431640625e-07,True,1e-05,1e-05
frozen_v3_preflight,Reddit-S,43,terminal,modulation_text_step1,True,1.1622905731201172e-06,True,1e-05,1e-05
frozen_v3_preflight,Reddit-S,43,terminal,modulation_visual_step0,True,1.2814998626708984e-06,True,1e-05,1e-05
frozen_v3_preflight,Reddit-S,43,terminal,modulation_visual_step1,True,1.3709068298339844e-06,True,1e-05,1e-05
frozen_v3_preflight,Reddit-S,43,terminal,execution_code_text_step0,True,1.430511474609375e-06,True,1e-05,1e-05
frozen_v3_preflight,Reddit-S,43,terminal,execution_code_text_step1,True,1.430511474609375e-06,True,1e-05,1e-05
frozen_v3_preflight,Reddit-S,43,terminal,execution_code_visual_step0,True,1.7881393432617188e-06,True,1e-05,1e-05
frozen_v3_preflight,Reddit-S,43,terminal,execution_code_visual_step1,True,1.6689300537109375e-06,True,1e-05,1e-05
frozen_v3_preflight,Reddit-S,43,terminal,delta_execution_code_text_step0,True,2.384185791015625e-07,True,1e-05,1e-05
frozen_v3_preflight,Reddit-S,43,terminal,delta_execution_code_text_step1,True,2.60770320892334e-07,True,1e-05,1e-05
frozen_v3_preflight,Reddit-S,43,terminal,delta_execution_code_visual_step0,True,2.905726432800293e-07,True,1e-05,1e-05
frozen_v3_preflight,Reddit-S,43,terminal,delta_execution_code_visual_step1,True,3.129243850708008e-07,True,1e-05,1e-05
frozen_v3_preflight,Reddit-S,43,terminal,delta_message_text_step0,True,7.450580596923828e-07,True,1e-05,1e-05
frozen_v3_preflight,Reddit-S,43,terminal,delta_message_text_step1,True,1.6689300537109375e-06,True,1e-05,1e-05
frozen_v3_preflight,Reddit-S,43,terminal,delta_message_visual_step0,True,6.556510925292969e-07,True,1e-05,1e-05
frozen_v3_preflight,Reddit-S,43,terminal,delta_message_visual_step1,True,9.5367431640625e-07,True,1e-05,1e-05
frozen_v3_preflight,Reddit-S,44,terminal,H0_text,True,0.0,True,1e-05,1e-05
frozen_v3_preflight,Reddit-S,44,terminal,H0_visual,True,0.0,True,1e-05,1e-05
frozen_v3_preflight,Reddit-S,44,terminal,H1_text,True,1.430511474609375e-06,True,1e-05,1e-05
frozen_v3_preflight,Reddit-S,44,terminal,H1_visual,True,1.1920928955078125e-06,True,1e-05,1e-05
frozen_v3_preflight,Reddit-S,44,terminal,H2_text,True,1.430511474609375e-06,True,1e-05,1e-05
frozen_v3_preflight,Reddit-S,44,terminal,H2_visual,True,1.430511474609375e-06,True,1e-05,1e-05
frozen_v3_preflight,Reddit-S,44,terminal,relation_text,True,9.5367431640625e-07,True,1e-05,1e-05
frozen_v3_preflight,Reddit-S,44,terminal,relation_visual,True,1.1920928955078125e-06,True,1e-05,1e-05
frozen_v3_preflight,Reddit-S,44,terminal,relation_memory,True,1.1920928955078125e-06,True,1e-05,1e-05
frozen_v3_preflight,Reddit-S,44,terminal,base_relation_text,True,1.6689300537109375e-06,True,1e-05,1e-05
frozen_v3_preflight,Reddit-S,44,terminal,base_relation_visual,True,1.430511474609375e-06,True,1e-05,1e-05
frozen_v3_preflight,Reddit-S,44,terminal,modulation_text_step0,True,1.0952353477478027e-06,True,1e-05,1e-05
frozen_v3_preflight,Reddit-S,44,terminal,modulation_text_step1,True,1.2898817658424377e-06,True,1e-05,1e-05
frozen_v3_preflight,Reddit-S,44,terminal,modulation_visual_step0,True,1.0356307029724121e-06,True,1e-05,1e-05
frozen_v3_preflight,Reddit-S,44,terminal,modulation_visual_step1,True,1.0132789611816406e-06,True,1e-05,1e-05
frozen_v3_preflight,Reddit-S,44,terminal,execution_code_text_step0,True,1.6689300537109375e-06,True,1e-05,1e-05
frozen_v3_preflight,Reddit-S,44,terminal,execution_code_text_step1,True,1.430511474609375e-06,True,1e-05,1e-05
frozen_v3_preflight,Reddit-S,44,terminal,execution_code_visual_step0,True,1.430511474609375e-06,True,1e-05,1e-05
frozen_v3_preflight,Reddit-S,44,terminal,execution_code_visual_step1,True,1.430511474609375e-06,True,1e-05,1e-05
frozen_v3_preflight,Reddit-S,44,terminal,delta_execution_code_text_step0,True,1.4901161193847656e-07,True,1e-05,1e-05
frozen_v3_preflight,Reddit-S,44,terminal,delta_execution_code_text_step1,True,2.086162567138672e-07,True,1e-05,1e-05
frozen_v3_preflight,Reddit-S,44,terminal,delta_execution_code_visual_step0,True,1.4901161193847656e-07,True,1e-05,1e-05
frozen_v3_preflight,Reddit-S,44,terminal,delta_execution_code_visual_step1,True,2.086162567138672e-07,True,1e-05,1e-05
frozen_v3_preflight,Reddit-S,44,terminal,delta_message_text_step0,True,5.364418029785156e-07,True,1e-05,1e-05
frozen_v3_preflight,Reddit-S,44,terminal,delta_message_text_step1,True,1.430511474609375e-06,True,1e-05,1e-05
frozen_v3_preflight,Reddit-S,44,terminal,delta_message_visual_step0,True,2.086162567138672e-07,True,1e-05,1e-05
frozen_v3_preflight,Reddit-S,44,terminal,delta_message_visual_step1,True,5.960464477539062e-07,True,1e-05,1e-05
