stage,measure,variant,mean,sd,n
stage1,directed_reverse_1_minus_cosine_text,prior_delta_gate,0.17929663923051622,0.08262483221537942,9
stage1,directed_reverse_1_minus_cosine_text,prior_update_add,0.2169515308406618,0.08289327703362223,9
stage1,directed_reverse_1_minus_cosine_text,prior_update_gate,0.2191137025753657,0.09368132644481132,9
stage1,directed_reverse_1_minus_cosine_text,terminal,0.15491490562756857,0.07490078850650268,9
stage1,directed_reverse_1_minus_cosine_visual,prior_delta_gate,0.27795960298842853,0.16356394201166294,9
stage1,directed_reverse_1_minus_cosine_visual,prior_update_add,0.2974116744266616,0.16602185711975917,9
stage1,directed_reverse_1_minus_cosine_visual,prior_update_gate,0.3040061555802822,0.18907948062595775,9
stage1,directed_reverse_1_minus_cosine_visual,terminal,0.23297828684250513,0.1280870031853119,9
stage1,modality_relation_1_minus_cosine_mean,prior_delta_gate,0.9224931663937039,0.09357172724043249,9
stage1,modality_relation_1_minus_cosine_mean,prior_update_add,0.9355785648028055,0.09004352143940084,9
stage1,modality_relation_1_minus_cosine_mean,prior_update_gate,0.9116431607140435,0.07086840075135405,9
stage1,modality_relation_1_minus_cosine_mean,terminal,0.8774719701872932,0.15554132349124383,9
stage1,relation_feature_variance_text,prior_delta_gate,0.5696577876806259,0.22597079450418264,9
stage1,relation_feature_variance_text,prior_update_add,0.6196273399723901,0.18842497108871303,9
stage1,relation_feature_variance_text,prior_update_gate,0.634186327457428,0.16128506769047452,9
stage1,relation_feature_variance_text,terminal,0.5477155297994614,0.23938613688493615,9
stage1,relation_feature_variance_visual,prior_delta_gate,0.8456077112091912,0.13725653295325418,9
stage1,relation_feature_variance_visual,prior_update_add,0.8998855815993415,0.06069305659181244,9
stage1,relation_feature_variance_visual,prior_update_gate,0.8731471829944186,0.08464655452335795,9
stage1,relation_feature_variance_visual,terminal,0.8287000788582696,0.05631176319439663,9
stage2,execution_code_feature_variance_text_step0,prior_delta_gate,0.8169034322102865,0.2060265861300574,9
stage2,execution_code_feature_variance_text_step0,prior_update_add,0.939136823018392,0.07127383125668274,9
stage2,execution_code_feature_variance_text_step0,prior_update_gate,0.8640618125597636,0.12950277107360436,9
stage2,execution_code_feature_variance_text_step0,terminal,0.8499870234065585,0.19908640013517281,9
stage2,execution_code_feature_variance_text_step1,prior_delta_gate,0.820739722914166,0.2080492490338878,9
stage2,execution_code_feature_variance_text_step1,prior_update_add,0.9514307247267829,0.0676437475163886,9
stage2,execution_code_feature_variance_text_step1,prior_update_gate,0.8751458923021952,0.1251193301878365,9
stage2,execution_code_feature_variance_text_step1,terminal,0.8871813151571486,0.21086215366907438,9
stage2,execution_code_feature_variance_visual_step0,prior_delta_gate,0.8830611440870497,0.10572450152136098,9
stage2,execution_code_feature_variance_visual_step0,prior_update_add,0.936199320687188,0.0794498516583941,9
stage2,execution_code_feature_variance_visual_step0,prior_update_gate,0.9158469372325473,0.0841052590528108,9
stage2,execution_code_feature_variance_visual_step0,terminal,0.9409758382373385,0.07634722043582985,9
stage2,execution_code_feature_variance_visual_step1,prior_delta_gate,0.8867736988597446,0.1092827281778871,9
stage2,execution_code_feature_variance_visual_step1,prior_update_add,0.9367493589719137,0.08185225551790785,9
stage2,execution_code_feature_variance_visual_step1,prior_update_gate,0.9202286534839206,0.08708056144029389,9
stage2,execution_code_feature_variance_visual_step1,terminal,0.9234539998902215,0.08333998930359601,9
stage2,modulation_feature_variance_text_step0,prior_delta_gate,0.3591456247700585,0.10445158540431522,9
stage2,modulation_feature_variance_text_step0,prior_update_add,0.39311540126800537,0.06945796456904565,9
stage2,modulation_feature_variance_text_step0,prior_update_gate,0.3699469334549374,0.05389103952653051,9
stage2,modulation_feature_variance_text_step0,terminal,0.42261165877183277,0.13952628610966097,9
stage2,modulation_feature_variance_text_step1,prior_delta_gate,0.3594774471388923,0.10418446289358156,9
stage2,modulation_feature_variance_text_step1,prior_update_add,0.39625558919376797,0.0685449303816609,9
stage2,modulation_feature_variance_text_step1,prior_update_gate,0.3723105953799354,0.05198463712992715,9
stage2,modulation_feature_variance_text_step1,terminal,0.43068643742137486,0.14090733216209403,9
stage2,modulation_feature_variance_visual_step0,prior_delta_gate,0.39283034536573624,0.06094349302096241,9
stage2,modulation_feature_variance_visual_step0,prior_update_add,0.42101892166667515,0.04511198983285908,9
stage2,modulation_feature_variance_visual_step0,prior_update_gate,0.41490275661150616,0.047801017141523204,9
stage2,modulation_feature_variance_visual_step0,terminal,0.48891417847739327,0.06804359820307529,9
stage2,modulation_feature_variance_visual_step1,prior_delta_gate,0.39281302359369064,0.06121770727863813,9
stage2,modulation_feature_variance_visual_step1,prior_update_add,0.4201420711146461,0.04565277745943583,9
stage2,modulation_feature_variance_visual_step1,prior_update_gate,0.41513049271371627,0.047978086411841134,9
stage2,modulation_feature_variance_visual_step1,terminal,0.4829313854376475,0.06646907058483742,9
stage2,operator_deviation_ratio_text_step0,prior_delta_gate,0.25932575431134963,0.1293496616404717,9
stage2,operator_deviation_ratio_text_step0,prior_update_add,0.2133857806523641,0.09529228544712799,9
stage2,operator_deviation_ratio_text_step0,prior_update_gate,0.23110803051127327,0.12566520497637754,9
stage2,operator_deviation_ratio_text_step0,terminal,0.3959466384516822,0.20062187953555355,9
stage2,operator_deviation_ratio_text_step1,prior_delta_gate,0.21175781016548476,0.08076118708570493,9
stage2,operator_deviation_ratio_text_step1,prior_update_add,0.21404889764057267,0.08553291515087268,9
stage2,operator_deviation_ratio_text_step1,prior_update_gate,0.22055503477652869,0.09182775162814297,9
stage2,operator_deviation_ratio_text_step1,terminal,0.4545779873927434,0.25686520854841255,9
stage2,operator_deviation_ratio_visual_step0,prior_delta_gate,0.1618697378370497,0.08308518117588641,9
stage2,operator_deviation_ratio_visual_step0,prior_update_add,0.14436661286486518,0.0708393220499942,9
stage2,operator_deviation_ratio_visual_step0,prior_update_gate,0.1488537701467673,0.05764686839285994,9
stage2,operator_deviation_ratio_visual_step0,terminal,0.2346040341589186,0.11214423607465109,9
stage2,operator_deviation_ratio_visual_step1,prior_delta_gate,0.18153218924999237,0.10253150581255205,9
stage2,operator_deviation_ratio_visual_step1,prior_update_add,0.1474777931968371,0.07411078688973746,9
stage2,operator_deviation_ratio_visual_step1,prior_update_gate,0.15600153017375204,0.06137041977831598,9
stage2,operator_deviation_ratio_visual_step1,terminal,0.27136651426553726,0.1381824911254049,9
