dataset,seed,modality,step,update_norm_mean,update_feature_variance,update_node_variance,cos_U0_U1_mean,context_update_over_prior_mean,update_sum_norm_mean
Movies,42,text,0,1.376979112625122,0.00576177891343832,0.29046571254730225,,,
Movies,42,text,1,5.051337718963623,0.09099942445755005,4.87260627746582,,,
Movies,42,text,pair,,,,0.7454426288604736,1.1334742307662964,6.1925950050354
Movies,42,visual,0,1.6957415342330933,0.010042576119303703,0.1665174961090088,,,
Movies,42,visual,1,3.1934726238250732,0.037817761301994324,0.9019030928611755,,,
Movies,42,visual,pair,,,,0.8577731251716614,0.4582142233848572,4.7411885261535645
Movies,43,text,0,1.4577683210372925,0.005699681583791971,0.20378997921943665,,,
Movies,43,text,1,4.273559093475342,0.05999981611967087,2.0026071071624756,,,
Movies,43,text,pair,,,,0.7449707388877869,0.9832300543785095,5.474446773529053
Movies,43,visual,0,1.6135737895965576,0.009599605575203896,0.17235326766967773,,,
Movies,43,visual,1,3.051370143890381,0.03715052455663681,0.8900734782218933,,,
Movies,43,visual,pair,,,,0.8733619451522827,0.44468826055526733,4.540246963500977
Movies,44,text,0,1.2546707391738892,0.004732050001621246,0.15961326658725739,,,
Movies,44,text,1,4.210403919219971,0.0631503164768219,2.1462509632110596,,,
Movies,44,text,pair,,,,0.7394574880599976,0.9405174255371094,5.232403755187988
Movies,44,visual,0,1.6694586277008057,0.010099594481289387,0.19746704399585724,,,
Movies,44,visual,1,3.1716742515563965,0.03853236883878708,1.00434148311615,,,
Movies,44,visual,pair,,,,0.8522358536720276,0.46220827102661133,4.691054821014404
Grocery,42,text,0,2.3964195251464844,0.020305965095758438,0.3814964294433594,,,
Grocery,42,text,1,4.93085241317749,0.09423206001520157,1.9571912288665771,,,
Grocery,42,text,pair,,,,0.8656256794929504,0.7537928819656372,7.127691745758057
Grocery,42,visual,0,2.2041938304901123,0.019330885261297226,0.5935928225517273,,,
Grocery,42,visual,1,4.716718673706055,0.09092563390731812,3.1092405319213867,,,
Grocery,42,visual,pair,,,,0.9007866382598877,0.7027241587638855,6.790271282196045
Grocery,43,text,0,2.3482322692871094,0.018561769276857376,0.3611772656440735,,,
Grocery,43,text,1,4.675836086273193,0.08087926357984543,2.0027387142181396,,,
Grocery,43,text,pair,,,,0.8589559197425842,0.7228424549102783,6.819575786590576
Grocery,43,visual,0,2.3770229816436768,0.022110726684331894,0.6840267181396484,,,
Grocery,43,visual,1,5.185260772705078,0.11039315909147263,3.779306411743164,,,
Grocery,43,visual,pair,,,,0.9033253192901611,0.7733306884765625,7.425416469573975
Grocery,44,text,0,2.1661078929901123,0.0164063461124897,0.3805437982082367,,,
Grocery,44,text,1,5.026226043701172,0.09251566231250763,2.20454740524292,,,
Grocery,44,text,pair,,,,0.8748569488525391,0.7940974831581116,7.020462989807129
Grocery,44,visual,0,2.117856979370117,0.016544951125979424,0.4424036741256714,,,
Grocery,44,visual,1,4.291360378265381,0.07269025593996048,1.6329914331436157,,,
Grocery,44,visual,pair,,,,0.8832975625991821,0.6614832282066345,6.2632551193237305
Reddit-S,42,text,0,2.3633334636688232,0.01935684122145176,0.49207520484924316,,,
Reddit-S,42,text,1,7.825412273406982,0.2265980839729309,7.830011367797852,,,
Reddit-S,42,text,pair,,,,0.8464241623878479,1.5540375709533691,9.940155029296875
Reddit-S,42,visual,0,3.7569987773895264,0.05477439984679222,0.8734451532363892,,,
Reddit-S,42,visual,1,6.990470886230469,0.18679241836071014,2.259936809539795,,,
Reddit-S,42,visual,pair,,,,0.9383195638656616,1.0267704725265503,10.614734649658203
Reddit-S,43,text,0,2.497189521789551,0.022041592746973038,0.5211725234985352,,,
Reddit-S,43,text,1,7.8826518058776855,0.23860663175582886,7.20336389541626,,,
Reddit-S,43,text,pair,,,,0.8665972352027893,1.5379945039749146,10.143586158752441
Reddit-S,43,visual,0,3.99605393409729,0.06273607909679413,1.223900556564331,,,
Reddit-S,43,visual,1,7.571920394897461,0.21996358036994934,2.9119057655334473,,,
Reddit-S,43,visual,pair,,,,0.9287034273147583,1.1048647165298462,11.408958435058594
Reddit-S,44,text,0,2.2377896308898926,0.0173172764480114,0.48416197299957275,,,
Reddit-S,44,text,1,6.841132640838623,0.1759764850139618,4.504002094268799,,,
Reddit-S,44,text,pair,,,,0.8694139122962952,1.3345105648040771,8.87476921081543
Reddit-S,44,visual,0,4.136685371398926,0.0677863359451294,1.4616692066192627,,,
Reddit-S,44,visual,1,7.739086151123047,0.23093298077583313,2.8339850902557373,,,
Reddit-S,44,visual,pair,,,,0.9401555061340332,1.1492493152618408,11.734757423400879
