dataset,seed,variant,modality,interaction_step,rho_xi_mean,rho_xi_median,rho_xi_p10,rho_xi_p90,rho_xi_p95,rho_xi_n,latent_norm_mean,latent_feature_variance,latent_edge_variance,latent_fraction_near_zero,W_c_frobenius_norm,delta_xi_l2_mean,delta_xi_l2_median,delta_xi_l2_p10,delta_xi_l2_p90,delta_xi_l2_p95,delta_xi_l2_n
Movies,42,context_static,text,0,0.0,0.0,0.0,0.0,0.0,160802,0.0,0.0,0.0,1.0,0.0,0.0,0.0,0.0,0.0,0.0,160802
Movies,42,context_static,text,1,0.0,0.0,0.0,0.0,0.0,160802,0.0,0.0,0.0,1.0,0.0,0.0,0.0,0.0,0.0,0.0,160802
Movies,42,context_static,visual,0,0.0,0.0,0.0,0.0,0.0,160802,0.0,0.0,0.0,1.0,0.0,0.0,0.0,0.0,0.0,0.0,160802
Movies,42,context_static,visual,1,0.0,0.0,0.0,0.0,0.0,160802,0.0,0.0,0.0,1.0,0.0,0.0,0.0,0.0,0.0,0.0,160802
Movies,42,context_attn_dynamic,text,0,0.530230700969696,0.5207875967025757,0.2810312509536743,0.797734260559082,0.8849999308586121,160802,0.0,0.0,0.0,1.0,0.0,4.24163293838501,4.166136264801025,2.2481915950775146,6.381481647491455,7.079634666442871,160802
Movies,42,context_attn_dynamic,text,1,0.5346876978874207,0.5236203670501709,0.2897554934024811,0.8007318377494812,0.8869953155517578,160802,0.0,0.0,0.0,1.0,0.0,4.277287006378174,4.188817977905273,2.3179771900177,6.405440807342529,7.095492839813232,160802
Movies,42,context_attn_dynamic,visual,0,0.7310090065002441,0.7169188261032104,0.3974820673465729,1.079941987991333,1.195876121520996,160802,0.0,0.0,0.0,1.0,0.0,5.84758186340332,5.734827041625977,3.179778575897217,8.638425827026367,9.566173553466797,160802
Movies,42,context_attn_dynamic,visual,1,0.744937002658844,0.7301276326179504,0.40981361269950867,1.10024094581604,1.2187515497207642,160802,0.0,0.0,0.0,1.0,0.0,5.958996772766113,5.840551376342773,3.278341293334961,8.80115032196045,9.749155044555664,160802
Movies,42,context_bilinear_absolute,text,0,0.055729735642671585,0.04699179157614708,0.020234525203704834,0.105997733771801,0.12710021436214447,160802,1.5560804605484009,0.07468105852603912,0.07920100539922714,0.0,0.8122118711471558,0.44582515954971313,0.37591537833213806,0.16187074780464172,0.8479672074317932,1.016777515411377,160802
Movies,42,context_bilinear_absolute,text,1,0.06880713999271393,0.061066098511219025,0.024665752425789833,0.12325596809387207,0.1476161926984787,160802,1.9716660976409912,0.11939520388841629,0.1254042387008667,0.0,0.8122118711471558,0.5504413843154907,0.48851364850997925,0.19731295108795166,0.9860363006591797,1.1808969974517822,160802
Movies,42,context_bilinear_absolute,visual,0,0.11583704501390457,0.10068083554506302,0.032428596168756485,0.2256976068019867,0.258223295211792,160802,1.8053228855133057,0.09833398461341858,0.10701113194227219,0.0,1.238646388053894,0.9266673922538757,0.8054013848304749,0.2594182789325714,1.8055408000946045,2.0657238960266113,160802
Movies,42,context_bilinear_absolute,visual,1,0.14351269602775574,0.11631275713443756,0.04134951904416084,0.29337671399116516,0.3394611179828644,160802,2.3310418128967285,0.16176429390907288,0.1765844076871872,0.0,1.238646388053894,1.1480672359466553,0.9304542541503906,0.3307805359363556,2.3469581604003906,2.7156455516815186,160802
Movies,42,context_bilinear_delta,text,0,0.0,0.0,0.0,0.0,0.0,160802,0.0,0.0,0.0,1.0,0.5009408593177795,0.0,0.0,0.0,0.0,0.0,160802
Movies,42,context_bilinear_delta,text,1,0.03748146444559097,0.036513037979602814,0.016060663387179375,0.059654489159584045,0.06730028241872787,160802,1.3507781028747559,0.048544906079769135,0.05923798307776451,0.0,0.5009408593177795,0.29984357953071594,0.29209840297698975,0.12847939133644104,0.47722506523132324,0.5383933186531067,160802
Movies,42,context_bilinear_delta,visual,0,0.0,0.0,0.0,0.0,0.0,160802,0.0,0.0,0.0,1.0,0.7932755947113037,0.0,0.0,0.0,0.0,0.0,160802
Movies,42,context_bilinear_delta,visual,1,0.10432703793048859,0.106135293841362,0.04214520752429962,0.162864089012146,0.17823228240013123,160802,2.0595412254333496,0.12580442428588867,0.13667050004005432,0.0,0.7932755947113037,0.8345931768417358,0.8490625619888306,0.33715492486953735,1.3028935194015503,1.425824761390686,160802
Movies,43,context_static,text,0,0.0,0.0,0.0,0.0,0.0,160802,0.0,0.0,0.0,1.0,0.0,0.0,0.0,0.0,0.0,0.0,160802
Movies,43,context_static,text,1,0.0,0.0,0.0,0.0,0.0,160802,0.0,0.0,0.0,1.0,0.0,0.0,0.0,0.0,0.0,0.0,160802
Movies,43,context_static,visual,0,0.0,0.0,0.0,0.0,0.0,160802,0.0,0.0,0.0,1.0,0.0,0.0,0.0,0.0,0.0,0.0,160802
Movies,43,context_static,visual,1,0.0,0.0,0.0,0.0,0.0,160802,0.0,0.0,0.0,1.0,0.0,0.0,0.0,0.0,0.0,0.0,160802
Movies,43,context_attn_dynamic,text,0,0.5394519567489624,0.5313265323638916,0.2970408499240875,0.7941322922706604,0.8674689531326294,160802,0.0,0.0,0.0,1.0,0.0,4.315335750579834,4.250357627868652,2.3762073516845703,6.352454662322998,6.939154148101807,160802
Movies,43,context_attn_dynamic,text,1,0.5562125444412231,0.5460351705551147,0.32595911622047424,0.8058210015296936,0.8771334886550903,160802,0.0,0.0,0.0,1.0,0.0,4.449410438537598,4.368006706237793,2.607546806335449,6.445925235748291,7.016322135925293,160802
Movies,43,context_attn_dynamic,visual,0,0.7052868008613586,0.7111973762512207,0.3559091091156006,1.0416334867477417,1.1296136379241943,160802,0.0,0.0,0.0,1.0,0.0,5.641967296600342,5.689323902130127,2.847196102142334,8.332416534423828,9.036266326904297,160802
Movies,43,context_attn_dynamic,visual,1,0.693960964679718,0.6949949264526367,0.34967365860939026,1.0331755876541138,1.1217129230499268,160802,0.0,0.0,0.0,1.0,0.0,5.551365852355957,5.559666633605957,2.7973151206970215,8.264726638793945,8.973154067993164,160802
Movies,43,context_bilinear_absolute,text,0,0.022054074332118034,0.020245051011443138,0.010568743571639061,0.036530595272779465,0.041242584586143494,160802,1.2001146078109741,0.04000513255596161,0.04611269757151604,0.0,0.5240998864173889,0.17642462253570557,0.1619531512260437,0.08454567939043045,0.2922338545322418,0.329924076795578,160802
Movies,43,context_bilinear_absolute,text,1,0.03048461116850376,0.02814573049545288,0.015174255706369877,0.04970337823033333,0.05537723749876022,160802,1.6220505237579346,0.06964533030986786,0.08376142382621765,0.0,0.5240998864173889,0.2438659518957138,0.22515833377838135,0.12138907611370087,0.3976118862628937,0.44299447536468506,160802
Movies,43,context_bilinear_absolute,visual,0,0.06057051196694374,0.049216773360967636,0.02137099765241146,0.12025339901447296,0.14584313333034515,160802,1.5292129516601562,0.07297997921705246,0.07709643244743347,0.0,0.9009804129600525,0.4845523238182068,0.39372798800468445,0.170964777469635,0.9619945883750916,1.166700839996338,160802
Movies,43,context_bilinear_absolute,visual,1,0.06894100457429886,0.05446168780326843,0.0248038899153471,0.13663502037525177,0.16544896364212036,160802,1.9766508340835571,0.12230765074491501,0.1273384541273117,0.0,0.9009804129600525,0.5515145659446716,0.4356861710548401,0.19841879606246948,1.0930545330047607,1.3235266208648682,160802
Movies,43,context_bilinear_delta,text,0,0.0,0.0,0.0,0.0,0.0,160802,0.0,0.0,0.0,1.0,0.35978689789772034,0.0,0.0,0.0,0.0,0.0,160802
Movies,43,context_bilinear_delta,text,1,0.0185798779129982,0.01801268756389618,0.009550877846777439,0.028538310900330544,0.030737604945898056,160802,1.2480274438858032,0.03928563743829727,0.049370795488357544,0.0,0.35978689789772034,0.1486312448978424,0.14409437775611877,0.07640442252159119,0.2282904088497162,0.2458917200565338,160802
Movies,43,context_bilinear_delta,visual,0,0.0,0.0,0.0,0.0,0.0,160802,0.0,0.0,0.0,1.0,0.7249189019203186,0.0,0.0,0.0,0.0,0.0,160802
Movies,43,context_bilinear_delta,visual,1,0.17667824029922485,0.1946718990802765,0.07631605118513107,0.23693795502185822,0.24399931728839874,160802,2.726994276046753,0.14898647367954254,0.23873384296894073,0.0,0.7249189019203186,1.4133983850479126,1.557344675064087,0.6105068922042847,1.8954806327819824,1.9519643783569336,160802
Movies,44,context_static,text,0,0.0,0.0,0.0,0.0,0.0,160802,0.0,0.0,0.0,1.0,0.0,0.0,0.0,0.0,0.0,0.0,160802
Movies,44,context_static,text,1,0.0,0.0,0.0,0.0,0.0,160802,0.0,0.0,0.0,1.0,0.0,0.0,0.0,0.0,0.0,0.0,160802
Movies,44,context_static,visual,0,0.0,0.0,0.0,0.0,0.0,160802,0.0,0.0,0.0,1.0,0.0,0.0,0.0,0.0,0.0,0.0,160802
Movies,44,context_static,visual,1,0.0,0.0,0.0,0.0,0.0,160802,0.0,0.0,0.0,1.0,0.0,0.0,0.0,0.0,0.0,0.0,160802
Movies,44,context_attn_dynamic,text,0,0.6465350985527039,0.6568515300750732,0.3233848214149475,0.9448405504226685,1.015745997428894,160802,0.0,0.0,0.0,1.0,0.0,5.171925067901611,5.25447940826416,2.587012767791748,7.558109283447266,8.125147819519043,160802
Movies,44,context_attn_dynamic,text,1,0.6544780135154724,0.6649073362350464,0.33492475748062134,0.9478659629821777,1.0192794799804688,160802,0.0,0.0,0.0,1.0,0.0,5.235463619232178,5.31895637512207,2.6793482303619385,7.582150459289551,8.153331756591797,160802
Movies,44,context_attn_dynamic,visual,0,0.5160850882530212,0.5035914182662964,0.2439659833908081,0.7993149161338806,0.9015436768531799,160802,0.0,0.0,0.0,1.0,0.0,4.128421306610107,4.028533935546875,1.9516981840133667,6.393946647644043,7.211434841156006,160802
Movies,44,context_attn_dynamic,visual,1,0.5386777520179749,0.4964723587036133,0.2266647219657898,0.9094748497009277,1.0897972583770752,160802,0.0,0.0,0.0,1.0,0.0,4.309149265289307,3.9714784622192383,1.8132137060165405,7.275230884552002,8.71771240234375,160802
Movies,44,context_bilinear_absolute,text,0,0.035225994884967804,0.033032141625881195,0.01662725768983364,0.05717027187347412,0.06417830288410187,160802,1.398158073425293,0.06064944341778755,0.06288228183984756,0.0,0.6642635464668274,0.28179240226745605,0.26424357295036316,0.13300658762454987,0.45733511447906494,0.5134074687957764,160802
Movies,44,context_bilinear_absolute,text,1,0.04812757670879364,0.04547209292650223,0.023468470200896263,0.07681643962860107,0.08536737412214279,160802,1.926865577697754,0.11425462365150452,0.11889137327671051,0.0,0.6642635464668274,0.3849990665912628,0.3637534976005554,0.1877349615097046,0.6145040988922119,0.6829041242599487,160802
Movies,44,context_bilinear_absolute,visual,0,0.06037520244717598,0.05064622312784195,0.021184666082262993,0.1148701161146164,0.13383625447750092,160802,1.5078418254852295,0.06555385887622833,0.07374052703380585,0.0,1.0397075414657593,0.48298999667167664,0.4051594138145447,0.1694691926240921,0.9189333319664001,1.0706760883331299,160802
Movies,44,context_bilinear_absolute,visual,1,0.0846300795674324,0.07356074452400208,0.03170081600546837,0.15530258417129517,0.1789650321006775,160802,2.0799102783203125,0.12229079008102417,0.13857099413871765,0.0,1.0397075414657593,0.6770240664482117,0.5884659290313721,0.2535914480686188,1.2423957586288452,1.4316684007644653,160802
Movies,44,context_bilinear_delta,text,0,0.0,0.0,0.0,0.0,0.0,160802,0.0,0.0,0.0,1.0,0.45794084668159485,0.0,0.0,0.0,0.0,0.0,160802
Movies,44,context_bilinear_delta,text,1,0.05654405057430267,0.05982542037963867,0.02120477892458439,0.08646918088197708,0.09021275490522385,160802,1.83544921875,0.10137477517127991,0.10903982818126678,0.0,0.45794084668159485,0.4523286521434784,0.47857892513275146,0.16962523758411407,0.6917330026626587,0.721680223941803,160802
Movies,44,context_bilinear_delta,visual,0,0.0,0.0,0.0,0.0,0.0,160802,0.0,0.0,0.0,1.0,0.6759396195411682,0.0,0.0,0.0,0.0,0.0,160802
Movies,44,context_bilinear_delta,visual,1,0.08769884705543518,0.09482032060623169,0.037268683314323425,0.12199555337429047,0.12779802083969116,160802,1.8769460916519165,0.10629163682460785,0.11262363195419312,0.0,0.6759396195411682,0.7015746235847473,0.758537769317627,0.29813772439956665,0.9759527444839478,1.0223714113235474,160802
Grocery,42,context_static,text,0,0.0,0.0,0.0,0.0,0.0,142262,0.0,0.0,0.0,1.0,0.0,0.0,0.0,0.0,0.0,0.0,142262
Grocery,42,context_static,text,1,0.0,0.0,0.0,0.0,0.0,142262,0.0,0.0,0.0,1.0,0.0,0.0,0.0,0.0,0.0,0.0,142262
Grocery,42,context_static,visual,0,0.0,0.0,0.0,0.0,0.0,142262,0.0,0.0,0.0,1.0,0.0,0.0,0.0,0.0,0.0,0.0,142262
Grocery,42,context_static,visual,1,0.0,0.0,0.0,0.0,0.0,142262,0.0,0.0,0.0,1.0,0.0,0.0,0.0,0.0,0.0,0.0,142262
Grocery,42,context_attn_dynamic,text,0,0.5968149304389954,0.5771682262420654,0.30489206314086914,0.9166027903556824,1.043156623840332,142262,0.0,0.0,0.0,1.0,0.0,4.774287700653076,4.617149353027344,2.4390580654144287,7.332497596740723,8.344915390014648,142262
Grocery,42,context_attn_dynamic,text,1,0.6197018623352051,0.6018168330192566,0.32135260105133057,0.944717526435852,1.0703356266021729,142262,0.0,0.0,0.0,1.0,0.0,4.95737361907959,4.814383029937744,2.5707571506500244,7.557366847991943,8.562126159667969,142262
Grocery,42,context_attn_dynamic,visual,0,0.5439199209213257,0.5235460996627808,0.22655734419822693,0.89182049036026,0.9918949604034424,142262,0.0,0.0,0.0,1.0,0.0,4.351189613342285,4.188155174255371,1.8124195337295532,7.134313583374023,7.934730052947998,142262
Grocery,42,context_attn_dynamic,visual,1,0.5466784834861755,0.5276705026626587,0.23984453082084656,0.8798755407333374,0.9815570116043091,142262,0.0,0.0,0.0,1.0,0.0,4.373257160186768,4.221275329589844,1.9187159538269043,7.038788795471191,7.851978778839111,142262
Grocery,42,context_bilinear_absolute,text,0,0.17797662317752838,0.16795764863491058,0.08579055964946747,0.28409332036972046,0.3191964626312256,142262,2.2555129528045654,0.15838973224163055,0.16305561363697052,0.0,2.1844606399536133,1.4237831830978394,1.343641757965088,0.6863031983375549,2.272721529006958,2.5535364151000977,142262
Grocery,42,context_bilinear_absolute,text,1,0.23979374766349792,0.22996598482131958,0.1253463476896286,0.3699705898761749,0.40921324491500854,142262,3.004383087158203,0.27613651752471924,0.2860405147075653,0.0,2.1844606399536133,1.9183094501495361,1.8396860361099243,1.0027457475662231,2.959719657897949,3.273665189743042,142262
Grocery,42,context_bilinear_absolute,visual,0,0.1540534794330597,0.13665971159934998,0.06478037685155869,0.273945689201355,0.3166118860244751,142262,2.0341315269470215,0.12865090370178223,0.13298338651657104,0.0,1.9860599040985107,1.2324039936065674,1.0932528972625732,0.518231987953186,2.1915369033813477,2.5328569412231445,142262
Grocery,42,context_bilinear_absolute,visual,1,0.21195662021636963,0.20099422335624695,0.09466170519590378,0.3451952636241913,0.3735834062099457,142262,2.7241578102111816,0.2266022115945816,0.2355423867702484,0.0,1.9860599040985107,1.6956201791763306,1.6079131364822388,0.7572819590568542,2.761526346206665,2.9886138439178467,142262
Grocery,42,context_bilinear_delta,text,0,0.0,0.0,0.0,0.0,0.0,142262,0.0,0.0,0.0,1.0,1.527679204940796,0.0,0.0,0.0,0.0,0.0,142262
Grocery,42,context_bilinear_delta,text,1,0.1306847333908081,0.11451391875743866,0.0579017736017704,0.23016239702701569,0.2576417326927185,142262,2.161619186401367,0.13662993907928467,0.15146581828594208,0.0,1.527679204940796,1.0454555749893188,0.9160882234573364,0.4632032811641693,1.8412808179855347,2.061105489730835,142262
Grocery,42,context_bilinear_delta,visual,0,0.0,0.0,0.0,0.0,0.0,142262,0.0,0.0,0.0,1.0,1.3637418746948242,0.0,0.0,0.0,0.0,0.0,142262
Grocery,42,context_bilinear_delta,visual,1,0.13053278625011444,0.11194518208503723,0.048567499965429306,0.24485822021961212,0.2755487561225891,142262,2.2240688800811768,0.15148048102855682,0.16093315184116364,0.0,1.3637418746948242,1.044242262840271,0.8955427408218384,0.3885270059108734,1.9588279724121094,2.204360246658325,142262
Grocery,43,context_static,text,0,0.0,0.0,0.0,0.0,0.0,142262,0.0,0.0,0.0,1.0,0.0,0.0,0.0,0.0,0.0,0.0,142262
Grocery,43,context_static,text,1,0.0,0.0,0.0,0.0,0.0,142262,0.0,0.0,0.0,1.0,0.0,0.0,0.0,0.0,0.0,0.0,142262
Grocery,43,context_static,visual,0,0.0,0.0,0.0,0.0,0.0,142262,0.0,0.0,0.0,1.0,0.0,0.0,0.0,0.0,0.0,0.0,142262
Grocery,43,context_static,visual,1,0.0,0.0,0.0,0.0,0.0,142262,0.0,0.0,0.0,1.0,0.0,0.0,0.0,0.0,0.0,0.0,142262
Grocery,43,context_attn_dynamic,text,0,0.560886025428772,0.5461720824241638,0.26010993123054504,0.8855873346328735,0.981151282787323,142262,0.0,0.0,0.0,1.0,0.0,4.486824035644531,4.3691816329956055,2.080838203430176,7.084264755249023,7.8486151695251465,142262
Grocery,43,context_attn_dynamic,text,1,0.5803924202919006,0.5663888454437256,0.278262734413147,0.9044189453125,0.9998244643211365,142262,0.0,0.0,0.0,1.0,0.0,4.6428656578063965,4.530903339385986,2.226027727127075,7.2347869873046875,7.998043537139893,142262
Grocery,43,context_attn_dynamic,visual,0,0.5597463846206665,0.5250279903411865,0.21804513037204742,0.956885814666748,1.0848861932754517,142262,0.0,0.0,0.0,1.0,0.0,4.4777655601501465,4.200081825256348,1.7443175315856934,7.654730319976807,8.678686141967773,142262
Grocery,43,context_attn_dynamic,visual,1,0.5649850368499756,0.5353147983551025,0.22233399748802185,0.9517623782157898,1.0756360292434692,142262,0.0,0.0,0.0,1.0,0.0,4.519674777984619,4.282326698303223,1.7785882949829102,7.613720417022705,8.604472160339355,142262
Grocery,43,context_bilinear_absolute,text,0,0.08612284064292908,0.07381130754947662,0.03237437456846237,0.16064341366291046,0.18837524950504303,142262,1.6724910736083984,0.08844834566116333,0.09002726525068283,0.0,1.378056526184082,0.688961386680603,0.5904691219329834,0.25898438692092896,1.2851170301437378,1.506976842880249,142262
Grocery,43,context_bilinear_absolute,text,1,0.12390295416116714,0.10874535143375397,0.04576561227440834,0.22801809012889862,0.26226961612701416,142262,2.305582284927368,0.16566166281700134,0.16969548165798187,0.0,1.378056526184082,0.9911928772926331,0.8699238300323486,0.3661104440689087,1.8240865468978882,2.0981178283691406,142262
Grocery,43,context_bilinear_absolute,visual,0,0.1049443781375885,0.0799560397863388,0.03310319036245346,0.216263547539711,0.274167537689209,142262,1.7814006805419922,0.09712377190589905,0.10619933903217316,0.0,1.2864677906036377,0.8395348191261292,0.6396271586418152,0.2648128867149353,1.7300689220428467,2.1933090686798096,142262
Grocery,43,context_bilinear_absolute,visual,1,0.14411281049251556,0.11381661146879196,0.04520862549543381,0.30052703619003296,0.3602250814437866,142262,2.3759117126464844,0.1814551204442978,0.1848049759864807,0.0,1.2864677906036377,1.1528743505477905,0.9104803800582886,0.3616619110107422,2.4041693210601807,2.881744384765625,142262
Grocery,43,context_bilinear_delta,text,0,0.0,0.0,0.0,0.0,0.0,142262,0.0,0.0,0.0,1.0,0.9483115077018738,0.0,0.0,0.0,0.0,0.0,142262
Grocery,43,context_bilinear_delta,text,1,0.09885963052511215,0.09658622741699219,0.0641796737909317,0.13631460070610046,0.1502583920955658,142262,2.1003475189208984,0.1261981576681137,0.1392783224582672,0.0,0.9483115077018738,0.7908539175987244,0.772666335105896,0.5134170651435852,1.0905003547668457,1.2020493745803833,142262
Grocery,43,context_bilinear_delta,visual,0,0.0,0.0,0.0,0.0,0.0,142262,0.0,0.0,0.0,1.0,0.8584606051445007,0.0,0.0,0.0,0.0,0.0,142262
Grocery,43,context_bilinear_delta,visual,1,0.11473850905895233,0.09995682537555695,0.039336297661066055,0.22052747011184692,0.2523433268070221,142262,2.1667098999023438,0.14997074007987976,0.1544715017080307,0.0,0.8584606051445007,0.9178860187530518,0.7996299266815186,0.3146838843822479,1.7642008066177368,2.018717050552368,142262
Grocery,44,context_static,text,0,0.0,0.0,0.0,0.0,0.0,142262,0.0,0.0,0.0,1.0,0.0,0.0,0.0,0.0,0.0,0.0,142262
Grocery,44,context_static,text,1,0.0,0.0,0.0,0.0,0.0,142262,0.0,0.0,0.0,1.0,0.0,0.0,0.0,0.0,0.0,0.0,142262
Grocery,44,context_static,visual,0,0.0,0.0,0.0,0.0,0.0,142262,0.0,0.0,0.0,1.0,0.0,0.0,0.0,0.0,0.0,0.0,142262
Grocery,44,context_static,visual,1,0.0,0.0,0.0,0.0,0.0,142262,0.0,0.0,0.0,1.0,0.0,0.0,0.0,0.0,0.0,0.0,142262
Grocery,44,context_attn_dynamic,text,0,0.4624520242214203,0.42256611585617065,0.18903614580631256,0.7806439995765686,0.9526224732398987,142262,0.0,0.0,0.0,1.0,0.0,3.699409246444702,3.3803720474243164,1.5122321844100952,6.244724273681641,7.620650291442871,142262
Grocery,44,context_attn_dynamic,text,1,0.4660002291202545,0.4228554368019104,0.20110346376895905,0.782112181186676,0.9598435163497925,142262,0.0,0.0,0.0,1.0,0.0,3.7277917861938477,3.382692575454712,1.608746886253357,6.256364345550537,7.678345203399658,142262
Grocery,44,context_attn_dynamic,visual,0,0.5653030276298523,0.5379012823104858,0.2764059007167816,0.9024709463119507,1.013331651687622,142262,0.0,0.0,0.0,1.0,0.0,4.522218704223633,4.303079605102539,2.2111668586730957,7.219293594360352,8.106202125549316,142262
Grocery,44,context_attn_dynamic,visual,1,0.5666899681091309,0.5391336679458618,0.28292253613471985,0.8968637585639954,1.0063279867172241,142262,0.0,0.0,0.0,1.0,0.0,4.533313274383545,4.312948226928711,2.263329029083252,7.17441463470459,8.05004596710205,142262
Grocery,44,context_bilinear_absolute,text,0,0.14864924550056458,0.13564684987068176,0.06576856970787048,0.2527890205383301,0.29211854934692383,142262,2.104687213897705,0.13971766829490662,0.1440461277961731,0.0,1.7166123390197754,1.189160704612732,1.0851435661315918,0.5261291265487671,2.0222651958465576,2.3369059562683105,142262
Grocery,44,context_bilinear_absolute,text,1,0.19571860134601593,0.18012642860412598,0.0907452329993248,0.32857170701026917,0.37672531604766846,142262,2.757843017578125,0.23681782186031342,0.2442592978477478,0.0,1.7166123390197754,1.5657048225402832,1.440967321395874,0.7259268760681152,2.6285250186920166,3.0137481689453125,142262
Grocery,44,context_bilinear_absolute,visual,0,0.11113941669464111,0.103294238448143,0.0560913160443306,0.17599570751190186,0.2022036463022232,142262,1.8902684450149536,0.1112697571516037,0.11436378955841064,0.0,1.8916794061660767,0.8890920877456665,0.8263342976570129,0.4487183094024658,1.4079231023788452,1.6175992488861084,142262
Grocery,44,context_bilinear_absolute,visual,1,0.15113858878612518,0.13993293046951294,0.07677218317985535,0.24215762317180634,0.27677449584007263,142262,2.5408551692962646,0.19989235699176788,0.2045619934797287,0.0,1.8916794061660767,1.209077000617981,1.1194342374801636,0.6141639351844788,1.937221646308899,2.214137315750122,142262
Grocery,44,context_bilinear_delta,text,0,0.0,0.0,0.0,0.0,0.0,142262,0.0,0.0,0.0,1.0,0.7829180359840393,0.0,0.0,0.0,0.0,0.0,142262
Grocery,44,context_bilinear_delta,text,1,0.14493237435817719,0.1557127684354782,0.06770893186330795,0.19822658598423004,0.2046196013689041,142262,2.5496702194213867,0.1995650678873062,0.2081538736820221,0.0,0.7829180359840393,1.1594269275665283,1.2456724643707275,0.5416267514228821,1.5857884883880615,1.6369215250015259,142262
Grocery,44,context_bilinear_delta,visual,0,0.0,0.0,0.0,0.0,0.0,142262,0.0,0.0,0.0,1.0,0.9657877683639526,0.0,0.0,0.0,0.0,0.0,142262
Grocery,44,context_bilinear_delta,visual,1,0.1340913623571396,0.13527482748031616,0.06736813485622406,0.19759546220302582,0.20532286167144775,142262,2.5432794094085693,0.17368412017822266,0.20909477770328522,0.0,0.9657877683639526,1.0727041959762573,1.0821762084960938,0.5389305353164673,1.5807408094406128,1.6425344944000244,142262
Reddit-S,42,context_static,text,0,0.0,0.0,0.0,0.0,0.0,283080,0.0,0.0,0.0,0.9999999403953552,0.0,0.0,0.0,0.0,0.0,0.0,283080
Reddit-S,42,context_static,text,1,0.0,0.0,0.0,0.0,0.0,283080,0.0,0.0,0.0,0.9999999403953552,0.0,0.0,0.0,0.0,0.0,0.0,283080
Reddit-S,42,context_static,visual,0,0.0,0.0,0.0,0.0,0.0,283080,0.0,0.0,0.0,0.9999999403953552,0.0,0.0,0.0,0.0,0.0,0.0,283080
Reddit-S,42,context_static,visual,1,0.0,0.0,0.0,0.0,0.0,283080,0.0,0.0,0.0,0.9999999403953552,0.0,0.0,0.0,0.0,0.0,0.0,283080
Reddit-S,42,context_attn_dynamic,text,0,0.6706581711769104,0.6768712997436523,0.4071827530860901,0.9167507290840149,0.9639743566513062,283080,0.0,0.0,0.0,0.9999999403953552,0.0,5.365059852600098,5.4148030281066895,3.25740385055542,7.3336992263793945,7.711422443389893,283080
Reddit-S,42,context_attn_dynamic,text,1,0.6801275610923767,0.6883224248886108,0.4225228428840637,0.920947790145874,0.9658963084220886,283080,0.0,0.0,0.0,0.9999999403953552,0.0,5.4408135414123535,5.506402969360352,3.3800997734069824,7.367252349853516,7.72688102722168,283080
Reddit-S,42,context_attn_dynamic,visual,0,0.6279526948928833,0.5905548930168152,0.3259543180465698,1.0620930194854736,1.115741491317749,283080,0.0,0.0,0.0,0.9999999403953552,0.0,5.023374080657959,4.7242302894592285,2.6075873374938965,8.496052742004395,8.925189971923828,283080
Reddit-S,42,context_attn_dynamic,visual,1,0.6402453184127808,0.6182346343994141,0.3247459828853607,1.034919261932373,1.0915406942367554,283080,0.0,0.0,0.0,0.9999999403953552,0.0,5.121711730957031,4.945691108703613,2.5978994369506836,8.278655052185059,8.7316255569458,283080
Reddit-S,42,context_bilinear_absolute,text,0,0.06162426620721817,0.05792821943759918,0.024808114394545555,0.10337347537279129,0.11678339540958405,283080,1.6958959102630615,0.06786195933818817,0.09189655631780624,0.0,0.9236743450164795,0.4929876923561096,0.46342095732688904,0.19846254587173462,0.8269739151000977,0.9342535734176636,283080
Reddit-S,42,context_bilinear_absolute,text,1,0.11139816790819168,0.11601947247982025,0.050865400582551956,0.16339029371738434,0.17153875529766083,283080,2.5723648071289062,0.1041184812784195,0.20841915905475616,0.0,0.9236743450164795,0.8911738395690918,0.928138792514801,0.4069182872772217,1.3071067333221436,1.372294545173645,283080
Reddit-S,42,context_bilinear_absolute,visual,0,0.1073158010840416,0.10308361053466797,0.0590631440281868,0.15673097968101501,0.17179708182811737,283080,2.2288262844085693,0.1418253481388092,0.15569880604743958,0.0,1.4167183637619019,0.8585116863250732,0.8246563076972961,0.47249269485473633,1.2538201808929443,1.374359369277954,283080
Reddit-S,42,context_bilinear_absolute,visual,1,0.12789204716682434,0.12723594903945923,0.08209691196680069,0.16846172511577606,0.19687604904174805,283080,2.670445203781128,0.21206903457641602,0.2243618369102478,0.0,1.4167183637619019,1.0231183767318726,1.0178704261779785,0.6567670106887817,1.347675085067749,1.5749832391738892,283080
Reddit-S,42,context_bilinear_delta,text,0,0.0,0.0,0.0,0.0,0.0,283080,0.0,0.0,0.0,0.9999999403953552,0.7241330146789551,0.0,0.0,0.0,0.0,0.0,283080
Reddit-S,42,context_bilinear_delta,text,1,0.1321066915988922,0.14102080464363098,0.0816902294754982,0.1669333130121231,0.17079001665115356,283080,2.7493181228637695,0.07065568119287491,0.23675569891929626,0.0,0.7241330146789551,1.0568406581878662,1.1281535625457764,0.6535094380378723,1.3354535102844238,1.366307020187378,283080
Reddit-S,42,context_bilinear_delta,visual,0,0.0,0.0,0.0,0.0,0.0,283080,0.0,0.0,0.0,0.9999999403953552,1.155959129333496,0.0,0.0,0.0,0.0,0.0,283080
Reddit-S,42,context_bilinear_delta,visual,1,0.18162043392658234,0.17048880457878113,0.13499994575977325,0.25828465819358826,0.26720190048217773,283080,2.905179738998413,0.17198419570922852,0.2676529586315155,0.0,1.155959129333496,1.4529385566711426,1.3638851642608643,1.07997465133667,2.066232681274414,2.1375906467437744,283080
Reddit-S,43,context_static,text,0,0.0,0.0,0.0,0.0,0.0,283080,0.0,0.0,0.0,0.9999999403953552,0.0,0.0,0.0,0.0,0.0,0.0,283080
Reddit-S,43,context_static,text,1,0.0,0.0,0.0,0.0,0.0,283080,0.0,0.0,0.0,0.9999999403953552,0.0,0.0,0.0,0.0,0.0,0.0,283080
Reddit-S,43,context_static,visual,0,0.0,0.0,0.0,0.0,0.0,283080,0.0,0.0,0.0,0.9999999403953552,0.0,0.0,0.0,0.0,0.0,0.0,283080
Reddit-S,43,context_static,visual,1,0.0,0.0,0.0,0.0,0.0,283080,0.0,0.0,0.0,0.9999999403953552,0.0,0.0,0.0,0.0,0.0,0.0,283080
Reddit-S,43,context_attn_dynamic,text,0,0.458340585231781,0.46480897068977356,0.1795438826084137,0.7149412035942078,0.8145995140075684,283080,0.0,0.0,0.0,0.9999999403953552,0.0,3.6666276454925537,3.7183918952941895,1.4363288879394531,5.7193827629089355,6.516499996185303,283080
Reddit-S,43,context_attn_dynamic,text,1,0.4674273431301117,0.48942863941192627,0.1428069770336151,0.7203511595726013,0.8091355562210083,283080,0.0,0.0,0.0,0.9999999403953552,0.0,3.7393198013305664,3.91536283493042,1.1424388885498047,5.762631416320801,6.4728851318359375,283080
Reddit-S,43,context_attn_dynamic,visual,0,0.4117780923843384,0.36853450536727905,0.19433359801769257,0.6851295232772827,0.8406413793563843,283080,0.0,0.0,0.0,0.9999999403953552,0.0,3.2941231727600098,2.948213577270508,1.5546438694000244,5.4808807373046875,6.7246599197387695,283080
Reddit-S,43,context_attn_dynamic,visual,1,0.41196468472480774,0.36484986543655396,0.18951144814491272,0.6858653426170349,0.850235641002655,283080,0.0,0.0,0.0,0.9999999403953552,0.0,3.295614719390869,2.9187588691711426,1.5160771608352661,5.486703395843506,6.801490783691406,283080
Reddit-S,43,context_bilinear_absolute,text,0,0.17224548757076263,0.15617352724075317,0.0438588410615921,0.32992610335350037,0.3493991494178772,283080,2.412091016769409,0.1877601593732834,0.19282793998718262,0.0,1.1653680801391602,1.3779460191726685,1.2493727207183838,0.3508659899234772,2.6393728256225586,2.7951488494873047,283080
Reddit-S,43,context_bilinear_absolute,text,1,0.20016667246818542,0.18798653781414032,0.053050216287374496,0.37437865138053894,0.39270782470703125,283080,3.0480964183807373,0.2824801206588745,0.3006235361099243,0.0,1.1653680801391602,1.601312518119812,1.503880262374878,0.424396812915802,2.9949915409088135,3.1416170597076416,283080
Reddit-S,43,context_bilinear_absolute,visual,0,0.23302946984767914,0.2380339652299881,0.12281876802444458,0.3480953574180603,0.3747994005680084,283080,2.9051132202148438,0.2523573338985443,0.2690664231777191,0.0,1.5196336507797241,1.8642152547836304,1.9042532444000244,0.9825385808944702,2.7847394943237305,2.998359203338623,283080
Reddit-S,43,context_bilinear_absolute,visual,1,0.25884321331977844,0.25552570819854736,0.11052156984806061,0.4442938268184662,0.4737057387828827,283080,3.3582234382629395,0.33408069610595703,0.36114799976348877,0.0,1.5196336507797241,2.070723056793213,2.044182538986206,0.8841657042503357,3.5543112754821777,3.789609670639038,283080
Reddit-S,43,context_bilinear_delta,text,0,0.0,0.0,0.0,0.0,0.0,283080,0.0,0.0,0.0,0.9999999403953552,0.9014124274253845,0.0,0.0,0.0,0.0,0.0,283080
Reddit-S,43,context_bilinear_delta,text,1,0.1494583636522293,0.12651284039020538,0.09663058072328568,0.23086337745189667,0.23394592106342316,283080,2.7503387928009033,0.2095976173877716,0.24162571132183075,0.0,0.9014124274253845,1.1956521272659302,1.012088656425476,0.7730335593223572,1.8468917608261108,1.8715492486953735,283080
Reddit-S,43,context_bilinear_delta,visual,0,0.0,0.0,0.0,0.0,0.0,283080,0.0,0.0,0.0,0.9999999403953552,1.215872049331665,0.0,0.0,0.0,0.0,0.0,283080
Reddit-S,43,context_bilinear_delta,visual,1,0.25049495697021484,0.24970337748527527,0.19420059025287628,0.3095380663871765,0.3247060775756836,283080,3.1831088066101074,0.3086255192756653,0.3191607594490051,0.0,1.215872049331665,2.003934860229492,1.997603416442871,1.5535809993743896,2.4762768745422363,2.597618579864502,283080
Reddit-S,44,context_static,text,0,0.0,0.0,0.0,0.0,0.0,283080,0.0,0.0,0.0,0.9999999403953552,0.0,0.0,0.0,0.0,0.0,0.0,283080
Reddit-S,44,context_static,text,1,0.0,0.0,0.0,0.0,0.0,283080,0.0,0.0,0.0,0.9999999403953552,0.0,0.0,0.0,0.0,0.0,0.0,283080
Reddit-S,44,context_static,visual,0,0.0,0.0,0.0,0.0,0.0,283080,0.0,0.0,0.0,0.9999999403953552,0.0,0.0,0.0,0.0,0.0,0.0,283080
Reddit-S,44,context_static,visual,1,0.0,0.0,0.0,0.0,0.0,283080,0.0,0.0,0.0,0.9999999403953552,0.0,0.0,0.0,0.0,0.0,0.0,283080
Reddit-S,44,context_attn_dynamic,text,0,0.3372780382633209,0.26091617345809937,0.1367616206407547,0.7039896249771118,0.8172338008880615,283080,0.0,0.0,0.0,0.9999999403953552,0.0,2.698115348815918,2.0873003005981445,1.0940808057785034,5.631457805633545,6.537323951721191,283080
Reddit-S,44,context_attn_dynamic,text,1,0.32293006777763367,0.2443072348833084,0.11090561747550964,0.7014364004135132,0.8147706985473633,283080,0.0,0.0,0.0,0.9999999403953552,0.0,2.583333969116211,1.9544280767440796,0.8872279524803162,5.611134052276611,6.517627239227295,283080
Reddit-S,44,context_attn_dynamic,visual,0,0.5725053548812866,0.5552290678024292,0.29863274097442627,0.8853694200515747,1.0034338235855103,283080,0.0,0.0,0.0,0.9999999403953552,0.0,4.57987117767334,4.441720962524414,2.3890328407287598,7.082522869110107,8.026700973510742,283080
Reddit-S,44,context_attn_dynamic,visual,1,0.5632139444351196,0.5507861375808716,0.26872867345809937,0.8784538507461548,1.005112648010254,283080,0.0,0.0,0.0,0.9999999403953552,0.0,4.505542755126953,4.406181335449219,2.1497883796691895,7.027237892150879,8.040310859680176,283080
Reddit-S,44,context_bilinear_absolute,text,0,0.09564273059368134,0.08932856470346451,0.04480579495429993,0.15983450412750244,0.18937480449676514,283080,2.0704543590545654,0.1226612776517868,0.13701783120632172,0.0,0.9395614862442017,0.7651327252388,0.71462082862854,0.35844385623931885,1.2786651849746704,1.5149836540222168,283080
Reddit-S,44,context_bilinear_absolute,text,1,0.1539027988910675,0.15255872905254364,0.08037485927343369,0.23091167211532593,0.2445800006389618,283080,2.8908815383911133,0.20989394187927246,0.2620401680469513,0.0,0.9395614862442017,1.2312079668045044,1.220451831817627,0.6429936289787292,1.8472760915756226,1.9566243886947632,283080
Reddit-S,44,context_bilinear_absolute,visual,0,0.10603123903274536,0.09900517016649246,0.05540090799331665,0.1676758974790573,0.18465681374073029,283080,2.2187881469726562,0.14622697234153748,0.15731126070022583,0.0,1.0863579511642456,0.8482372164726257,0.7920284271240234,0.44320258498191833,1.341392159461975,1.4772415161132812,283080
Reddit-S,44,context_bilinear_absolute,visual,1,0.11844456940889359,0.11754241585731506,0.05852469056844711,0.20029495656490326,0.22012794017791748,283080,2.6154088973999023,0.19404780864715576,0.21831554174423218,0.0,1.0863579511642456,0.9475421905517578,0.9403214454650879,0.46819204092025757,1.602333664894104,1.761007308959961,283080
Reddit-S,44,context_bilinear_delta,text,0,0.0,0.0,0.0,0.0,0.0,283080,0.0,0.0,0.0,0.9999999403953552,0.7720122933387756,0.0,0.0,0.0,0.0,0.0,283080
Reddit-S,44,context_bilinear_delta,text,1,0.17901627719402313,0.19860857725143433,0.10794263333082199,0.2160577028989792,0.21796996891498566,283080,2.9986610412597656,0.19985568523406982,0.2831738591194153,0.0,0.7720122933387756,1.4321138858795166,1.5888574123382568,0.8635286688804626,1.7284473180770874,1.7437467575073242,283080
Reddit-S,44,context_bilinear_delta,visual,0,0.0,0.0,0.0,0.0,0.0,283080,0.0,0.0,0.0,0.9999999403953552,0.9746182560920715,0.0,0.0,0.0,0.0,0.0,283080
Reddit-S,44,context_bilinear_delta,visual,1,0.1811991184949875,0.17461344599723816,0.14959709346294403,0.23373615741729736,0.2421664446592331,283080,2.9706430435180664,0.20931389927864075,0.27642181515693665,0.0,0.9746182560920715,1.4495717287063599,1.3968844413757324,1.1967583894729614,1.8698606491088867,1.937311053276062,283080
