dataset,seed,variant,modality,measure,mean,median,p10,p90,p95,n,spearman_D_H_D_A,spearman_D_H_D_XI
Movies,42,context_static,text,D_H_recipient_state_change,8.430984497070312,8.439748764038086,7.877110481262207,8.95590877532959,9.117948532104492,16672,nan,nan
Movies,42,context_static,text,D_A_target_mean_modulation_change,0.0,0.0,0.0,0.0,0.0,16672,nan,nan
Movies,42,context_static,text,D_XI_target_mean_dynamic_correction,0.0,0.0,0.0,0.0,0.0,16672,nan,nan
Movies,42,context_static,text,edge_execution_code_step_change_l2,0.0,0.0,0.0,0.0,0.0,160802,nan,nan
Movies,42,context_static,text,edge_operator_modulation_step_change_l2,0.0,0.0,0.0,0.0,0.0,160802,nan,nan
Movies,42,context_static,text,edge_operator_modulation_step_change_1_minus_cosine,9.292723035514427e-09,0.0,-1.1920928955078125e-07,1.1920928955078125e-07,1.1920928955078125e-07,160802,nan,nan
Movies,42,context_static,visual,D_H_recipient_state_change,8.615995407104492,8.614194869995117,8.143117904663086,9.08474063873291,9.222342491149902,16672,nan,nan
Movies,42,context_static,visual,D_A_target_mean_modulation_change,0.0,0.0,0.0,0.0,0.0,16672,nan,nan
Movies,42,context_static,visual,D_XI_target_mean_dynamic_correction,0.0,0.0,0.0,0.0,0.0,16672,nan,nan
Movies,42,context_static,visual,edge_execution_code_step_change_l2,0.0,0.0,0.0,0.0,0.0,160802,nan,nan
Movies,42,context_static,visual,edge_operator_modulation_step_change_l2,0.0,0.0,0.0,0.0,0.0,160802,nan,nan
Movies,42,context_static,visual,edge_operator_modulation_step_change_1_minus_cosine,8.380871996394035e-09,0.0,-1.1920928955078125e-07,1.1920928955078125e-07,1.1920928955078125e-07,160802,nan,nan
Movies,42,context_attn_dynamic,text,D_H_recipient_state_change,8.496889114379883,8.47416877746582,7.957210540771484,9.06657600402832,9.239935874938965,16672,0.1016883378514629,-0.022362660396658962
Movies,42,context_attn_dynamic,text,D_A_target_mean_modulation_change,0.173723965883255,0.11620819568634033,0.03466089069843292,0.36724886298179626,0.5189812183380127,16672,0.1016883378514629,-0.022362660396658962
Movies,42,context_attn_dynamic,text,D_XI_target_mean_dynamic_correction,4.283993244171143,4.251653671264648,2.6447250843048096,5.978773593902588,6.5319952964782715,16672,0.1016883378514629,-0.022362660396658962
Movies,42,context_attn_dynamic,text,edge_execution_code_step_change_l2,0.4866136312484741,0.3342459499835968,0.08500117063522339,1.0319262742996216,1.432629942893982,160802,0.1016883378514629,-0.022362660396658962
Movies,42,context_attn_dynamic,text,edge_operator_modulation_step_change_l2,0.17422713339328766,0.10694940388202667,0.02427683211863041,0.38718539476394653,0.5552053451538086,160802,0.1016883378514629,-0.022362660396658962
Movies,42,context_attn_dynamic,text,edge_operator_modulation_step_change_1_minus_cosine,0.0030082317534834146,0.00037425756454467773,1.823902130126953e-05,0.0053115952759981155,0.011293275281786919,160802,0.1016883378514629,-0.022362660396658962
Movies,42,context_attn_dynamic,visual,D_H_recipient_state_change,8.601070404052734,8.599447250366211,8.132747650146484,9.069086074829102,9.201366424560547,16672,0.09116121649242176,0.04140816939195257
Movies,42,context_attn_dynamic,visual,D_A_target_mean_modulation_change,0.5840187072753906,0.3762330114841461,0.08021681755781174,1.333604097366333,1.8279190063476562,16672,0.09116121649242176,0.04140816939195257
Movies,42,context_attn_dynamic,visual,D_XI_target_mean_dynamic_correction,5.992227554321289,5.877648830413818,3.5484771728515625,8.635396003723145,9.478328704833984,16672,0.09116121649242176,0.04140816939195257
Movies,42,context_attn_dynamic,visual,edge_execution_code_step_change_l2,0.9314520955085754,0.6302335262298584,0.12628459930419922,2.0997486114501953,2.826153516769409,160802,0.09116121649242176,0.04140816939195257
Movies,42,context_attn_dynamic,visual,edge_operator_modulation_step_change_l2,0.5009911060333252,0.31413090229034424,0.05392193794250488,1.1694449186325073,1.6195108890533447,160802,0.09116121649242176,0.04140816939195257
Movies,42,context_attn_dynamic,visual,edge_operator_modulation_step_change_1_minus_cosine,0.02063964679837227,0.0029609203338623047,8.07046890258789e-05,0.04547787457704544,0.09107939153909683,160802,0.09116121649242176,0.04140816939195257
Movies,42,context_bilinear_absolute,text,D_H_recipient_state_change,8.4231595993042,8.417097091674805,7.815942764282227,9.03454875946045,9.202241897583008,16672,-0.15355649314718792,0.1832123740617855
Movies,42,context_bilinear_absolute,text,D_A_target_mean_modulation_change,0.12168144434690475,0.11083430051803589,0.045880623161792755,0.21476878225803375,0.23979048430919647,16672,-0.15355649314718792,0.1832123740617855
Movies,42,context_bilinear_absolute,text,D_XI_target_mean_dynamic_correction,0.5870680809020996,0.5120411515235901,0.2259296476840973,1.0598760843276978,1.2961759567260742,16672,-0.15355649314718792,0.1832123740617855
Movies,42,context_bilinear_absolute,text,edge_execution_code_step_change_l2,0.23582661151885986,0.21793535351753235,0.08145923912525177,0.41988763213157654,0.46688538789749146,160802,-0.15355649314718792,0.1832123740617855
Movies,42,context_bilinear_absolute,text,edge_operator_modulation_step_change_l2,0.11958262324333191,0.11061856150627136,0.03964610397815704,0.2140454202890396,0.239252507686615,160802,-0.15355649314718792,0.1832123740617855
Movies,42,context_bilinear_absolute,text,edge_operator_modulation_step_change_1_minus_cosine,0.0005366129335016012,0.0003407001495361328,4.6312808990478516e-05,0.0013248790055513382,0.0016837716102600098,160802,-0.15355649314718792,0.1832123740617855
Movies,42,context_bilinear_absolute,visual,D_H_recipient_state_change,8.60655403137207,8.60308837890625,8.131546020507812,9.076653480529785,9.214674949645996,16672,0.06376205440073118,0.03975340746259451
Movies,42,context_bilinear_absolute,visual,D_A_target_mean_modulation_change,0.20091868937015533,0.1233205497264862,0.051889605820178986,0.49970102310180664,0.6586353778839111,16672,0.06376205440073118,0.03975340746259451
Movies,42,context_bilinear_absolute,visual,D_XI_target_mean_dynamic_correction,1.1702250242233276,0.9565162062644958,0.3782077729701996,2.3378450870513916,2.737736225128174,16672,0.06376205440073118,0.03975340746259451
Movies,42,context_bilinear_absolute,visual,edge_execution_code_step_change_l2,0.423215389251709,0.29230234026908875,0.12300711870193481,1.0094079971313477,1.1909661293029785,160802,0.06376205440073118,0.03975340746259451
Movies,42,context_bilinear_absolute,visual,edge_operator_modulation_step_change_l2,0.2107795774936676,0.1240856945514679,0.0466129370033741,0.5477102994918823,0.6962432861328125,160802,0.06376205440073118,0.03975340746259451
Movies,42,context_bilinear_absolute,visual,edge_operator_modulation_step_change_1_minus_cosine,0.002393860835582018,0.0004004240036010742,4.786252975463867e-05,0.008090351708233356,0.013956007547676563,160802,0.06376205440073118,0.03975340746259451
Movies,42,context_bilinear_delta,text,D_H_recipient_state_change,8.382328033447266,8.383665084838867,7.775058269500732,8.975516319274902,9.137121200561523,16672,0.3287351738333275,0.28822820928488946
Movies,42,context_bilinear_delta,text,D_A_target_mean_modulation_change,0.12817195057868958,0.1196865439414978,0.06612366437911987,0.20622897148132324,0.23362886905670166,16672,0.3287351738333275,0.28822820928488946
Movies,42,context_bilinear_delta,text,D_XI_target_mean_dynamic_correction,0.3016558289527893,0.2826666235923767,0.16799578070640564,0.4681728780269623,0.535884439945221,16672,0.3287351738333275,0.28822820928488946
Movies,42,context_bilinear_delta,text,edge_execution_code_step_change_l2,0.29984357953071594,0.29209840297698975,0.12847940623760223,0.47722506523132324,0.5383933186531067,160802,0.3287351738333275,0.28822820928488946
Movies,42,context_bilinear_delta,text,edge_operator_modulation_step_change_l2,0.12776462733745575,0.12262151390314102,0.05326205492019653,0.20927537977695465,0.23666192591190338,160802,0.3287351738333275,0.28822820928488946
Movies,42,context_bilinear_delta,text,edge_operator_modulation_step_change_1_minus_cosine,0.0005479396204464138,0.00037401914596557617,7.897615432739258e-05,0.0012035835534334183,0.0016083717346191406,160802,0.3287351738333275,0.28822820928488946
Movies,42,context_bilinear_delta,visual,D_H_recipient_state_change,8.58830738067627,8.587074279785156,8.117973327636719,9.053412437438965,9.190256118774414,16672,-0.011076741960283215,0.021629056344697604
Movies,42,context_bilinear_delta,visual,D_A_target_mean_modulation_change,0.3051048219203949,0.29733097553253174,0.20735177397727966,0.4146627187728882,0.4556076228618622,16672,-0.011076741960283215,0.021629056344697604
Movies,42,context_bilinear_delta,visual,D_XI_target_mean_dynamic_correction,0.8362470865249634,0.8272311687469482,0.4584488272666931,1.236449956893921,1.36766517162323,16672,-0.011076741960283215,0.021629056344697604
Movies,42,context_bilinear_delta,visual,edge_execution_code_step_change_l2,0.8345931768417358,0.8490625619888306,0.33715492486953735,1.3028935194015503,1.425824761390686,160802,-0.011076741960283215,0.021629056344697604
Movies,42,context_bilinear_delta,visual,edge_operator_modulation_step_change_l2,0.3078179955482483,0.30078738927841187,0.16113942861557007,0.4549661874771118,0.5069059133529663,160802,-0.011076741960283215,0.021629056344697604
Movies,42,context_bilinear_delta,visual,edge_operator_modulation_step_change_1_minus_cosine,0.0025194487534463406,0.0017476379871368408,0.0006151199340820312,0.005550007335841656,0.007423543371260166,160802,-0.011076741960283215,0.021629056344697604
Movies,43,context_static,text,D_H_recipient_state_change,8.408133506774902,8.364263534545898,7.946116924285889,8.949968338012695,9.13944149017334,16672,nan,nan
Movies,43,context_static,text,D_A_target_mean_modulation_change,0.0,0.0,0.0,0.0,0.0,16672,nan,nan
Movies,43,context_static,text,D_XI_target_mean_dynamic_correction,0.0,0.0,0.0,0.0,0.0,16672,nan,nan
Movies,43,context_static,text,edge_execution_code_step_change_l2,0.0,0.0,0.0,0.0,0.0,160802,nan,nan
Movies,43,context_static,text,edge_operator_modulation_step_change_l2,0.0,0.0,0.0,0.0,0.0,160802,nan,nan
Movies,43,context_static,text,edge_operator_modulation_step_change_1_minus_cosine,9.316816651505633e-09,0.0,-1.1920928955078125e-07,1.1920928955078125e-07,1.1920928955078125e-07,160802,nan,nan
Movies,43,context_static,visual,D_H_recipient_state_change,8.631267547607422,8.626581192016602,8.146394729614258,9.125301361083984,9.270686149597168,16672,nan,nan
Movies,43,context_static,visual,D_A_target_mean_modulation_change,0.0,0.0,0.0,0.0,0.0,16672,nan,nan
Movies,43,context_static,visual,D_XI_target_mean_dynamic_correction,0.0,0.0,0.0,0.0,0.0,16672,nan,nan
Movies,43,context_static,visual,edge_execution_code_step_change_l2,0.0,0.0,0.0,0.0,0.0,160802,nan,nan
Movies,43,context_static,visual,edge_operator_modulation_step_change_l2,0.0,0.0,0.0,0.0,0.0,160802,nan,nan
Movies,43,context_static,visual,edge_operator_modulation_step_change_1_minus_cosine,8.734121870190847e-09,0.0,-1.1920928955078125e-07,1.1920928955078125e-07,1.1920928955078125e-07,160802,nan,nan
Movies,43,context_attn_dynamic,text,D_H_recipient_state_change,8.347901344299316,8.30146598815918,7.848589897155762,8.945088386535645,9.115276336669922,16672,0.1521376606840896,-0.3189021859414775
Movies,43,context_attn_dynamic,text,D_A_target_mean_modulation_change,0.21607504785060883,0.1614924669265747,0.05634640157222748,0.4465474784374237,0.5806503295898438,16672,0.1521376606840896,-0.3189021859414775
Movies,43,context_attn_dynamic,text,D_XI_target_mean_dynamic_correction,4.375050067901611,4.386691093444824,2.5869948863983154,6.14703369140625,6.600666046142578,16672,0.1521376606840896,-0.3189021859414775
Movies,43,context_attn_dynamic,text,edge_execution_code_step_change_l2,0.5793176293373108,0.4338785409927368,0.12340867519378662,1.2215732336044312,1.5763282775878906,160802,0.1521376606840896,-0.3189021859414775
Movies,43,context_attn_dynamic,text,edge_operator_modulation_step_change_l2,0.21355924010276794,0.1508302241563797,0.04048752784729004,0.4639163315296173,0.6138306856155396,160802,0.1521376606840896,-0.3189021859414775
Movies,43,context_attn_dynamic,text,edge_operator_modulation_step_change_1_minus_cosine,0.004441780503839254,0.0009739398956298828,6.467103958129883e-05,0.010920698754489422,0.01978653110563755,160802,0.1521376606840896,-0.3189021859414775
Movies,43,context_attn_dynamic,visual,D_H_recipient_state_change,8.640167236328125,8.630273818969727,8.156675338745117,9.144018173217773,9.296195983886719,16672,0.046342699094008205,-0.11646505732059682
Movies,43,context_attn_dynamic,visual,D_A_target_mean_modulation_change,0.8311549425125122,0.5685927867889404,0.12480892986059189,1.8843684196472168,2.4972193241119385,16672,0.046342699094008205,-0.11646505732059682
Movies,43,context_attn_dynamic,visual,D_XI_target_mean_dynamic_correction,5.467092514038086,5.500515937805176,3.0340874195098877,7.799586296081543,8.42447566986084,16672,0.046342699094008205,-0.11646505732059682
Movies,43,context_attn_dynamic,visual,edge_execution_code_step_change_l2,1.454944372177124,1.0117894411087036,0.20566655695438385,3.322652578353882,4.331855773925781,160802,0.046342699094008205,-0.11646505732059682
Movies,43,context_attn_dynamic,visual,edge_operator_modulation_step_change_l2,0.8543863296508789,0.5212031602859497,0.09199771285057068,2.0840964317321777,2.8472461700439453,160802,0.046342699094008205,-0.11646505732059682
Movies,43,context_attn_dynamic,visual,edge_operator_modulation_step_change_1_minus_cosine,0.0587739460170269,0.008185237646102905,0.0002282857894897461,0.15457704663276672,0.30310526490211487,160802,0.046342699094008205,-0.11646505732059682
Movies,43,context_bilinear_absolute,text,D_H_recipient_state_change,8.510991096496582,8.466195106506348,8.046839714050293,9.071775436401367,9.26348876953125,16672,-0.06736195843540452,-0.18831349413302637
Movies,43,context_bilinear_absolute,text,D_A_target_mean_modulation_change,0.03959279507398605,0.037089310586452484,0.023686232045292854,0.059438470751047134,0.06694155931472778,16672,-0.06736195843540452,-0.18831349413302637
Movies,43,context_bilinear_absolute,text,D_XI_target_mean_dynamic_correction,0.24708425998687744,0.23162570595741272,0.1448173224925995,0.37424561381340027,0.41627973318099976,16672,-0.06736195843540452,-0.18831349413302637
Movies,43,context_bilinear_absolute,text,edge_execution_code_step_change_l2,0.08464579284191132,0.08014511317014694,0.0473078116774559,0.1288929283618927,0.1413498967885971,160802,-0.06736195843540452,-0.18831349413302637
Movies,43,context_bilinear_absolute,text,edge_operator_modulation_step_change_l2,0.03990361467003822,0.035993702709674835,0.020753206685185432,0.06565297394990921,0.0748310312628746,160802,-0.06736195843540452,-0.18831349413302637
Movies,43,context_bilinear_absolute,text,edge_operator_modulation_step_change_1_minus_cosine,8.052640623645857e-05,4.982948303222656e-05,1.8715858459472656e-05,0.00018476787954568863,0.00024777650833129883,160802,-0.06736195843540452,-0.18831349413302637
Movies,43,context_bilinear_absolute,visual,D_H_recipient_state_change,8.609268188476562,8.603302001953125,8.133386611938477,9.098052978515625,9.246071815490723,16672,0.0891642696132481,-0.013612868766095071
Movies,43,context_bilinear_absolute,visual,D_A_target_mean_modulation_change,0.13685451447963715,0.12791496515274048,0.05635618790984154,0.22971785068511963,0.25774556398391724,16672,0.0891642696132481,-0.013612868766095071
Movies,43,context_bilinear_absolute,visual,D_XI_target_mean_dynamic_correction,0.5259540677070618,0.4272587299346924,0.22268861532211304,0.9675402045249939,1.2154638767242432,16672,0.0891642696132481,-0.013612868766095071
Movies,43,context_bilinear_absolute,visual,edge_execution_code_step_change_l2,0.2843542695045471,0.2536259591579437,0.1162877231836319,0.5073612928390503,0.579856276512146,160802,0.0891642696132481,-0.013612868766095071
Movies,43,context_bilinear_absolute,visual,edge_operator_modulation_step_change_l2,0.13546262681484222,0.12225069105625153,0.04806491732597351,0.24051928520202637,0.2768419086933136,160802,0.0891642696132481,-0.013612868766095071
Movies,43,context_bilinear_absolute,visual,edge_operator_modulation_step_change_1_minus_cosine,0.0006012963131070137,0.0003273487091064453,5.221366882324219e-05,0.001516580581665039,0.0020674411207437515,160802,0.0891642696132481,-0.013612868766095071
Movies,43,context_bilinear_delta,text,D_H_recipient_state_change,8.403704643249512,8.35980224609375,7.933679103851318,8.954222679138184,9.142736434936523,16672,-0.06955161507057474,-0.010182943660564062
Movies,43,context_bilinear_delta,text,D_A_target_mean_modulation_change,0.0686725303530693,0.06763139367103577,0.04255659878253937,0.09578737616539001,0.10364674776792526,16672,-0.06955161507057474,-0.010182943660564062
Movies,43,context_bilinear_delta,text,D_XI_target_mean_dynamic_correction,0.15314875543117523,0.14912867546081543,0.09295428544282913,0.21931983530521393,0.23650482296943665,16672,-0.06955161507057474,-0.010182943660564062
Movies,43,context_bilinear_delta,text,edge_execution_code_step_change_l2,0.1486312448978424,0.1440943479537964,0.0764043927192688,0.228290393948555,0.24589167535305023,160802,-0.06955161507057474,-0.010182943660564062
Movies,43,context_bilinear_delta,text,edge_operator_modulation_step_change_l2,0.06824115663766861,0.06753544509410858,0.034695930778980255,0.10239731520414352,0.11168516427278519,160802,-0.06955161507057474,-0.010182943660564062
Movies,43,context_bilinear_delta,text,edge_operator_modulation_step_change_1_minus_cosine,0.000233493818086572,0.00018680095672607422,6.532669067382812e-05,0.0004677772521972656,0.0005748271942138672,160802,-0.06955161507057474,-0.010182943660564062
Movies,43,context_bilinear_delta,visual,D_H_recipient_state_change,8.636269569396973,8.631624221801758,8.148523330688477,9.134531021118164,9.28044605255127,16672,0.018536223338049367,-0.020166699106066107
Movies,43,context_bilinear_delta,visual,D_A_target_mean_modulation_change,0.46866026520729065,0.4521365761756897,0.3533373177051544,0.6360248923301697,0.6924691796302795,16672,0.018536223338049367,-0.020166699106066107
Movies,43,context_bilinear_delta,visual,D_XI_target_mean_dynamic_correction,1.335534691810608,1.3942458629608154,0.7409027218818665,1.8441846370697021,1.9156219959259033,16672,0.018536223338049367,-0.020166699106066107
Movies,43,context_bilinear_delta,visual,edge_execution_code_step_change_l2,1.4133983850479126,1.5573447942733765,0.6105068922042847,1.8954806327819824,1.951964259147644,160802,0.018536223338049367,-0.020166699106066107
Movies,43,context_bilinear_delta,visual,edge_operator_modulation_step_change_l2,0.4576241374015808,0.43296051025390625,0.33585864305496216,0.6577735543251038,0.7153762578964233,160802,0.018536223338049367,-0.020166699106066107
Movies,43,context_bilinear_delta,visual,edge_operator_modulation_step_change_1_minus_cosine,0.00419910391792655,0.002666950225830078,0.0011484622955322266,0.009894371032714844,0.01319374144077301,160802,0.018536223338049367,-0.020166699106066107
Movies,44,context_static,text,D_H_recipient_state_change,8.620756149291992,8.624147415161133,8.204981803894043,9.02955436706543,9.13870906829834,16672,nan,nan
Movies,44,context_static,text,D_A_target_mean_modulation_change,0.0,0.0,0.0,0.0,0.0,16672,nan,nan
Movies,44,context_static,text,D_XI_target_mean_dynamic_correction,0.0,0.0,0.0,0.0,0.0,16672,nan,nan
Movies,44,context_static,text,edge_execution_code_step_change_l2,0.0,0.0,0.0,0.0,0.0,160802,nan,nan
Movies,44,context_static,text,edge_operator_modulation_step_change_l2,0.0,0.0,0.0,0.0,0.0,160802,nan,nan
Movies,44,context_static,text,edge_operator_modulation_step_change_1_minus_cosine,9.404295120418737e-09,0.0,-1.1920928955078125e-07,1.1920928955078125e-07,1.1920928955078125e-07,160802,nan,nan
Movies,44,context_static,visual,D_H_recipient_state_change,8.574451446533203,8.561173439025879,8.099308967590332,9.080891609191895,9.232328414916992,16672,nan,nan
Movies,44,context_static,visual,D_A_target_mean_modulation_change,0.0,0.0,0.0,0.0,0.0,16672,nan,nan
Movies,44,context_static,visual,D_XI_target_mean_dynamic_correction,0.0,0.0,0.0,0.0,0.0,16672,nan,nan
Movies,44,context_static,visual,edge_execution_code_step_change_l2,0.0,0.0,0.0,0.0,0.0,160802,nan,nan
Movies,44,context_static,visual,edge_operator_modulation_step_change_l2,0.0,0.0,0.0,0.0,0.0,160802,nan,nan
Movies,44,context_static,visual,edge_operator_modulation_step_change_1_minus_cosine,8.303772780493546e-09,0.0,-1.1920928955078125e-07,1.1920928955078125e-07,1.1920928955078125e-07,160802,nan,nan
Movies,44,context_attn_dynamic,text,D_H_recipient_state_change,8.725156784057617,8.733686447143555,8.331779479980469,9.106732368469238,9.224883079528809,16672,0.04175062056887616,-0.04465598181281633
Movies,44,context_attn_dynamic,text,D_A_target_mean_modulation_change,0.14139623939990997,0.06049259752035141,0.012735334224998951,0.3597486913204193,0.5733366012573242,16672,0.04175062056887616,-0.04465598181281633
Movies,44,context_attn_dynamic,text,D_XI_target_mean_dynamic_correction,5.111421585083008,5.2752366065979,2.5258724689483643,7.330376148223877,7.865736484527588,16672,0.04175062056887616,-0.04465598181281633
Movies,44,context_attn_dynamic,text,edge_execution_code_step_change_l2,0.3223898708820343,0.13327142596244812,0.0264949481934309,0.8711634278297424,1.302601933479309,160802,0.04175062056887616,-0.04465598181281633
Movies,44,context_attn_dynamic,text,edge_operator_modulation_step_change_l2,0.13089172542095184,0.044785428792238235,0.007814502343535423,0.3475918471813202,0.5730177760124207,160802,0.04175062056887616,-0.04465598181281633
Movies,44,context_attn_dynamic,text,edge_operator_modulation_step_change_1_minus_cosine,0.003576938295736909,7.998943328857422e-05,2.0265579223632812e-06,0.005123741924762726,0.014828759245574474,160802,0.04175062056887616,-0.04465598181281633
Movies,44,context_attn_dynamic,visual,D_H_recipient_state_change,8.608699798583984,8.593917846679688,8.132250785827637,9.114350318908691,9.270536422729492,16672,0.03542994187899801,0.001959744050605268
Movies,44,context_attn_dynamic,visual,D_A_target_mean_modulation_change,1.238284707069397,0.8719922304153442,0.20684078335762024,2.8469977378845215,3.568983554840088,16672,0.03542994187899801,0.001959744050605268
Movies,44,context_attn_dynamic,visual,D_XI_target_mean_dynamic_correction,4.29719352722168,3.993129253387451,2.138923406600952,6.8893208503723145,8.075509071350098,16672,0.03542994187899801,0.001959744050605268
Movies,44,context_attn_dynamic,visual,edge_execution_code_step_change_l2,2.1520681381225586,1.602830410003662,0.4133376479148865,4.730497360229492,5.913622856140137,160802,0.03542994187899801,0.001959744050605268
Movies,44,context_attn_dynamic,visual,edge_operator_modulation_step_change_l2,1.2424501180648804,0.7707815766334534,0.15859276056289673,3.0927557945251465,4.010745525360107,160802,0.03542994187899801,0.001959744050605268
Movies,44,context_attn_dynamic,visual,edge_operator_modulation_step_change_1_minus_cosine,0.11265642940998077,0.017856121063232422,0.0006996453157626092,0.36429378390312195,0.6085876226425171,160802,0.03542994187899801,0.001959744050605268
Movies,44,context_bilinear_absolute,text,D_H_recipient_state_change,8.677857398986816,8.669931411743164,8.258584976196289,9.110654830932617,9.230325698852539,16672,0.07628072036740846,-0.02533528524010139
Movies,44,context_bilinear_absolute,text,D_A_target_mean_modulation_change,0.061189427971839905,0.058600760996341705,0.032264482229948044,0.09289807826280594,0.10521344095468521,16672,0.07628072036740846,-0.02533528524010139
Movies,44,context_bilinear_absolute,text,D_XI_target_mean_dynamic_correction,0.39566493034362793,0.3725694417953491,0.2205495983362198,0.6051164865493774,0.6773391366004944,16672,0.07628072036740846,-0.02533528524010139
Movies,44,context_bilinear_absolute,text,edge_execution_code_step_change_l2,0.12323347479104996,0.1181522011756897,0.05912104249000549,0.1940908432006836,0.21428927779197693,160802,0.07628072036740846,-0.02533528524010139
Movies,44,context_bilinear_absolute,text,edge_operator_modulation_step_change_l2,0.06060187891125679,0.05652155354619026,0.026514213532209396,0.10066260397434235,0.11525548994541168,160802,0.07628072036740846,-0.02533528524010139
Movies,44,context_bilinear_absolute,text,edge_operator_modulation_step_change_1_minus_cosine,0.00018679560162127018,0.00010955333709716797,2.4139881134033203e-05,0.00045037269592285156,0.0006343098357319832,160802,0.07628072036740846,-0.02533528524010139
Movies,44,context_bilinear_absolute,visual,D_H_recipient_state_change,8.590787887573242,8.574484825134277,8.112001419067383,9.09856128692627,9.252677917480469,16672,0.13336488195032287,-0.030827710309056774
Movies,44,context_bilinear_absolute,visual,D_A_target_mean_modulation_change,0.10562159866094589,0.09340229630470276,0.05257749557495117,0.1744222491979599,0.21162621676921844,16672,0.13336488195032287,-0.030827710309056774
Movies,44,context_bilinear_absolute,visual,D_XI_target_mean_dynamic_correction,0.7018893957138062,0.6205180883407593,0.2923714518547058,1.24216890335083,1.4208030700683594,16672,0.13336488195032287,-0.030827710309056774
Movies,44,context_bilinear_absolute,visual,edge_execution_code_step_change_l2,0.2330043613910675,0.2163355052471161,0.10694699734449387,0.38486528396606445,0.4343239367008209,160802,0.13336488195032287,-0.030827710309056774
Movies,44,context_bilinear_absolute,visual,edge_operator_modulation_step_change_l2,0.1060994490981102,0.08970203995704651,0.045668333768844604,0.1885901838541031,0.23544080555438995,160802,0.13336488195032287,-0.030827710309056774
Movies,44,context_bilinear_absolute,visual,edge_operator_modulation_step_change_1_minus_cosine,0.0004404163046274334,0.0001760721206665039,4.684925079345703e-05,0.0010166699066758156,0.0018367059528827667,160802,0.13336488195032287,-0.030827710309056774
Movies,44,context_bilinear_delta,text,D_H_recipient_state_change,8.645432472229004,8.650016784667969,8.222183227539062,9.064552307128906,9.173503875732422,16672,-0.009786874288539096,0.014657659222536357
Movies,44,context_bilinear_delta,text,D_A_target_mean_modulation_change,0.20673948526382446,0.20480957627296448,0.13307617604732513,0.2839249074459076,0.30545803904533386,16672,-0.009786874288539096,0.014657659222536357
Movies,44,context_bilinear_delta,text,D_XI_target_mean_dynamic_correction,0.4473736584186554,0.4432171583175659,0.2467714548110962,0.6582247614860535,0.6961508393287659,16672,-0.009786874288539096,0.014657659222536357
Movies,44,context_bilinear_delta,text,edge_execution_code_step_change_l2,0.4523286521434784,0.47857895493507385,0.16962526738643646,0.6917329430580139,0.721680223941803,160802,-0.009786874288539096,0.014657659222536357
Movies,44,context_bilinear_delta,text,edge_operator_modulation_step_change_l2,0.2051749974489212,0.20880922675132751,0.09433449804782867,0.3019028604030609,0.3270350396633148,160802,-0.009786874288539096,0.014657659222536357
Movies,44,context_bilinear_delta,text,edge_operator_modulation_step_change_1_minus_cosine,0.0015387522289529443,0.001149892807006836,0.00031059980392456055,0.003255009651184082,0.004174470901489258,160802,-0.009786874288539096,0.014657659222536357
Movies,44,context_bilinear_delta,visual,D_H_recipient_state_change,8.581027030944824,8.567350387573242,8.103599548339844,9.0836181640625,9.234434127807617,16672,-0.007318485487626253,-0.03155159880646074
Movies,44,context_bilinear_delta,visual,D_A_target_mean_modulation_change,0.24903430044651031,0.2495495080947876,0.18870514631271362,0.31098419427871704,0.3310741186141968,16672,-0.007318485487626253,-0.03155159880646074
Movies,44,context_bilinear_delta,visual,D_XI_target_mean_dynamic_correction,0.7127707600593567,0.7366737127304077,0.42063412070274353,0.9719505310058594,1.0252532958984375,16672,-0.007318485487626253,-0.03155159880646074
Movies,44,context_bilinear_delta,visual,edge_execution_code_step_change_l2,0.7015746235847473,0.7585376501083374,0.29813769459724426,0.9759527444839478,1.0223714113235474,160802,-0.007318485487626253,-0.03155159880646074
Movies,44,context_bilinear_delta,visual,edge_operator_modulation_step_change_l2,0.24826975166797638,0.2507977783679962,0.16717639565467834,0.3277933597564697,0.3573574721813202,160802,-0.007318485487626253,-0.03155159880646074
Movies,44,context_bilinear_delta,visual,edge_operator_modulation_step_change_1_minus_cosine,0.0012769330060109496,0.0009968280792236328,0.00046378973638638854,0.0024510491639375687,0.0032232971861958504,160802,-0.007318485487626253,-0.03155159880646074
Grocery,42,context_static,text,D_H_recipient_state_change,8.785687446594238,8.756054878234863,8.260149002075195,9.351920127868652,9.544443130493164,17074,nan,nan
Grocery,42,context_static,text,D_A_target_mean_modulation_change,0.0,0.0,0.0,0.0,0.0,17074,nan,nan
Grocery,42,context_static,text,D_XI_target_mean_dynamic_correction,0.0,0.0,0.0,0.0,0.0,17074,nan,nan
Grocery,42,context_static,text,edge_execution_code_step_change_l2,0.0,0.0,0.0,0.0,0.0,142262,nan,nan
Grocery,42,context_static,text,edge_operator_modulation_step_change_l2,0.0,0.0,0.0,0.0,0.0,142262,nan,nan
Grocery,42,context_static,text,edge_operator_modulation_step_change_1_minus_cosine,9.046991600314414e-09,0.0,-1.1920928955078125e-07,1.1920928955078125e-07,1.1920928955078125e-07,142262,nan,nan
Grocery,42,context_static,visual,D_H_recipient_state_change,9.176373481750488,8.914710998535156,8.18073844909668,10.630833625793457,11.09317398071289,17074,nan,nan
Grocery,42,context_static,visual,D_A_target_mean_modulation_change,0.0,0.0,0.0,0.0,0.0,17074,nan,nan
Grocery,42,context_static,visual,D_XI_target_mean_dynamic_correction,0.0,0.0,0.0,0.0,0.0,17074,nan,nan
Grocery,42,context_static,visual,edge_execution_code_step_change_l2,0.0,0.0,0.0,0.0,0.0,142262,nan,nan
Grocery,42,context_static,visual,edge_operator_modulation_step_change_l2,0.0,0.0,0.0,0.0,0.0,142262,nan,nan
Grocery,42,context_static,visual,edge_operator_modulation_step_change_1_minus_cosine,7.893126152680452e-09,0.0,-1.1920928955078125e-07,1.1920928955078125e-07,1.1920928955078125e-07,142262,nan,nan
Grocery,42,context_attn_dynamic,text,D_H_recipient_state_change,8.870457649230957,8.759082794189453,8.205839157104492,9.728896141052246,10.074445724487305,17074,0.08124307047460633,0.156279953781256
Grocery,42,context_attn_dynamic,text,D_A_target_mean_modulation_change,0.41798287630081177,0.2934286594390869,0.06816580891609192,0.9166987538337708,1.222110390663147,17074,0.08124307047460633,0.156279953781256
Grocery,42,context_attn_dynamic,text,D_XI_target_mean_dynamic_correction,4.911617279052734,4.769017219543457,2.6681487560272217,7.34961462020874,8.29708480834961,17074,0.08124307047460633,0.156279953781256
Grocery,42,context_attn_dynamic,text,edge_execution_code_step_change_l2,0.9162557721138,0.5869202613830566,0.11109035462141037,2.114976167678833,2.920780897140503,142262,0.08124307047460633,0.156279953781256
Grocery,42,context_attn_dynamic,text,edge_operator_modulation_step_change_l2,0.4378747045993805,0.25777971744537354,0.04613279923796654,1.0364458560943604,1.4562803506851196,142262,0.08124307047460633,0.156279953781256
Grocery,42,context_attn_dynamic,text,edge_operator_modulation_step_change_1_minus_cosine,0.015775587409734726,0.0019370019435882568,5.91278076171875e-05,0.03362641483545303,0.06850642710924149,142262,0.08124307047460633,0.156279953781256
Grocery,42,context_attn_dynamic,visual,D_H_recipient_state_change,9.370028495788574,9.087837219238281,8.241790771484375,10.977855682373047,11.431612014770508,17074,-0.05769812442581535,0.28025130538987425
Grocery,42,context_attn_dynamic,visual,D_A_target_mean_modulation_change,0.8065634369850159,0.4707670211791992,0.07394196093082428,1.9623216390609741,2.734102487564087,17074,-0.05769812442581535,0.28025130538987425
Grocery,42,context_attn_dynamic,visual,D_XI_target_mean_dynamic_correction,4.194293022155762,4.066108703613281,2.0400335788726807,6.563461780548096,7.235515594482422,17074,-0.05769812442581535,0.28025130538987425
Grocery,42,context_attn_dynamic,visual,edge_execution_code_step_change_l2,1.3206188678741455,0.8211210370063782,0.1347019225358963,3.1591012477874756,4.3004841804504395,142262,-0.05769812442581535,0.28025130538987425
Grocery,42,context_attn_dynamic,visual,edge_operator_modulation_step_change_l2,0.7333279848098755,0.36779069900512695,0.04596604406833649,1.8997125625610352,2.7336652278900146,142262,-0.05769812442581535,0.28025130538987425
Grocery,42,context_attn_dynamic,visual,edge_operator_modulation_step_change_1_minus_cosine,0.044048409909009933,0.003538668155670166,4.851818084716797e-05,0.10656536370515823,0.22769103944301605,142262,-0.05769812442581535,0.28025130538987425
Grocery,42,context_bilinear_absolute,text,D_H_recipient_state_change,8.812093734741211,8.770381927490234,8.264284133911133,9.411335945129395,9.629849433898926,17074,0.23720844656120618,-0.020747384335709836
Grocery,42,context_bilinear_absolute,text,D_A_target_mean_modulation_change,0.30502042174339294,0.278334379196167,0.14233443140983582,0.5029142498970032,0.5911658406257629,17074,0.23720844656120618,-0.020747384335709836
Grocery,42,context_bilinear_absolute,text,D_XI_target_mean_dynamic_correction,1.9695779085159302,1.89081871509552,1.0872972011566162,2.9737956523895264,3.282618522644043,17074,0.23720844656120618,-0.020747384335709836
Grocery,42,context_bilinear_absolute,text,edge_execution_code_step_change_l2,0.6105793714523315,0.5796976089477539,0.3156779408454895,0.9446150064468384,1.0748405456542969,142262,0.23720844656120618,-0.020747384335709836
Grocery,42,context_bilinear_absolute,text,edge_operator_modulation_step_change_l2,0.3046989440917969,0.2678506374359131,0.12486188858747482,0.5349950194358826,0.6355770230293274,142262,0.23720844656120618,-0.020747384335709836
Grocery,42,context_bilinear_absolute,text,edge_operator_modulation_step_change_1_minus_cosine,0.0032804529182612896,0.0016817152500152588,0.00030923489248380065,0.007983142510056496,0.011716045439243317,142262,0.23720844656120618,-0.020747384335709836
Grocery,42,context_bilinear_absolute,visual,D_H_recipient_state_change,9.277594566345215,9.000099182128906,8.219367027282715,10.823904991149902,11.333389282226562,17074,0.4177869316415895,0.1581118104404012
Grocery,42,context_bilinear_absolute,visual,D_A_target_mean_modulation_change,0.3944317400455475,0.3451867699623108,0.1683681160211563,0.6812134385108948,0.819010317325592,17074,0.4177869316415895,0.1581118104404012
Grocery,42,context_bilinear_absolute,visual,D_XI_target_mean_dynamic_correction,1.6718895435333252,1.5783026218414307,0.8457788228988647,2.6365950107574463,2.904106855392456,17074,0.4177869316415895,0.1581118104404012
Grocery,42,context_bilinear_absolute,visual,edge_execution_code_step_change_l2,0.7392629981040955,0.6028342247009277,0.2965041995048523,1.3756505250930786,1.673548936843872,142262,0.4177869316415895,0.1581118104404012
Grocery,42,context_bilinear_absolute,visual,edge_operator_modulation_step_change_l2,0.3865416347980499,0.3406897187232971,0.14516308903694153,0.6789877414703369,0.8104138374328613,142262,0.4177869316415895,0.1581118104404012
Grocery,42,context_bilinear_absolute,visual,edge_operator_modulation_step_change_1_minus_cosine,0.005101383663713932,0.0028319060802459717,0.0004984140396118164,0.011708795092999935,0.01689707115292549,142262,0.4177869316415895,0.1581118104404012
Grocery,42,context_bilinear_delta,text,D_H_recipient_state_change,8.759079933166504,8.730220794677734,8.236309051513672,9.301379203796387,9.498717308044434,17074,-0.05853584209487355,-0.12623614520003784
Grocery,42,context_bilinear_delta,text,D_A_target_mean_modulation_change,0.5071808695793152,0.4685218036174774,0.24374015629291534,0.8310831189155579,0.9474517703056335,17074,-0.05853584209487355,-0.12623614520003784
Grocery,42,context_bilinear_delta,text,D_XI_target_mean_dynamic_correction,1.1517051458358765,1.0477741956710815,0.5301727652549744,1.9403250217437744,2.153996467590332,17074,-0.05853584209487355,-0.12623614520003784
Grocery,42,context_bilinear_delta,text,edge_execution_code_step_change_l2,1.0454555749893188,0.9160882234573364,0.4632032811641693,1.8412808179855347,2.061105489730835,142262,-0.05853584209487355,-0.12623614520003784
Grocery,42,context_bilinear_delta,text,edge_operator_modulation_step_change_l2,0.47435152530670166,0.4240638017654419,0.20116528868675232,0.8178251385688782,0.9500786662101746,142262,-0.05853584209487355,-0.12623614520003784
Grocery,42,context_bilinear_delta,text,edge_operator_modulation_step_change_1_minus_cosine,0.007482405286282301,0.00429379940032959,0.0009291172027587891,0.01827147603034973,0.025557730346918106,142262,-0.05853584209487355,-0.12623614520003784
Grocery,42,context_bilinear_delta,visual,D_H_recipient_state_change,9.1845064163208,8.93881607055664,8.202859878540039,10.606386184692383,11.110261917114258,17074,0.2469582137486603,0.14038212316887705
Grocery,42,context_bilinear_delta,visual,D_A_target_mean_modulation_change,0.48863792419433594,0.44413721561431885,0.21304959058761597,0.8419181108474731,0.9515573978424072,17074,0.2469582137486603,0.14038212316887705
Grocery,42,context_bilinear_delta,visual,D_XI_target_mean_dynamic_correction,1.0361769199371338,0.9079216718673706,0.42252781987190247,1.8682982921600342,2.131566047668457,17074,0.2469582137486603,0.14038212316887705
Grocery,42,context_bilinear_delta,visual,edge_execution_code_step_change_l2,1.044242262840271,0.8955427408218384,0.388526976108551,1.9588279724121094,2.204360246658325,142262,0.2469582137486603,0.14038212316887705
Grocery,42,context_bilinear_delta,visual,edge_operator_modulation_step_change_l2,0.491440087556839,0.43641167879104614,0.1915690302848816,0.8899025917053223,0.991357684135437,142262,0.2469582137486603,0.14038212316887705
Grocery,42,context_bilinear_delta,visual,edge_operator_modulation_step_change_1_minus_cosine,0.0075518544763326645,0.004352450370788574,0.0008626104099676013,0.019242024049162865,0.024513527750968933,142262,0.2469582137486603,0.14038212316887705
Grocery,43,context_static,text,D_H_recipient_state_change,8.746323585510254,8.703332901000977,8.206066131591797,9.322452545166016,9.596259117126465,17074,nan,nan
Grocery,43,context_static,text,D_A_target_mean_modulation_change,0.0,0.0,0.0,0.0,0.0,17074,nan,nan
Grocery,43,context_static,text,D_XI_target_mean_dynamic_correction,0.0,0.0,0.0,0.0,0.0,17074,nan,nan
Grocery,43,context_static,text,edge_execution_code_step_change_l2,0.0,0.0,0.0,0.0,0.0,142262,nan,nan
Grocery,43,context_static,text,edge_operator_modulation_step_change_l2,0.0,0.0,0.0,0.0,0.0,142262,nan,nan
Grocery,43,context_static,text,edge_operator_modulation_step_change_1_minus_cosine,8.99629526429635e-09,0.0,-1.1920928955078125e-07,1.1920928955078125e-07,1.1920928955078125e-07,142262,nan,nan
Grocery,43,context_static,visual,D_H_recipient_state_change,9.007166862487793,8.847162246704102,8.169827461242676,10.14417552947998,10.605597496032715,17074,nan,nan
Grocery,43,context_static,visual,D_A_target_mean_modulation_change,0.0,0.0,0.0,0.0,0.0,17074,nan,nan
Grocery,43,context_static,visual,D_XI_target_mean_dynamic_correction,0.0,0.0,0.0,0.0,0.0,17074,nan,nan
Grocery,43,context_static,visual,edge_execution_code_step_change_l2,0.0,0.0,0.0,0.0,0.0,142262,nan,nan
Grocery,43,context_static,visual,edge_operator_modulation_step_change_l2,0.0,0.0,0.0,0.0,0.0,142262,nan,nan
Grocery,43,context_static,visual,edge_operator_modulation_step_change_1_minus_cosine,8.623405101104709e-09,0.0,-1.1920928955078125e-07,1.1920928955078125e-07,1.1920928955078125e-07,142262,nan,nan
Grocery,43,context_attn_dynamic,text,D_H_recipient_state_change,8.780526161193848,8.711183547973633,8.217814445495605,9.396697044372559,9.731096267700195,17074,-0.0242782407943361,0.02209661368834712
Grocery,43,context_attn_dynamic,text,D_A_target_mean_modulation_change,0.4724726676940918,0.3636343479156494,0.10764673352241516,0.9693828225135803,1.231501817703247,17074,-0.0242782407943361,0.02209661368834712
Grocery,43,context_attn_dynamic,text,D_XI_target_mean_dynamic_correction,4.431168556213379,4.321995735168457,2.3870224952697754,6.614930152893066,7.274497985839844,17074,-0.0242782407943361,0.02209661368834712
Grocery,43,context_attn_dynamic,text,edge_execution_code_step_change_l2,1.0267611742019653,0.8034449219703674,0.21056672930717468,2.1225080490112305,2.7057790756225586,142262,-0.0242782407943361,0.02209661368834712
Grocery,43,context_attn_dynamic,text,edge_operator_modulation_step_change_l2,0.47513049840927124,0.32938194274902344,0.0755246952176094,1.055985450744629,1.4062392711639404,142262,-0.0242782407943361,0.02209661368834712
Grocery,43,context_attn_dynamic,text,edge_operator_modulation_step_change_1_minus_cosine,0.016132984310388565,0.0031736791133880615,0.00015151500701904297,0.038298897445201874,0.07233446836471558,142262,-0.0242782407943361,0.02209661368834712
Grocery,43,context_attn_dynamic,visual,D_H_recipient_state_change,9.110880851745605,8.954360961914062,8.202284812927246,10.307842254638672,10.724729537963867,17074,0.05348839732250068,0.001198919663680814
Grocery,43,context_attn_dynamic,visual,D_A_target_mean_modulation_change,0.8945204615592957,0.5986621975898743,0.1408078372478485,2.0507431030273438,2.776480197906494,17074,0.05348839732250068,0.001198919663680814
Grocery,43,context_attn_dynamic,visual,D_XI_target_mean_dynamic_correction,4.29067850112915,4.081470489501953,2.1239404678344727,6.821140289306641,7.67582893371582,17074,0.05348839732250068,0.001198919663680814
Grocery,43,context_attn_dynamic,visual,edge_execution_code_step_change_l2,1.6047745943069458,1.0929603576660156,0.2434539943933487,3.6781668663024902,4.86123514175415,142262,0.05348839732250068,0.001198919663680814
Grocery,43,context_attn_dynamic,visual,edge_operator_modulation_step_change_l2,0.937079906463623,0.5053536891937256,0.08671028912067413,2.4073708057403564,3.411057710647583,142262,0.05348839732250068,0.001198919663680814
Grocery,43,context_attn_dynamic,visual,edge_operator_modulation_step_change_1_minus_cosine,0.0693555399775505,0.007181286811828613,0.00018144253408536315,0.18769234418869019,0.38579413294792175,142262,0.05348839732250068,0.001198919663680814
Grocery,43,context_bilinear_absolute,text,D_H_recipient_state_change,8.769457817077637,8.720575332641602,8.23498249053955,9.339037895202637,9.605986595153809,17074,0.12146420301894605,0.10983771802678635
Grocery,43,context_bilinear_absolute,text,D_A_target_mean_modulation_change,0.20494748651981354,0.17373085021972656,0.07015398144721985,0.3836209774017334,0.4592163562774658,17074,0.12146420301894605,0.10983771802678635
Grocery,43,context_bilinear_absolute,text,D_XI_target_mean_dynamic_correction,0.9938592314720154,0.8898775577545166,0.4344223737716675,1.723954677581787,1.9836574792861938,17074,0.12146420301894605,0.10983771802678635
Grocery,43,context_bilinear_absolute,text,edge_execution_code_step_change_l2,0.3721998631954193,0.32337450981140137,0.1323547214269638,0.692845344543457,0.7908353805541992,142262,0.12146420301894605,0.10983771802678635
Grocery,43,context_bilinear_absolute,text,edge_operator_modulation_step_change_l2,0.21386006474494934,0.1740090548992157,0.05982660874724388,0.43356406688690186,0.5224579572677612,142262,0.12146420301894605,0.10983771802678635
Grocery,43,context_bilinear_absolute,text,edge_operator_modulation_step_change_1_minus_cosine,0.0020828640554100275,0.0007727146148681641,8.499622344970703e-05,0.005889188498258591,0.008894137106835842,142262,0.12146420301894605,0.10983771802678635
Grocery,43,context_bilinear_absolute,visual,D_H_recipient_state_change,9.071298599243164,8.903463363647461,8.200374603271484,10.259990692138672,10.697283744812012,17074,-0.022616183049297685,0.03245013348993464
Grocery,43,context_bilinear_absolute,visual,D_A_target_mean_modulation_change,0.3192635178565979,0.28069037199020386,0.09294535964727402,0.593867301940918,0.7042881846427917,17074,-0.022616183049297685,0.03245013348993464
Grocery,43,context_bilinear_absolute,visual,D_XI_target_mean_dynamic_correction,1.1239759922027588,0.919498085975647,0.41200557351112366,2.1843652725219727,2.735464572906494,17074,-0.022616183049297685,0.03245013348993464
Grocery,43,context_bilinear_absolute,visual,edge_execution_code_step_change_l2,0.5661572217941284,0.502026379108429,0.21448592841625214,1.0082870721817017,1.1591541767120361,142262,-0.022616183049297685,0.03245013348993464
Grocery,43,context_bilinear_absolute,visual,edge_operator_modulation_step_change_l2,0.3034941256046295,0.2532927989959717,0.0776631161570549,0.5993608236312866,0.7064218521118164,142262,-0.022616183049297685,0.03245013348993464
Grocery,43,context_bilinear_absolute,visual,edge_operator_modulation_step_change_1_minus_cosine,0.003516032127663493,0.0014617443084716797,0.00011205673217773438,0.009497683495283127,0.013906558975577354,142262,-0.022616183049297685,0.03245013348993464
Grocery,43,context_bilinear_delta,text,D_H_recipient_state_change,8.749333381652832,8.695943832397461,8.211691856384277,9.322335243225098,9.615092277526855,17074,0.06477568514092676,0.1939892008353549
Grocery,43,context_bilinear_delta,text,D_A_target_mean_modulation_change,0.29302114248275757,0.274379163980484,0.19652661681175232,0.4125854969024658,0.4736887216567993,17074,0.06477568514092676,0.1939892008353549
Grocery,43,context_bilinear_delta,text,D_XI_target_mean_dynamic_correction,0.8152500987052917,0.7988359332084656,0.565102756023407,1.0883078575134277,1.1830637454986572,17074,0.06477568514092676,0.1939892008353549
Grocery,43,context_bilinear_delta,text,edge_execution_code_step_change_l2,0.7908539175987244,0.772666335105896,0.5134170651435852,1.0905003547668457,1.2020492553710938,142262,0.06477568514092676,0.1939892008353549
Grocery,43,context_bilinear_delta,text,edge_operator_modulation_step_change_l2,0.29325005412101746,0.2686734199523926,0.18055209517478943,0.44055432081222534,0.5116762518882751,142262,0.06477568514092676,0.1939892008353549
Grocery,43,context_bilinear_delta,text,edge_operator_modulation_step_change_1_minus_cosine,0.0025495525915175676,0.0016061961650848389,0.0005223751068115234,0.0055855391547083855,0.007988314144313335,142262,0.06477568514092676,0.1939892008353549
Grocery,43,context_bilinear_delta,visual,D_H_recipient_state_change,9.003926277160645,8.839435577392578,8.155595779418945,10.154999732971191,10.603127479553223,17074,0.06015531463137081,0.051413528219884805
Grocery,43,context_bilinear_delta,visual,D_A_target_mean_modulation_change,0.36361685395240784,0.3448254466056824,0.135538712143898,0.6130211353302002,0.6928477883338928,17074,0.06015531463137081,0.051413528219884805
Grocery,43,context_bilinear_delta,visual,D_XI_target_mean_dynamic_correction,0.8620465993881226,0.7613633871078491,0.3392582833766937,1.5587975978851318,1.8356624841690063,17074,0.06015531463137081,0.051413528219884805
Grocery,43,context_bilinear_delta,visual,edge_execution_code_step_change_l2,0.9178858995437622,0.7996299266815186,0.31468382477760315,1.7642008066177368,2.018717050552368,142262,0.06015531463137081,0.051413528219884805
Grocery,43,context_bilinear_delta,visual,edge_operator_modulation_step_change_l2,0.3910024166107178,0.3538661003112793,0.1250060796737671,0.7121520638465881,0.8081861734390259,142262,0.06015531463137081,0.051413528219884805
Grocery,43,context_bilinear_delta,visual,edge_operator_modulation_step_change_1_minus_cosine,0.004619262181222439,0.0023560523986816406,0.0003358125686645508,0.012251848354935646,0.016821669414639473,142262,0.06015531463137081,0.051413528219884805
Grocery,44,context_static,text,D_H_recipient_state_change,8.75306510925293,8.709548950195312,8.212873458862305,9.34360408782959,9.58293628692627,17074,nan,nan
Grocery,44,context_static,text,D_A_target_mean_modulation_change,0.0,0.0,0.0,0.0,0.0,17074,nan,nan
Grocery,44,context_static,text,D_XI_target_mean_dynamic_correction,0.0,0.0,0.0,0.0,0.0,17074,nan,nan
Grocery,44,context_static,text,edge_execution_code_step_change_l2,0.0,0.0,0.0,0.0,0.0,142262,nan,nan
Grocery,44,context_static,text,edge_operator_modulation_step_change_l2,0.0,0.0,0.0,0.0,0.0,142262,nan,nan
Grocery,44,context_static,text,edge_operator_modulation_step_change_1_minus_cosine,8.578992627406024e-09,0.0,-1.1920928955078125e-07,1.1920928955078125e-07,1.1920928955078125e-07,142262,nan,nan
Grocery,44,context_static,visual,D_H_recipient_state_change,9.081933975219727,8.904787063598633,8.166404724121094,10.264540672302246,11.033978462219238,17074,nan,nan
Grocery,44,context_static,visual,D_A_target_mean_modulation_change,0.0,0.0,0.0,0.0,0.0,17074,nan,nan
Grocery,44,context_static,visual,D_XI_target_mean_dynamic_correction,0.0,0.0,0.0,0.0,0.0,17074,nan,nan
Grocery,44,context_static,visual,edge_execution_code_step_change_l2,0.0,0.0,0.0,0.0,0.0,142262,nan,nan
Grocery,44,context_static,visual,edge_operator_modulation_step_change_l2,0.0,0.0,0.0,0.0,0.0,142262,nan,nan
Grocery,44,context_static,visual,edge_operator_modulation_step_change_1_minus_cosine,8.242553306558875e-09,0.0,-1.1920928955078125e-07,1.1920928955078125e-07,1.1920928955078125e-07,142262,nan,nan
Grocery,44,context_attn_dynamic,text,D_H_recipient_state_change,8.724900245666504,8.70085620880127,8.23076057434082,9.244194030761719,9.412604331970215,17074,0.136582709833228,-0.04885434599341775
Grocery,44,context_attn_dynamic,text,D_A_target_mean_modulation_change,0.2707994282245636,0.1466262936592102,0.028455747291445732,0.6337923407554626,0.9542694091796875,17074,0.136582709833228,-0.04885434599341775
Grocery,44,context_attn_dynamic,text,D_XI_target_mean_dynamic_correction,3.7671377658843994,3.548863649368286,1.9156699180603027,5.8114423751831055,6.894269943237305,17074,0.136582709833228,-0.04885434599341775
Grocery,44,context_attn_dynamic,text,edge_execution_code_step_change_l2,0.7459741830825806,0.46063846349716187,0.0945420190691948,1.7457375526428223,2.4473702907562256,142262,0.136582709833228,-0.04885434599341775
Grocery,44,context_attn_dynamic,text,edge_operator_modulation_step_change_l2,0.2837584316730499,0.13410872220993042,0.024722356349229813,0.682741641998291,1.0595672130584717,142262,0.136582709833228,-0.04885434599341775
Grocery,44,context_attn_dynamic,text,edge_operator_modulation_step_change_1_minus_cosine,0.010479464195668697,0.0004819631576538086,1.5676021575927734e-05,0.0143415667116642,0.03839341923594475,142262,0.136582709833228,-0.04885434599341775
Grocery,44,context_attn_dynamic,visual,D_H_recipient_state_change,8.974042892456055,8.827713012695312,8.121356964111328,10.010390281677246,10.75312614440918,17074,0.16737384839654715,-0.03625622728593296
Grocery,44,context_attn_dynamic,visual,D_A_target_mean_modulation_change,0.4699033796787262,0.262384295463562,0.048645980656147,1.1471048593521118,1.6260071992874146,17074,0.16737384839654715,-0.03625622728593296
Grocery,44,context_attn_dynamic,visual,D_XI_target_mean_dynamic_correction,4.543758392333984,4.435672283172607,2.3778371810913086,6.869540691375732,7.583670616149902,17074,0.16737384839654715,-0.03625622728593296
Grocery,44,context_attn_dynamic,visual,edge_execution_code_step_change_l2,0.8197270035743713,0.4863252639770508,0.08048480749130249,1.977062463760376,2.764350175857544,142262,0.16737384839654715,-0.03625622728593296
Grocery,44,context_attn_dynamic,visual,edge_operator_modulation_step_change_l2,0.40524977445602417,0.2111736685037613,0.03163621947169304,1.0198746919631958,1.478559136390686,142262,0.16737384839654715,-0.03625622728593296
Grocery,44,context_attn_dynamic,visual,edge_operator_modulation_step_change_1_minus_cosine,0.014705706387758255,0.0012905597686767578,2.7894973754882812e-05,0.03257749229669571,0.07048559188842773,142262,0.16737384839654715,-0.03625622728593296
Grocery,44,context_bilinear_absolute,text,D_H_recipient_state_change,8.700461387634277,8.667978286743164,8.182981491088867,9.243101119995117,9.440258979797363,17074,0.10932186939615639,0.03951551044835427
Grocery,44,context_bilinear_absolute,text,D_A_target_mean_modulation_change,0.23273742198944092,0.2088308334350586,0.11490519344806671,0.3853953182697296,0.4497559666633606,17074,0.10932186939615639,0.03951551044835427
Grocery,44,context_bilinear_absolute,text,D_XI_target_mean_dynamic_correction,1.507598638534546,1.4092316627502441,0.7803808450698853,2.38777756690979,2.747893810272217,17074,0.10932186939615639,0.03951551044835427
Grocery,44,context_bilinear_absolute,text,edge_execution_code_step_change_l2,0.4452979862689972,0.42207545042037964,0.22453251481056213,0.7036108374595642,0.7864841222763062,142262,0.10932186939615639,0.03951551044835427
Grocery,44,context_bilinear_absolute,text,edge_operator_modulation_step_change_l2,0.21608148515224457,0.19106809794902802,0.0970543920993805,0.3743920922279358,0.43860700726509094,142262,0.10932186939615639,0.03951551044835427
Grocery,44,context_bilinear_absolute,text,edge_operator_modulation_step_change_1_minus_cosine,0.001608493272215128,0.0008781850337982178,0.00017440918600186706,0.003962361253798008,0.005642879754304886,142262,0.10932186939615639,0.03951551044835427
Grocery,44,context_bilinear_absolute,visual,D_H_recipient_state_change,9.11868667602539,8.926490783691406,8.195940017700195,10.325005531311035,11.094454765319824,17074,0.19235280529931173,0.06648390714981514
Grocery,44,context_bilinear_absolute,visual,D_A_target_mean_modulation_change,0.3079790771007538,0.27012988924980164,0.13790997862815857,0.5290331840515137,0.6274803876876831,17074,0.19235280529931173,0.06648390714981514
Grocery,44,context_bilinear_absolute,visual,D_XI_target_mean_dynamic_correction,1.1896475553512573,1.098334789276123,0.6682327389717102,1.8344385623931885,2.141140937805176,17074,0.19235280529931173,0.06648390714981514
Grocery,44,context_bilinear_absolute,visual,edge_execution_code_step_change_l2,0.535862922668457,0.4785197377204895,0.24428939819335938,0.9129447937011719,1.0813984870910645,142262,0.19235280529931173,0.06648390714981514
Grocery,44,context_bilinear_absolute,visual,edge_operator_modulation_step_change_l2,0.31163737177848816,0.2713497281074524,0.12174917757511139,0.5518391728401184,0.6564463973045349,142262,0.19235280529931173,0.06648390714981514
Grocery,44,context_bilinear_absolute,visual,edge_operator_modulation_step_change_1_minus_cosine,0.003848272142931819,0.0020392239093780518,0.0003838539123535156,0.009348029270768166,0.013310021720826626,142262,0.19235280529931173,0.06648390714981514
Grocery,44,context_bilinear_delta,text,D_H_recipient_state_change,8.701691627502441,8.683034896850586,8.219327926635742,9.200248718261719,9.363186836242676,17074,-0.05840274503865029,0.19946298179847374
Grocery,44,context_bilinear_delta,text,D_A_target_mean_modulation_change,0.4250456392765045,0.42326050996780396,0.31094107031822205,0.5489604473114014,0.5895265340805054,17074,-0.05840274503865029,0.19946298179847374
Grocery,44,context_bilinear_delta,text,D_XI_target_mean_dynamic_correction,1.1124536991119385,1.1565570831298828,0.638769805431366,1.5209707021713257,1.592621922492981,17074,-0.05840274503865029,0.19946298179847374
Grocery,44,context_bilinear_delta,text,edge_execution_code_step_change_l2,1.1594269275665283,1.245672583580017,0.5416266322135925,1.585788607597351,1.6369215250015259,142262,-0.05840274503865029,0.19946298179847374
Grocery,44,context_bilinear_delta,text,edge_operator_modulation_step_change_l2,0.4247792065143585,0.4227607846260071,0.28766727447509766,0.5803970694541931,0.6260554790496826,142262,-0.05840274503865029,0.19946298179847374
Grocery,44,context_bilinear_delta,text,edge_operator_modulation_step_change_1_minus_cosine,0.0038417477626353502,0.0030121803283691406,0.0009094476699829102,0.007683747913688421,0.00968334823846817,142262,-0.05840274503865029,0.19946298179847374
Grocery,44,context_bilinear_delta,visual,D_H_recipient_state_change,8.99443244934082,8.841578483581543,8.139198303222656,10.03182315826416,10.873708724975586,17074,-0.025188225075574944,0.057547760152614036
Grocery,44,context_bilinear_delta,visual,D_A_target_mean_modulation_change,0.41696634888648987,0.41012439131736755,0.27115777134895325,0.5697149038314819,0.6122221350669861,17074,-0.025188225075574944,0.057547760152614036
Grocery,44,context_bilinear_delta,visual,D_XI_target_mean_dynamic_correction,1.0243771076202393,1.0119843482971191,0.5964081287384033,1.4903098344802856,1.5828908681869507,17074,-0.025188225075574944,0.057547760152614036
Grocery,44,context_bilinear_delta,visual,edge_execution_code_step_change_l2,1.0727041959762573,1.0821762084960938,0.5389304757118225,1.5807409286499023,1.6425344944000244,142262,-0.025188225075574944,0.057547760152614036
Grocery,44,context_bilinear_delta,visual,edge_operator_modulation_step_change_l2,0.4193372130393982,0.4062110185623169,0.24206295609474182,0.6053017973899841,0.6502373218536377,142262,-0.025188225075574944,0.057547760152614036
Grocery,44,context_bilinear_delta,visual,edge_operator_modulation_step_change_1_minus_cosine,0.00465694535523653,0.0038705170154571533,0.001374965999275446,0.008948910050094128,0.010659921914339066,142262,-0.025188225075574944,0.057547760152614036
Reddit-S,42,context_static,text,D_H_recipient_state_change,9.695405006408691,9.692520141601562,8.972955703735352,10.438246726989746,10.66701889038086,15894,nan,nan
Reddit-S,42,context_static,text,D_A_target_mean_modulation_change,0.0,0.0,0.0,0.0,0.0,15894,nan,nan
Reddit-S,42,context_static,text,D_XI_target_mean_dynamic_correction,0.0,0.0,0.0,0.0,0.0,15894,nan,nan
Reddit-S,42,context_static,text,edge_execution_code_step_change_l2,0.0,0.0,0.0,0.0,0.0,283080,nan,nan
Reddit-S,42,context_static,text,edge_operator_modulation_step_change_l2,0.0,0.0,0.0,0.0,0.0,283080,nan,nan
Reddit-S,42,context_static,text,edge_operator_modulation_step_change_1_minus_cosine,8.130892403812595e-09,0.0,-1.1920928955078125e-07,1.1920928955078125e-07,1.1920928955078125e-07,283080,nan,nan
Reddit-S,42,context_static,visual,D_H_recipient_state_change,8.504904747009277,8.380461692810059,7.78093147277832,9.462387084960938,9.794240951538086,15894,nan,nan
Reddit-S,42,context_static,visual,D_A_target_mean_modulation_change,0.0,0.0,0.0,0.0,0.0,15894,nan,nan
Reddit-S,42,context_static,visual,D_XI_target_mean_dynamic_correction,0.0,0.0,0.0,0.0,0.0,15894,nan,nan
Reddit-S,42,context_static,visual,edge_execution_code_step_change_l2,0.0,0.0,0.0,0.0,0.0,283080,nan,nan
Reddit-S,42,context_static,visual,edge_operator_modulation_step_change_l2,0.0,0.0,0.0,0.0,0.0,283080,nan,nan
Reddit-S,42,context_static,visual,edge_operator_modulation_step_change_1_minus_cosine,8.703818998867519e-09,0.0,-1.1920928955078125e-07,1.1920928955078125e-07,1.1920928955078125e-07,283080,nan,nan
Reddit-S,42,context_attn_dynamic,text,D_H_recipient_state_change,9.793628692626953,9.789359092712402,8.992770195007324,10.608331680297852,10.842251777648926,15894,-0.36624911717460584,0.36641289862307874
Reddit-S,42,context_attn_dynamic,text,D_A_target_mean_modulation_change,0.1916542798280716,0.061125509440898895,0.005330340005457401,0.5027090907096863,0.8284164667129517,15894,-0.36624911717460584,0.36641289862307874
Reddit-S,42,context_attn_dynamic,text,D_XI_target_mean_dynamic_correction,4.967327117919922,5.110954284667969,2.5416653156280518,7.1175994873046875,7.606189727783203,15894,-0.36624911717460584,0.36641289862307874
Reddit-S,42,context_attn_dynamic,text,edge_execution_code_step_change_l2,0.393052339553833,0.13019394874572754,0.01615547388792038,1.0602139234542847,1.7548023462295532,283080,-0.36624911717460584,0.36641289862307874
Reddit-S,42,context_attn_dynamic,text,edge_operator_modulation_step_change_l2,0.18248949944972992,0.04421808198094368,0.004839992616325617,0.5048563480377197,0.8654777407646179,283080,-0.36624911717460584,0.36641289862307874
Reddit-S,42,context_attn_dynamic,text,edge_operator_modulation_step_change_1_minus_cosine,0.005168057978153229,5.4001808166503906e-05,5.960464477539062e-07,0.007918262854218483,0.023844826966524124,283080,-0.36624911717460584,0.36641289862307874
Reddit-S,42,context_attn_dynamic,visual,D_H_recipient_state_change,8.657154083251953,8.465160369873047,7.775707244873047,9.831196784973145,10.128938674926758,15894,-0.08441436679727707,0.06562627739875142
Reddit-S,42,context_attn_dynamic,visual,D_A_target_mean_modulation_change,0.4325537085533142,0.2554906904697418,0.06372199207544327,1.023391604423523,1.392026662826538,15894,-0.08441436679727707,0.06562627739875142
Reddit-S,42,context_attn_dynamic,visual,D_XI_target_mean_dynamic_correction,4.525637149810791,4.501884460449219,2.398897647857666,6.724194049835205,7.840049743652344,15894,-0.08441436679727707,0.06562627739875142
Reddit-S,42,context_attn_dynamic,visual,edge_execution_code_step_change_l2,0.9712871313095093,0.6733905076980591,0.19919659197330475,2.1364152431488037,2.6857399940490723,283080,-0.08441436679727707,0.06562627739875142
Reddit-S,42,context_attn_dynamic,visual,edge_operator_modulation_step_change_l2,0.5104899406433105,0.30384939908981323,0.09282198548316956,1.205935001373291,1.584535002708435,283080,-0.08441436679727707,0.06562627739875142
Reddit-S,42,context_attn_dynamic,visual,edge_operator_modulation_step_change_1_minus_cosine,0.01685507968068123,0.002772718667984009,0.000245684408582747,0.04692189395427704,0.08188541233539581,283080,-0.08441436679727707,0.06562627739875142
Reddit-S,42,context_bilinear_absolute,text,D_H_recipient_state_change,10.212738037109375,10.190423965454102,9.172707557678223,11.282879829406738,11.595160484313965,15894,0.3870244506796819,0.42514033586952854
Reddit-S,42,context_bilinear_absolute,text,D_A_target_mean_modulation_change,0.19097860157489777,0.1823808252811432,0.0900113582611084,0.3056257963180542,0.33899712562561035,15894,0.3870244506796819,0.42514033586952854
Reddit-S,42,context_bilinear_absolute,text,D_XI_target_mean_dynamic_correction,0.8471986055374146,0.8526293039321899,0.3912990093231201,1.2812260389328003,1.3593376874923706,15894,0.3870244506796819,0.42514033586952854
Reddit-S,42,context_bilinear_absolute,text,edge_execution_code_step_change_l2,0.5043793320655823,0.5031604766845703,0.25240153074264526,0.7550789713859558,0.8233560919761658,283080,0.3870244506796819,0.42514033586952854
Reddit-S,42,context_bilinear_absolute,text,edge_operator_modulation_step_change_l2,0.19670772552490234,0.18932461738586426,0.09772282838821411,0.30981311202049255,0.33370572328567505,283080,0.3870244506796819,0.42514033586952854
Reddit-S,42,context_bilinear_absolute,text,edge_operator_modulation_step_change_1_minus_cosine,0.001033671316690743,0.0007561445236206055,0.00013184547424316406,0.002406001091003418,0.0028452910482883453,283080,0.3870244506796819,0.42514033586952854
Reddit-S,42,context_bilinear_absolute,visual,D_H_recipient_state_change,8.670000076293945,8.495966911315918,7.8494954109191895,9.80301570892334,10.162917137145996,15894,0.44659915397754757,0.13822473261459395
Reddit-S,42,context_bilinear_absolute,visual,D_A_target_mean_modulation_change,0.1908261775970459,0.17350727319717407,0.0871148556470871,0.3059200048446655,0.36319026350975037,15894,0.44659915397754757,0.13822473261459395
Reddit-S,42,context_bilinear_absolute,visual,D_XI_target_mean_dynamic_correction,1.1306779384613037,1.0912147760391235,0.6737009286880493,1.7089321613311768,1.871037483215332,15894,0.44659915397754757,0.13822473261459395
Reddit-S,42,context_bilinear_absolute,visual,edge_execution_code_step_change_l2,0.36926379799842834,0.3469604551792145,0.19332255423069,0.5869119763374329,0.6265403032302856,283080,0.44659915397754757,0.13822473261459395
Reddit-S,42,context_bilinear_absolute,visual,edge_operator_modulation_step_change_l2,0.17805072665214539,0.1601569652557373,0.08836279809474945,0.28799596428871155,0.31142744421958923,283080,0.44659915397754757,0.13822473261459395
Reddit-S,42,context_bilinear_absolute,visual,edge_operator_modulation_step_change_1_minus_cosine,0.0009715002961456776,0.0006064176559448242,0.0001850724220275879,0.0022627171128988266,0.0027589816600084305,283080,0.44659915397754757,0.13822473261459395
Reddit-S,42,context_bilinear_delta,text,D_H_recipient_state_change,10.183112144470215,10.157367706298828,9.161150932312012,11.240166664123535,11.56031608581543,15894,0.33555085667581347,0.654537849890392
Reddit-S,42,context_bilinear_delta,text,D_A_target_mean_modulation_change,0.38708409667015076,0.3992823660373688,0.20193538069725037,0.5418280959129333,0.5623358488082886,15894,0.33555085667581347,0.654537849890392
Reddit-S,42,context_bilinear_delta,text,D_XI_target_mean_dynamic_correction,1.0100669860839844,1.0862030982971191,0.5603538751602173,1.341025948524475,1.3757381439208984,15894,0.33555085667581347,0.654537849890392
Reddit-S,42,context_bilinear_delta,text,edge_execution_code_step_change_l2,1.0568406581878662,1.1281535625457764,0.6535094976425171,1.3354536294937134,1.366307020187378,283080,0.33555085667581347,0.654537849890392
Reddit-S,42,context_bilinear_delta,text,edge_operator_modulation_step_change_l2,0.4075409770011902,0.40108996629714966,0.28231462836265564,0.5649784207344055,0.5787702798843384,283080,0.33555085667581347,0.654537849890392
Reddit-S,42,context_bilinear_delta,text,edge_operator_modulation_step_change_1_minus_cosine,0.003972413018345833,0.0032269954681396484,0.0010732412338256836,0.008173823356628418,0.008741023018956184,283080,0.33555085667581347,0.654537849890392
Reddit-S,42,context_bilinear_delta,visual,D_H_recipient_state_change,8.655356407165527,8.490230560302734,7.851015090942383,9.756695747375488,10.108784675598145,15894,-0.06591602959445517,0.14655401961578784
Reddit-S,42,context_bilinear_delta,visual,D_A_target_mean_modulation_change,0.483575701713562,0.4676930904388428,0.35426583886146545,0.6330597996711731,0.691914975643158,15894,-0.06591602959445517,0.14655401961578784
Reddit-S,42,context_bilinear_delta,visual,D_XI_target_mean_dynamic_correction,1.4778015613555908,1.3990788459777832,1.0956586599349976,2.0622987747192383,2.2402753829956055,15894,-0.06591602959445517,0.14655401961578784
Reddit-S,42,context_bilinear_delta,visual,edge_execution_code_step_change_l2,1.4529385566711426,1.3638851642608643,1.07997465133667,2.066232681274414,2.1375906467437744,283080,-0.06591602959445517,0.14655401961578784
Reddit-S,42,context_bilinear_delta,visual,edge_operator_modulation_step_change_l2,0.47309672832489014,0.4442105293273926,0.3441389203071594,0.6530376672744751,0.7233110070228577,283080,-0.06591602959445517,0.14655401961578784
Reddit-S,42,context_bilinear_delta,visual,edge_operator_modulation_step_change_1_minus_cosine,0.0051516019739210606,0.003737717866897583,0.0019732057116925716,0.010446326807141304,0.01353665441274643,283080,-0.06591602959445517,0.14655401961578784
Reddit-S,43,context_static,text,D_H_recipient_state_change,9.575665473937988,9.496689796447754,8.734063148498535,10.523933410644531,10.832578659057617,15894,nan,nan
Reddit-S,43,context_static,text,D_A_target_mean_modulation_change,0.0,0.0,0.0,0.0,0.0,15894,nan,nan
Reddit-S,43,context_static,text,D_XI_target_mean_dynamic_correction,0.0,0.0,0.0,0.0,0.0,15894,nan,nan
Reddit-S,43,context_static,text,edge_execution_code_step_change_l2,0.0,0.0,0.0,0.0,0.0,283080,nan,nan
Reddit-S,43,context_static,text,edge_operator_modulation_step_change_l2,0.0,0.0,0.0,0.0,0.0,283080,nan,nan
Reddit-S,43,context_static,text,edge_operator_modulation_step_change_1_minus_cosine,8.06035505007685e-09,0.0,-1.1920928955078125e-07,1.1920928955078125e-07,1.1920928955078125e-07,283080,nan,nan
Reddit-S,43,context_static,visual,D_H_recipient_state_change,8.717942237854004,8.653128623962402,7.934172630310059,9.603617668151855,9.949467658996582,15894,nan,nan
Reddit-S,43,context_static,visual,D_A_target_mean_modulation_change,0.0,0.0,0.0,0.0,0.0,15894,nan,nan
Reddit-S,43,context_static,visual,D_XI_target_mean_dynamic_correction,0.0,0.0,0.0,0.0,0.0,15894,nan,nan
Reddit-S,43,context_static,visual,edge_execution_code_step_change_l2,0.0,0.0,0.0,0.0,0.0,283080,nan,nan
Reddit-S,43,context_static,visual,edge_operator_modulation_step_change_l2,0.0,0.0,0.0,0.0,0.0,283080,nan,nan
Reddit-S,43,context_static,visual,edge_operator_modulation_step_change_1_minus_cosine,8.702977005725643e-09,0.0,-1.1920928955078125e-07,1.1920928955078125e-07,1.1920928955078125e-07,283080,nan,nan
Reddit-S,43,context_attn_dynamic,text,D_H_recipient_state_change,9.45409870147705,9.393692016601562,8.671630859375,10.327142715454102,10.57038402557373,15894,0.048701037316372514,0.28473588707290765
Reddit-S,43,context_attn_dynamic,text,D_A_target_mean_modulation_change,0.3451044261455536,0.2234882265329361,0.0418359749019146,0.766539454460144,1.131372094154358,15894,0.048701037316372514,0.28473588707290765
Reddit-S,43,context_attn_dynamic,text,D_XI_target_mean_dynamic_correction,3.705582857131958,3.7472829818725586,1.5291197299957275,5.579779148101807,6.211363792419434,15894,0.048701037316372514,0.28473588707290765
Reddit-S,43,context_attn_dynamic,text,edge_execution_code_step_change_l2,0.576486349105835,0.42097944021224976,0.0754273533821106,1.1718062162399292,1.666306495666504,283080,0.048701037316372514,0.28473588707290765
Reddit-S,43,context_attn_dynamic,text,edge_operator_modulation_step_change_l2,0.2649073600769043,0.17583870887756348,0.0341280959546566,0.5662801861763,0.8441938757896423,283080,0.048701037316372514,0.28473588707290765
Reddit-S,43,context_attn_dynamic,text,edge_operator_modulation_step_change_1_minus_cosine,0.005625810474157333,0.0009133815765380859,3.6656856536865234e-05,0.010128676891326904,0.02302410826086998,283080,0.048701037316372514,0.28473588707290765
Reddit-S,43,context_attn_dynamic,visual,D_H_recipient_state_change,8.627089500427246,8.57872200012207,7.877411842346191,9.443520545959473,9.733704566955566,15894,0.23402072923661948,-0.08366107618939747
Reddit-S,43,context_attn_dynamic,visual,D_A_target_mean_modulation_change,0.5574787259101868,0.3042139410972595,0.033094536513090134,1.4316662549972534,1.902755618095398,15894,0.23402072923661948,-0.08366107618939747
Reddit-S,43,context_attn_dynamic,visual,D_XI_target_mean_dynamic_correction,4.009861946105957,3.5011348724365234,1.808437705039978,7.098172187805176,7.9688591957092285,15894,0.23402072923661948,-0.08366107618939747
Reddit-S,43,context_attn_dynamic,visual,edge_execution_code_step_change_l2,1.2168835401535034,1.0051112174987793,0.11292541772127151,2.643676519393921,3.1956233978271484,283080,0.23402072923661948,-0.08366107618939747
Reddit-S,43,context_attn_dynamic,visual,edge_operator_modulation_step_change_l2,0.6190873384475708,0.482815146446228,0.03252926841378212,1.4501421451568604,1.8229706287384033,283080,0.23402072923661948,-0.08366107618939747
Reddit-S,43,context_attn_dynamic,visual,edge_operator_modulation_step_change_1_minus_cosine,0.022639760747551918,0.00647813081741333,2.4616718292236328e-05,0.06265164911746979,0.10143327713012695,283080,0.23402072923661948,-0.08366107618939747
Reddit-S,43,context_bilinear_absolute,text,D_H_recipient_state_change,9.641267776489258,9.564935684204102,8.763957023620605,10.629302024841309,10.92490291595459,15894,0.09990619845477751,0.03646465960271202
Reddit-S,43,context_bilinear_absolute,text,D_A_target_mean_modulation_change,0.19422166049480438,0.1648791879415512,0.07891211658716202,0.3227802813053131,0.40356868505477905,15894,0.09990619845477751,0.03646465960271202
Reddit-S,43,context_bilinear_absolute,text,D_XI_target_mean_dynamic_correction,1.5553067922592163,1.3645375967025757,0.49043768644332886,2.940049409866333,3.12577223777771,15894,0.09990619845477751,0.03646465960271202
Reddit-S,43,context_bilinear_absolute,text,edge_execution_code_step_change_l2,0.3924137353897095,0.3639819622039795,0.1605808287858963,0.6692036390304565,0.7691613435745239,283080,0.09990619845477751,0.03646465960271202
Reddit-S,43,context_bilinear_absolute,text,edge_operator_modulation_step_change_l2,0.16216091811656952,0.14545032382011414,0.07535777986049652,0.2669716775417328,0.3029547333717346,283080,0.09990619845477751,0.03646465960271202
Reddit-S,43,context_bilinear_absolute,text,edge_operator_modulation_step_change_1_minus_cosine,0.0007893663132563233,0.00045478343963623047,0.00012421607971191406,0.0017005261033773422,0.0022273659706115723,283080,0.09990619845477751,0.03646465960271202
Reddit-S,43,context_bilinear_absolute,visual,D_H_recipient_state_change,8.783799171447754,8.720428466796875,7.9727463722229,9.696738243103027,10.041993141174316,15894,0.2634639266039144,0.06918464170492522
Reddit-S,43,context_bilinear_absolute,visual,D_A_target_mean_modulation_change,0.33896297216415405,0.2708643674850464,0.1003037840127945,0.6476199626922607,0.7865641713142395,15894,0.2634639266039144,0.06918464170492522
Reddit-S,43,context_bilinear_absolute,visual,D_XI_target_mean_dynamic_correction,2.013634204864502,1.9345710277557373,0.8889601230621338,3.4078941345214844,3.6834115982055664,15894,0.2634639266039144,0.06918464170492522
Reddit-S,43,context_bilinear_absolute,visual,edge_execution_code_step_change_l2,0.7244312167167664,0.6904133558273315,0.24938401579856873,1.2065366506576538,1.338617205619812,283080,0.2634639266039144,0.06918464170492522
Reddit-S,43,context_bilinear_absolute,visual,edge_operator_modulation_step_change_l2,0.33798539638519287,0.262897253036499,0.08117444068193436,0.6284746527671814,0.7296512722969055,283080,0.2634639266039144,0.06918464170492522
Reddit-S,43,context_bilinear_absolute,visual,edge_operator_modulation_step_change_1_minus_cosine,0.004266842734068632,0.0014046430587768555,0.00013124942779541016,0.009288262575864792,0.013529675081372261,283080,0.2634639266039144,0.06918464170492522
Reddit-S,43,context_bilinear_delta,text,D_H_recipient_state_change,9.798401832580566,9.71253776550293,8.843202590942383,10.887771606445312,11.193058967590332,15894,0.30621952385482115,0.5445808449404554
Reddit-S,43,context_bilinear_delta,text,D_A_target_mean_modulation_change,0.4081576466560364,0.3938496708869934,0.23825868964195251,0.6163339614868164,0.7202578783035278,15894,0.30621952385482115,0.5445808449404554
Reddit-S,43,context_bilinear_delta,text,D_XI_target_mean_dynamic_correction,1.1350162029266357,1.0071792602539062,0.6442956328392029,1.8101911544799805,1.857931137084961,15894,0.30621952385482115,0.5445808449404554
Reddit-S,43,context_bilinear_delta,text,edge_execution_code_step_change_l2,1.1956521272659302,1.0120887756347656,0.773033618927002,1.8468918800354004,1.871549367904663,283080,0.30621952385482115,0.5445808449404554
Reddit-S,43,context_bilinear_delta,text,edge_operator_modulation_step_change_l2,0.41116735339164734,0.40570133924484253,0.2827208340167999,0.5348057150840759,0.5940219759941101,283080,0.30621952385482115,0.5445808449404554
Reddit-S,43,context_bilinear_delta,text,edge_operator_modulation_step_change_1_minus_cosine,0.003726166905835271,0.003250420093536377,0.0016524791717529297,0.00632014125585556,0.008018499240279198,283080,0.30621952385482115,0.5445808449404554
Reddit-S,43,context_bilinear_delta,visual,D_H_recipient_state_change,8.804213523864746,8.746700286865234,7.978054046630859,9.72198486328125,10.08696460723877,15894,-0.014709925703324196,0.08379020467381795
Reddit-S,43,context_bilinear_delta,visual,D_A_target_mean_modulation_change,0.5133190155029297,0.4907775819301605,0.36665740609169006,0.7028462290763855,0.7630314230918884,15894,-0.014709925703324196,0.08379020467381795
Reddit-S,43,context_bilinear_delta,visual,D_XI_target_mean_dynamic_correction,1.9138994216918945,1.9238500595092773,1.2931147813796997,2.493168830871582,2.738001823425293,15894,-0.014709925703324196,0.08379020467381795
Reddit-S,43,context_bilinear_delta,visual,edge_execution_code_step_change_l2,2.003934860229492,1.9976035356521606,1.5535808801651,2.4762768745422363,2.597618579864502,283080,-0.014709925703324196,0.08379020467381795
Reddit-S,43,context_bilinear_delta,visual,edge_operator_modulation_step_change_l2,0.5340238213539124,0.49883633852005005,0.38871708512306213,0.7326474189758301,0.7970916628837585,283080,-0.014709925703324196,0.08379020467381795
Reddit-S,43,context_bilinear_delta,visual,edge_operator_modulation_step_change_1_minus_cosine,0.0055207000114023685,0.004201978445053101,0.002257108688354492,0.01020873710513115,0.012752890586853027,283080,-0.014709925703324196,0.08379020467381795
Reddit-S,44,context_static,text,D_H_recipient_state_change,9.51455307006836,9.472177505493164,8.756219863891602,10.332236289978027,10.589211463928223,15894,nan,nan
Reddit-S,44,context_static,text,D_A_target_mean_modulation_change,0.0,0.0,0.0,0.0,0.0,15894,nan,nan
Reddit-S,44,context_static,text,D_XI_target_mean_dynamic_correction,0.0,0.0,0.0,0.0,0.0,15894,nan,nan
Reddit-S,44,context_static,text,edge_execution_code_step_change_l2,0.0,0.0,0.0,0.0,0.0,283080,nan,nan
Reddit-S,44,context_static,text,edge_operator_modulation_step_change_l2,0.0,0.0,0.0,0.0,0.0,283080,nan,nan
Reddit-S,44,context_static,text,edge_operator_modulation_step_change_1_minus_cosine,8.519581484733862e-09,0.0,-1.1920928955078125e-07,1.1920928955078125e-07,1.1920928955078125e-07,283080,nan,nan
Reddit-S,44,context_static,visual,D_H_recipient_state_change,8.517792701721191,8.413588523864746,7.678778171539307,9.460039138793945,9.863458633422852,15894,nan,nan
Reddit-S,44,context_static,visual,D_A_target_mean_modulation_change,0.0,0.0,0.0,0.0,0.0,15894,nan,nan
Reddit-S,44,context_static,visual,D_XI_target_mean_dynamic_correction,0.0,0.0,0.0,0.0,0.0,15894,nan,nan
Reddit-S,44,context_static,visual,edge_execution_code_step_change_l2,0.0,0.0,0.0,0.0,0.0,283080,nan,nan
Reddit-S,44,context_static,visual,edge_operator_modulation_step_change_l2,0.0,0.0,0.0,0.0,0.0,283080,nan,nan
Reddit-S,44,context_static,visual,edge_operator_modulation_step_change_1_minus_cosine,7.927703826737797e-09,0.0,-1.1920928955078125e-07,1.1920928955078125e-07,1.1920928955078125e-07,283080,nan,nan
Reddit-S,44,context_attn_dynamic,text,D_H_recipient_state_change,9.423296928405762,9.36710262298584,8.663517951965332,10.272940635681152,10.55453872680664,15894,-0.1362905694643224,0.3529715190478143
Reddit-S,44,context_attn_dynamic,text,D_A_target_mean_modulation_change,0.44438907504081726,0.26714563369750977,0.06354755163192749,1.0386006832122803,1.4160547256469727,15894,-0.1362905694643224,0.3529715190478143
Reddit-S,44,context_attn_dynamic,text,D_XI_target_mean_dynamic_correction,2.86894154548645,2.4357306957244873,1.0613449811935425,5.316525936126709,6.0745673179626465,15894,-0.1362905694643224,0.3529715190478143
Reddit-S,44,context_attn_dynamic,text,edge_execution_code_step_change_l2,0.9488583207130432,0.6807993650436401,0.1998368203639984,2.0375752449035645,2.6321256160736084,283080,-0.1362905694643224,0.3529715190478143
Reddit-S,44,context_attn_dynamic,text,edge_operator_modulation_step_change_l2,0.4094560742378235,0.26204168796539307,0.06310849636793137,0.9058635234832764,1.205818772315979,283080,-0.1362905694643224,0.3529715190478143
Reddit-S,44,context_attn_dynamic,text,edge_operator_modulation_step_change_1_minus_cosine,0.010442310012876987,0.0018870532512664795,0.00010287761688232422,0.02313191257417202,0.04139479994773865,283080,-0.1362905694643224,0.3529715190478143
Reddit-S,44,context_attn_dynamic,visual,D_H_recipient_state_change,8.636820793151855,8.545084953308105,7.76651668548584,9.571990966796875,9.988935470581055,15894,0.0019784781326912925,0.06347804298116466
Reddit-S,44,context_attn_dynamic,visual,D_A_target_mean_modulation_change,0.2926972806453705,0.19494444131851196,0.04584595933556557,0.5975333452224731,0.8298806548118591,15894,0.0019784781326912925,0.06347804298116466
Reddit-S,44,context_attn_dynamic,visual,D_XI_target_mean_dynamic_correction,4.269086837768555,4.201961994171143,2.0777506828308105,6.4698710441589355,7.257035255432129,15894,0.0019784781326912925,0.06347804298116466
Reddit-S,44,context_attn_dynamic,visual,edge_execution_code_step_change_l2,0.6821552515029907,0.5550408363342285,0.09721609205007553,1.4357119798660278,1.7864538431167603,283080,0.0019784781326912925,0.06347804298116466
Reddit-S,44,context_attn_dynamic,visual,edge_operator_modulation_step_change_l2,0.312186598777771,0.24384735524654388,0.04387283697724342,0.6243190169334412,0.8127616047859192,283080,0.0019784781326912925,0.06347804298116466
Reddit-S,44,context_attn_dynamic,visual,edge_operator_modulation_step_change_1_minus_cosine,0.005930425599217415,0.001734226942062378,5.4895877838134766e-05,0.011721303686499596,0.020411405712366104,283080,0.0019784781326912925,0.06347804298116466
Reddit-S,44,context_bilinear_absolute,text,D_H_recipient_state_change,9.660118103027344,9.613917350769043,8.871150970458984,10.509062767028809,10.78537654876709,15894,0.1525504349918659,0.20692914380634408
Reddit-S,44,context_bilinear_absolute,text,D_A_target_mean_modulation_change,0.16376708447933197,0.15663951635360718,0.09944989532232285,0.2335333526134491,0.26505687832832336,15894,0.1525504349918659,0.20692914380634408
Reddit-S,44,context_bilinear_absolute,text,D_XI_target_mean_dynamic_correction,1.145006537437439,1.1334526538848877,0.6094902157783508,1.7320002317428589,1.858335256576538,15894,0.1525504349918659,0.20692914380634408
Reddit-S,44,context_bilinear_absolute,text,edge_execution_code_step_change_l2,0.6393512487411499,0.6602447032928467,0.2838054299354553,0.9215862154960632,0.984337568283081,283080,0.1525504349918659,0.20692914380634408
Reddit-S,44,context_bilinear_absolute,text,edge_operator_modulation_step_change_l2,0.16840308904647827,0.16011250019073486,0.10760604590177536,0.2261524796485901,0.26294681429862976,283080,0.1525504349918659,0.20692914380634408
Reddit-S,44,context_bilinear_absolute,text,edge_operator_modulation_step_change_1_minus_cosine,0.0005225263303145766,0.00030052661895751953,0.00011748075485229492,0.00087738037109375,0.001352015882730484,283080,0.1525504349918659,0.20692914380634408
Reddit-S,44,context_bilinear_absolute,visual,D_H_recipient_state_change,8.497358322143555,8.397323608398438,7.672180652618408,9.425456047058105,9.825122833251953,15894,0.2882171309950351,0.2687906138986081
Reddit-S,44,context_bilinear_absolute,visual,D_A_target_mean_modulation_change,0.19660475850105286,0.17273640632629395,0.08739332854747772,0.346378892660141,0.41502320766448975,15894,0.2882171309950351,0.2687906138986081
Reddit-S,44,context_bilinear_absolute,visual,D_XI_target_mean_dynamic_correction,0.9884669184684753,0.9301679134368896,0.4586672782897949,1.7163574695587158,1.8359352350234985,15894,0.2882171309950351,0.2687906138986081
Reddit-S,44,context_bilinear_absolute,visual,edge_execution_code_step_change_l2,0.32209810614585876,0.32562682032585144,0.14757148921489716,0.4413284659385681,0.5040671825408936,283080,0.2882171309950351,0.2687906138986081
Reddit-S,44,context_bilinear_absolute,visual,edge_operator_modulation_step_change_l2,0.15905939042568207,0.14766450226306915,0.07445045560598373,0.24089772999286652,0.30667656660079956,283080,0.2882171309950351,0.2687906138986081
Reddit-S,44,context_bilinear_absolute,visual,edge_operator_modulation_step_change_1_minus_cosine,0.0008072723867371678,0.00051155686378479,0.00012290477752685547,0.0015609320253133774,0.0025575924664735794,283080,0.2882171309950351,0.2687906138986081
Reddit-S,44,context_bilinear_delta,text,D_H_recipient_state_change,9.62430191040039,9.582451820373535,8.84631061553955,10.458772659301758,10.725275039672852,15894,-0.15655927671459796,0.2126479903806802
Reddit-S,44,context_bilinear_delta,text,D_A_target_mean_modulation_change,0.3511838912963867,0.34348064661026,0.2252686619758606,0.4782925248146057,0.5133155584335327,15894,-0.15655927671459796,0.2126479903806802
Reddit-S,44,context_bilinear_delta,text,D_XI_target_mean_dynamic_correction,1.3826355934143066,1.4338464736938477,0.8749721050262451,1.7121154069900513,1.7386524677276611,15894,-0.15655927671459796,0.2126479903806802
Reddit-S,44,context_bilinear_delta,text,edge_execution_code_step_change_l2,1.4321138858795166,1.5888574123382568,0.8635286092758179,1.7284473180770874,1.7437467575073242,283080,-0.15655927671459796,0.2126479903806802
Reddit-S,44,context_bilinear_delta,text,edge_operator_modulation_step_change_l2,0.36477282643318176,0.3641132712364197,0.21039068698883057,0.4962635636329651,0.5278456807136536,283080,-0.15655927671459796,0.2126479903806802
Reddit-S,44,context_bilinear_delta,text,edge_operator_modulation_step_change_1_minus_cosine,0.00211911229416728,0.001659393310546875,0.0005590915679931641,0.004404192790389061,0.005474809557199478,283080,-0.15655927671459796,0.2126479903806802
Reddit-S,44,context_bilinear_delta,visual,D_H_recipient_state_change,8.48320198059082,8.387903213500977,7.680264472961426,9.374789237976074,9.768187522888184,15894,0.2690403729562926,0.11976976114036798
Reddit-S,44,context_bilinear_delta,visual,D_A_target_mean_modulation_change,0.47013700008392334,0.45708054304122925,0.3470684289932251,0.6349629759788513,0.70513516664505,15894,0.2690403729562926,0.11976976114036798
Reddit-S,44,context_bilinear_delta,visual,D_XI_target_mean_dynamic_correction,1.4744535684585571,1.4730780124664307,1.1529642343521118,1.8315455913543701,1.9252195358276367,15894,0.2690403729562926,0.11976976114036798
Reddit-S,44,context_bilinear_delta,visual,edge_execution_code_step_change_l2,1.4495717287063599,1.3968844413757324,1.1967583894729614,1.8698606491088867,1.937311053276062,283080,0.2690403729562926,0.11976976114036798
Reddit-S,44,context_bilinear_delta,visual,edge_operator_modulation_step_change_l2,0.4708670675754547,0.4494803547859192,0.3294712007045746,0.6923149824142456,0.7396939396858215,283080,0.2690403729562926,0.11976976114036798
Reddit-S,44,context_bilinear_delta,visual,edge_operator_modulation_step_change_1_minus_cosine,0.00497254217043519,0.003641843795776367,0.0018596649169921875,0.010768115520477295,0.014310566708445549,283080,0.2690403729562926,0.11976976114036798
