epoch,modality,W_up_frobenius_norm,W_c_frobenius_norm,dataset,seed,variant,is_best_epoch,selected_best_epoch,up_weight_norm,W_c_norm
1,text,0.08934161812067032,0.0,Movies,42,context_static,False,5,0.08934161812067032,0.0
1,visual,0.08966118097305298,0.0,Movies,42,context_static,False,5,0.08966118097305298,0.0
2,text,0.13446074724197388,0.0,Movies,42,context_static,False,5,0.13446074724197388,0.0
2,visual,0.13727585971355438,0.0,Movies,42,context_static,False,5,0.13727585971355438,0.0
3,text,0.1679421067237854,0.0,Movies,42,context_static,False,5,0.1679421067237854,0.0
3,visual,0.17143328487873077,0.0,Movies,42,context_static,False,5,0.17143328487873077,0.0
4,text,0.20183226466178894,0.0,Movies,42,context_static,False,5,0.20183226466178894,0.0
4,visual,0.20456378161907196,0.0,Movies,42,context_static,False,5,0.20456378161907196,0.0
5,text,0.22881537675857544,0.0,Movies,42,context_static,True,5,0.22881537675857544,0.0
5,visual,0.2390693873167038,0.0,Movies,42,context_static,True,5,0.2390693873167038,0.0
1,text,0.08922826498746872,0.0,Movies,42,context_attn_dynamic,False,5,0.08922826498746872,0.0
1,visual,0.08959924429655075,0.0,Movies,42,context_attn_dynamic,False,5,0.08959924429655075,0.0
2,text,0.13441409170627594,0.0,Movies,42,context_attn_dynamic,False,5,0.13441409170627594,0.0
2,visual,0.13854634761810303,0.0,Movies,42,context_attn_dynamic,False,5,0.13854634761810303,0.0
3,text,0.16770032048225403,0.0,Movies,42,context_attn_dynamic,False,5,0.16770032048225403,0.0
3,visual,0.17334634065628052,0.0,Movies,42,context_attn_dynamic,False,5,0.17334634065628052,0.0
4,text,0.200143963098526,0.0,Movies,42,context_attn_dynamic,False,5,0.200143963098526,0.0
4,visual,0.20715636014938354,0.0,Movies,42,context_attn_dynamic,False,5,0.20715636014938354,0.0
5,text,0.22744020819664001,0.0,Movies,42,context_attn_dynamic,True,5,0.22744020819664001,0.0
5,visual,0.2422834038734436,0.0,Movies,42,context_attn_dynamic,True,5,0.2422834038734436,0.0
1,text,0.08934161812067032,0.0,Movies,42,context_bilinear_absolute,False,5,0.08934161812067032,0.0
1,visual,0.08966118097305298,0.0,Movies,42,context_bilinear_absolute,False,5,0.08966118097305298,0.0
2,text,0.13446074724197388,0.025272270664572716,Movies,42,context_bilinear_absolute,False,5,0.13446074724197388,0.025272270664572716
2,visual,0.13727585971355438,0.02378089912235737,Movies,42,context_bilinear_absolute,False,5,0.13727585971355438,0.02378089912235737
3,text,0.16793672740459442,0.04438101500272751,Movies,42,context_bilinear_absolute,False,5,0.16793672740459442,0.04438101500272751
3,visual,0.17143495380878448,0.0445481576025486,Movies,42,context_bilinear_absolute,False,5,0.17143495380878448,0.0445481576025486
4,text,0.20182760059833527,0.06118868663907051,Movies,42,context_bilinear_absolute,False,5,0.20182760059833527,0.06118868663907051
4,visual,0.20456735789775848,0.06447263807058334,Movies,42,context_bilinear_absolute,False,5,0.20456735789775848,0.06447263807058334
5,text,0.22880923748016357,0.07568001002073288,Movies,42,context_bilinear_absolute,True,5,0.22880923748016357,0.07568001002073288
5,visual,0.239075168967247,0.08542487770318985,Movies,42,context_bilinear_absolute,True,5,0.239075168967247,0.08542487770318985
1,text,0.08934161812067032,0.0,Movies,42,context_bilinear_delta,False,5,0.08934161812067032,0.0
1,visual,0.08966118097305298,0.0,Movies,42,context_bilinear_delta,False,5,0.08966118097305298,0.0
2,text,0.13446074724197388,0.019591977819800377,Movies,42,context_bilinear_delta,False,5,0.13446074724197388,0.019591977819800377
2,visual,0.13727585971355438,0.017382154241204262,Movies,42,context_bilinear_delta,False,5,0.13727585971355438,0.017382154241204262
3,text,0.16793999075889587,0.03471946716308594,Movies,42,context_bilinear_delta,False,5,0.16793999075889587,0.03471946716308594
3,visual,0.17143362760543823,0.03503090888261795,Movies,42,context_bilinear_delta,False,5,0.17143362760543823,0.03503090888261795
4,text,0.2018287479877472,0.049858205020427704,Movies,42,context_bilinear_delta,False,5,0.2018287479877472,0.049858205020427704
4,visual,0.2045658677816391,0.05307868495583534,Movies,42,context_bilinear_delta,False,5,0.2045658677816391,0.05307868495583534
5,text,0.228807732462883,0.0612676627933979,Movies,42,context_bilinear_delta,True,5,0.228807732462883,0.0612676627933979
5,visual,0.2390725165605545,0.07216037809848785,Movies,42,context_bilinear_delta,True,5,0.2390725165605545,0.07216037809848785
