dataset,seed,variant,modality,interaction_step,cos_base_delta_mean,cos_base_delta_median,cos_base_delta_p10,cos_base_delta_p90,cos_base_delta_p95,cos_base_delta_n,operator_deviation_ratio_mean,operator_deviation_ratio_median,operator_deviation_ratio_p10,operator_deviation_ratio_p90,operator_deviation_ratio_p95,operator_deviation_ratio_n,message_scale_mean,message_scale_median,message_scale_p10,message_scale_p90,message_scale_p95,message_scale_n,message_rotation_mean,message_rotation_median,message_rotation_p10,message_rotation_p90,message_rotation_p95,message_rotation_n,reinforce_fraction_cos_gt_0_3,suppress_fraction_cos_lt_minus_0_3,redirect_fraction_abs_cos_le_0_3
Movies,42,context_static,text,0,-0.2636260688304901,-0.2685304284095764,-0.29685086011886597,-0.22842025756835938,-0.20757053792476654,160802,0.01304181944578886,0.013483624905347824,0.010304469615221024,0.014751749113202095,0.015056965872645378,160802,0.9965981841087341,0.996466875076294,0.9958159327507019,0.9975844621658325,0.9982179999351501,160802,8.092803182080388e-05,8.487701416015625e-05,5.0187110900878906e-05,0.00010085105895996094,0.0001049041748046875,160802,0.0,0.0690227746963501,0.9309772253036499
Movies,42,context_static,text,1,-0.33985984325408936,-0.3427788317203522,-0.3689849376678467,-0.308767169713974,-0.29460272192955017,160802,0.01436736062169075,0.014805215410888195,0.011690993793308735,0.016161005944013596,0.016485881060361862,160802,0.995173990726471,0.9950170516967773,0.994257390499115,0.9963614344596863,0.9970651268959045,160802,9.339908137917519e-05,9.757280349731445e-05,6.175041198730469e-05,0.00011515617370605469,0.00011962652206420898,160802,0.0,0.935610294342041,0.06438975036144257
Movies,42,context_static,visual,0,-0.14501138031482697,-0.17709945142269135,-0.2703776955604553,-0.002763382624834776,0.23412643373012543,160802,0.013794535771012306,0.01389288529753685,0.010679470375180244,0.016753152012825012,0.01742667704820633,160802,0.9979674220085144,0.997636079788208,0.9960257411003113,1.0000252723693848,1.0026702880859375,160802,9.41240432439372e-05,9.316205978393555e-05,5.507469177246094e-05,0.00013506412506103516,0.00014597177505493164,160802,0.026809368282556534,0.0362682081758976,0.9369224309921265
Movies,42,context_static,visual,1,-0.12185638397932053,-0.16472145915031433,-0.2596406936645508,0.07331644743680954,0.36625242233276367,160802,0.015409428626298904,0.016018688678741455,0.010270625352859497,0.019202999770641327,0.01995116099715233,160802,0.9979295134544373,0.9975135326385498,0.995743989944458,1.000661849975586,1.003501534461975,160802,0.00011990962957497686,0.0001245737075805664,4.690885543823242e-05,0.00017893314361572266,0.00019288063049316406,160802,0.0716346800327301,0.030005846172571182,0.898359477519989
Movies,42,context_attn_dynamic,text,0,-0.23189237713813782,-0.24434272944927216,-0.2788024842739105,-0.18198923766613007,-0.11954912543296814,160802,0.01235724426805973,0.013028496876358986,0.00855463556945324,0.014655200764536858,0.015019502490758896,160802,0.9970903396606445,0.9969013333320618,0.9961347579956055,0.9984308481216431,0.9992778301239014,160802,7.49998216633685e-05,8.028745651245117e-05,3.528594970703125e-05,0.00010061264038085938,0.00010538101196289062,160802,4.353179974714294e-05,0.0054041617549955845,0.9945523142814636
Movies,42,context_attn_dynamic,text,1,-0.35161396861076355,-0.35330623388290405,-0.3853856921195984,-0.3176475763320923,-0.3051774501800537,160802,0.01384376734495163,0.014442953281104565,0.010397888720035553,0.016067298129200935,0.016442788764834404,160802,0.9951838850975037,0.9950039386749268,0.9941163659095764,0.9966036677360535,0.9973605871200562,160802,8.694307325640693e-05,9.226799011230469e-05,4.8160552978515625e-05,0.00011289119720458984,0.00011795759201049805,160802,0.0,0.9616298675537109,0.03837016969919205
Movies,42,context_attn_dynamic,visual,0,-0.1247546374797821,-0.14935608208179474,-0.25909116864204407,0.02605670876801014,0.20598448812961578,160802,0.013794049620628357,0.013947994448244572,0.01087461318820715,0.01643490046262741,0.017050305381417274,160802,0.9983758330345154,0.9980905055999756,0.9963794946670532,1.0003806352615356,1.0030425786972046,160802,9.441169095225632e-05,9.429454803466797e-05,5.745887756347656e-05,0.00013083219528198242,0.00014102458953857422,160802,0.01172249112278223,0.02805313467979431,0.9602243900299072
Movies,42,context_attn_dynamic,visual,1,-0.08748497068881989,-0.12026174366474152,-0.23478971421718597,0.09631320834159851,0.318031907081604,160802,0.014523722231388092,0.014675461687147617,0.011146722361445427,0.01772865653038025,0.0184413343667984,160802,0.9987394213676453,0.9983875751495361,0.9965079426765442,1.00119149684906,1.0041109323501587,160802,0.00010572764585958794,0.00010478496551513672,6.002187728881836e-05,0.00015413761138916016,0.00016641616821289062,160802,0.056790340691804886,0.016100546345114708,0.9271091222763062
Movies,42,context_bilinear_absolute,text,0,-0.26399126648902893,-0.26884913444519043,-0.2971644997596741,-0.2288174331188202,-0.20824845135211945,160802,0.013050983659923077,0.01349278911948204,0.010312394239008427,0.014764425344765186,0.015070238150656223,160802,0.9965913891792297,0.9964599609375,0.9958083033561707,0.9975782632827759,0.9982088208198547,160802,8.1027508713305e-05,8.499622344970703e-05,5.0193106289952993e-05,0.00010102987289428711,0.00010502338409423828,160802,0.0,0.07185234129428864,0.9281476736068726
Movies,42,context_bilinear_absolute,text,1,-0.3399195075035095,-0.34283751249313354,-0.3690595328807831,-0.3088202178478241,-0.29470372200012207,160802,0.014362957328557968,0.014799531549215317,0.011681195348501205,0.016162343323230743,0.016489733010530472,160802,0.9951744675636292,0.9950181841850281,0.9942561984062195,0.9963638186454773,0.997064471244812,160802,9.334149217465892e-05,9.751319885253906e-05,6.16908073425293e-05,0.00011515617370605469,0.00011968612670898438,160802,0.0,0.9359025359153748,0.06409746408462524
Movies,42,context_bilinear_absolute,visual,0,-0.1455610990524292,-0.17766280472278595,-0.2707635164260864,-0.003660742659121752,0.23345862329006195,160802,0.013850093819200993,0.01395123265683651,0.010722736828029156,0.016819359734654427,0.017493093386292458,160802,0.9979517459869385,0.9976189136505127,0.9960035085678101,1.0000180006027222,1.0026696920394897,160802,9.487184433965012e-05,9.393692016601562e-05,5.555152893066406e-05,0.0001361370086669922,0.00014710426330566406,160802,0.026585491374135017,0.036803025752305984,0.936611533164978
Movies,42,context_bilinear_absolute,visual,1,-0.12231124192476273,-0.16509246826171875,-0.25994452834129333,0.07166296243667603,0.3652786612510681,160802,0.0155037771910429,0.016118286177515984,0.010328705422580242,0.019316142424941063,0.020066261291503906,160802,0.99791020154953,0.9974921345710754,0.9957135319709778,1.0006589889526367,1.003504753112793,160802,0.00012137311568949372,0.00012612342834472656,4.744529724121094e-05,0.00018101930618286133,0.00019508600234985352,160802,0.07127398997545242,0.03020484931766987,0.8985211849212646
Movies,42,context_bilinear_delta,text,0,-0.26357167959213257,-0.2684836983680725,-0.296807199716568,-0.22834256291389465,-0.20746192336082458,160802,0.013040663674473763,0.013482729904353619,0.01030214037746191,0.014751149341464043,0.015056243166327477,160802,0.9965991973876953,0.9964677095413208,0.9958168864250183,0.9975854754447937,0.9982197880744934,160802,8.091623021755368e-05,8.487701416015625e-05,5.0187110900878906e-05,0.00010085105895996094,0.0001049041748046875,160802,0.0,0.06870561838150024,0.9312943816184998
Movies,42,context_bilinear_delta,text,1,-0.3398703336715698,-0.34278634190559387,-0.3689849376678467,-0.30879005789756775,-0.29466521739959717,160802,0.014373348094522953,0.014810498803853989,0.011694684624671936,0.01616847887635231,0.016494708135724068,160802,0.995171844959259,0.9950152635574341,0.994255006313324,0.9963602423667908,0.9970626831054688,160802,9.347678133053705e-05,9.763240814208984e-05,6.181001663208008e-05,0.00011527538299560547,0.00011974573135375977,160802,0.0,0.9358092546463013,0.06419074535369873
Movies,42,context_bilinear_delta,visual,0,-0.1450624316930771,-0.17715340852737427,-0.27039995789527893,-0.002764798002317548,0.2339622676372528,160802,0.013796924613416195,0.013895560055971146,0.010681496933102608,0.016755590215325356,0.017429562285542488,160802,0.9979663491249084,0.9976347088813782,0.996024489402771,1.0000247955322266,1.002669334411621,160802,9.415617387276143e-05,9.322166442871094e-05,5.513429641723633e-05,0.00013512372970581055,0.00014603137969970703,160802,0.02679693140089512,0.0362682081758976,0.9369348883628845
Movies,42,context_bilinear_delta,visual,1,-0.12212113291025162,-0.16491717100143433,-0.25983715057373047,0.07182545959949493,0.3655606210231781,160802,0.015462876297533512,0.016075890511274338,0.010300643742084503,0.019265463575720787,0.020013125613331795,160802,0.9979181289672852,0.9975017309188843,0.9957261085510254,1.000657558441162,1.0035011768341064,160802,0.00012073736434103921,0.00012552738189697266,4.7147274017333984e-05,0.00018006563186645508,0.00019407272338867188,160802,0.07135483622550964,0.030148878693580627,0.8984963297843933
