dataset,seed,variant,modality,similarity_quintile,utility_group,interaction_step,n_relations,modulation_centroid_norm,within_group_radius,normalized_centroid_separation,operator_deviation_ratio_mean,cos_base_delta_mean,message_rotation_mean
Movies,42,context_grounded_dynamic,text,Q1,beneficial,0,3291,0.6705256700515747,3.853182077407837,nan,0.30746689438819885,0.020250750705599785,0.04732385277748108
Movies,42,context_grounded_dynamic,text,Q1,beneficial,1,3291,0.695838451385498,3.8430941104888916,nan,0.29407790303230286,0.03044717013835907,0.043368902057409286
Movies,42,context_grounded_dynamic,text,Q1,harmful,0,2820,0.6195515990257263,3.8814470767974854,nan,0.30612507462501526,0.020342284813523293,0.04708632454276085
Movies,42,context_grounded_dynamic,text,Q1,harmful,1,2820,0.6859326362609863,3.860591173171997,nan,0.29373982548713684,0.03036177158355713,0.04364265128970146
Movies,42,context_grounded_dynamic,text,Q1,beneficial_vs_harmful,0,6111,nan,nan,0.031081145469547426,0.30679598450660706,0.02029651775956154,0.047205088660120964
Movies,42,context_grounded_dynamic,text,Q1,beneficial_vs_harmful,1,6111,nan,nan,0.022242936189655907,0.29390886425971985,0.0304044708609581,0.043505776673555374
Movies,42,context_grounded_dynamic,text,Q5,beneficial,0,4439,1.130698323249817,3.581023693084717,nan,0.2508887052536011,0.06109234690666199,0.033948156982660294
Movies,42,context_grounded_dynamic,text,Q5,beneficial,1,4439,1.1744643449783325,3.592832565307617,nan,0.24145683646202087,0.05318617820739746,0.031863290816545486
Movies,42,context_grounded_dynamic,text,Q5,harmful,0,1671,0.9676715731620789,3.7705366611480713,nan,0.2847048342227936,0.05271725729107857,0.04149606078863144
Movies,42,context_grounded_dynamic,text,Q5,harmful,1,1671,1.1489672660827637,3.7195611000061035,nan,0.27892762422561646,0.03950519487261772,0.040443744510412216
Movies,42,context_grounded_dynamic,text,Q5,beneficial_vs_harmful,0,6110,nan,nan,0.15909622409231713,0.2677967697381973,0.05690480209887028,0.037722108885645866
Movies,42,context_grounded_dynamic,text,Q5,beneficial_vs_harmful,1,6110,nan,nan,0.13773663612230594,0.26019223034381866,0.04634568654000759,0.03615351766347885
Movies,42,context_grounded_dynamic,visual,Q1,beneficial,0,3546,0.9217736721038818,3.8321573734283447,nan,0.2311992049217224,-0.03132325038313866,0.03410858288407326
Movies,42,context_grounded_dynamic,visual,Q1,beneficial,1,3546,0.7738648056983948,3.9175829887390137,nan,0.256156861782074,-0.017224136739969254,0.041069142520427704
Movies,42,context_grounded_dynamic,visual,Q1,harmful,0,2565,0.994128942489624,3.823499917984009,nan,0.23182064294815063,-0.043550826609134674,0.03490540012717247
Movies,42,context_grounded_dynamic,visual,Q1,harmful,1,2565,0.8221487402915955,3.91743540763855,nan,0.2568982243537903,-0.02070293389260769,0.04146603122353554
Movies,42,context_grounded_dynamic,visual,Q1,beneficial_vs_harmful,0,6111,nan,nan,0.032155103102268844,0.23150992393493652,-0.037437038496136665,0.034506991505622864
Movies,42,context_grounded_dynamic,visual,Q1,beneficial_vs_harmful,1,6111,nan,nan,0.025919462058344542,0.25652754306793213,-0.01896353531628847,0.04126758687198162
Movies,42,context_grounded_dynamic,visual,Q5,beneficial,0,4468,1.539137363433838,3.548240900039673,nan,0.2276974469423294,0.014615125954151154,0.02999798394739628
Movies,42,context_grounded_dynamic,visual,Q5,beneficial,1,4468,1.468819260597229,3.6676955223083496,nan,0.28102025389671326,0.03435710817575455,0.04240847006440163
Movies,42,context_grounded_dynamic,visual,Q5,harmful,0,1642,1.2897909879684448,3.652268409729004,nan,0.24076242744922638,-0.003736127633601427,0.034993402659893036
Movies,42,context_grounded_dynamic,visual,Q5,harmful,1,1642,1.2743812799453735,3.7012224197387695,nan,0.28938376903533936,-0.0008114482043311,0.04903019592165947
Movies,42,context_grounded_dynamic,visual,Q5,beneficial_vs_harmful,0,6110,nan,nan,0.10879482138493474,0.2342299371957779,0.005439499160274863,0.03249569330364466
Movies,42,context_grounded_dynamic,visual,Q5,beneficial_vs_harmful,1,6110,nan,nan,0.07656647668675687,0.2852020114660263,0.016772829985711724,0.04571933299303055
Movies,43,context_grounded_dynamic,text,Q1,beneficial,0,3399,2.285250663757324,2.187560558319092,nan,0.04986072704195976,0.20460544526576996,0.0012789504835382104
Movies,43,context_grounded_dynamic,text,Q1,beneficial,1,3399,2.2718424797058105,2.184523344039917,nan,0.03776047006249428,0.21810542047023773,0.0007272930815815926
Movies,43,context_grounded_dynamic,text,Q1,harmful,0,2712,2.2665865421295166,2.210568904876709,nan,0.04920024797320366,0.20312830805778503,0.0012495472328737378
Movies,43,context_grounded_dynamic,text,Q1,harmful,1,2712,2.250460386276245,2.2046685218811035,nan,0.03755887970328331,0.21644313633441925,0.0007186173461377621
Movies,43,context_grounded_dynamic,text,Q1,beneficial_vs_harmful,0,6111,nan,nan,0.05050257718124766,0.04953048750758171,0.2038668766617775,0.001264248858205974
Movies,43,context_grounded_dynamic,text,Q1,beneficial_vs_harmful,1,6111,nan,nan,0.05091859317457234,0.037659674882888794,0.2172742784023285,0.0007229552138596773
Movies,43,context_grounded_dynamic,text,Q5,beneficial,0,4414,2.0345144271850586,2.3270556926727295,nan,0.04843210428953171,0.2363707721233368,0.0011875727213919163
Movies,43,context_grounded_dynamic,text,Q5,beneficial,1,4414,2.0469584465026855,2.3066658973693848,nan,0.038094084709882736,0.23213990032672882,0.0007315074908547103
Movies,43,context_grounded_dynamic,text,Q5,harmful,0,1696,1.9417027235031128,2.422041177749634,nan,0.0485602430999279,0.2125944048166275,0.0012160941259935498
Movies,43,context_grounded_dynamic,text,Q5,harmful,1,1696,1.946121096611023,2.4137730598449707,nan,0.038400545716285706,0.21633274853229523,0.0007485070964321494
Movies,43,context_grounded_dynamic,text,Q5,beneficial_vs_harmful,0,6110,nan,nan,0.09369686019825409,0.048496173694729805,0.22448258846998215,0.001201833423692733
Movies,43,context_grounded_dynamic,text,Q5,beneficial_vs_harmful,1,6110,nan,nan,0.09283113210611818,0.03824731521308422,0.22423632442951202,0.0007400072936434299
Movies,43,context_grounded_dynamic,visual,Q1,beneficial,0,3488,1.6954585313796997,3.497356414794922,nan,0.07699483633041382,-0.057399213314056396,0.00356471398845315
Movies,43,context_grounded_dynamic,visual,Q1,beneficial,1,3488,1.2301549911499023,3.6958837509155273,nan,0.08392989635467529,-0.030335403978824615,0.004144229460507631
Movies,43,context_grounded_dynamic,visual,Q1,harmful,0,2623,1.5867283344268799,3.5452566146850586,nan,0.07745269685983658,-0.05853751301765442,0.0035850820131599903
Movies,43,context_grounded_dynamic,visual,Q1,harmful,1,2623,1.09498131275177,3.720534086227417,nan,0.08274058252573013,-0.023288000375032425,0.00404428830370307
Movies,43,context_grounded_dynamic,visual,Q1,beneficial_vs_harmful,0,6111,nan,nan,0.0398928267712317,0.0772237665951252,-0.05796836316585541,0.00357489800080657
Movies,43,context_grounded_dynamic,visual,Q1,beneficial_vs_harmful,1,6111,nan,nan,0.05853379597089223,0.08333523944020271,-0.02681170217692852,0.0040942588821053505
Movies,43,context_grounded_dynamic,visual,Q5,beneficial,0,4536,1.6336126327514648,3.481379985809326,nan,0.08064471185207367,-0.07920562475919724,0.0040068356320261955
Movies,43,context_grounded_dynamic,visual,Q5,beneficial,1,4536,1.317318081855774,3.5959877967834473,nan,0.09274093806743622,-0.05905105546116829,0.005090772639960051
Movies,43,context_grounded_dynamic,visual,Q5,harmful,0,1574,0.9283292889595032,3.915855646133423,nan,0.08674834668636322,-0.03400300443172455,0.00436478853225708
Movies,43,context_grounded_dynamic,visual,Q5,harmful,1,1574,0.8306915760040283,3.9265198707580566,nan,0.09644556790590286,-0.01279099378734827,0.0052004060707986355
Movies,43,context_grounded_dynamic,visual,Q5,beneficial_vs_harmful,0,6110,nan,nan,0.23812761159856394,0.08369652926921844,-0.05660431459546089,0.004185812082141638
Movies,43,context_grounded_dynamic,visual,Q5,beneficial_vs_harmful,1,6110,nan,nan,0.18882027025874168,0.09459325298666954,-0.03592102462425828,0.005145589355379343
Movies,44,context_grounded_dynamic,text,Q1,beneficial,0,3562,0.8987447619438171,3.5314857959747314,nan,0.12212593853473663,0.060482390224933624,0.008195021189749241
Movies,44,context_grounded_dynamic,text,Q1,beneficial,1,3562,0.8986101150512695,3.5330469608306885,nan,0.13606075942516327,0.06606238335371017,0.010010839439928532
Movies,44,context_grounded_dynamic,text,Q1,harmful,0,2549,1.101814866065979,3.43644380569458,nan,0.11951193958520889,0.07421135902404785,0.007983691059052944
Movies,44,context_grounded_dynamic,text,Q1,harmful,1,2549,1.1040847301483154,3.439793348312378,nan,0.13387860357761383,0.08211899548768997,0.009791132062673569
Movies,44,context_grounded_dynamic,text,Q1,beneficial_vs_harmful,0,6111,nan,nan,0.07181839458295051,0.12081893905997276,0.06734687462449074,0.008089356124401093
Movies,44,context_grounded_dynamic,text,Q1,beneficial_vs_harmful,1,6111,nan,nan,0.0729035951732617,0.13496968150138855,0.07409068942070007,0.00990098575130105
Movies,44,context_grounded_dynamic,text,Q5,beneficial,0,4457,1.440730094909668,3.3329663276672363,nan,0.10889153927564621,-0.06826481968164444,0.006599384360015392
Movies,44,context_grounded_dynamic,text,Q5,beneficial,1,4457,1.4288029670715332,3.3498096466064453,nan,0.11899113655090332,-0.07601408660411835,0.007812884636223316
Movies,44,context_grounded_dynamic,text,Q5,harmful,0,1653,1.202322006225586,3.4469962120056152,nan,0.10947714745998383,-0.0017151604406535625,0.006583101116120815
Movies,44,context_grounded_dynamic,text,Q5,harmful,1,1653,1.2099475860595703,3.45113205909729,nan,0.12133774161338806,-0.00016875614528544247,0.008009035140275955
Movies,44,context_grounded_dynamic,text,Q5,beneficial_vs_harmful,0,6110,nan,nan,0.11271879948616131,0.10918434336781502,-0.034989990061149,0.006591242738068104
Movies,44,context_grounded_dynamic,text,Q5,beneficial_vs_harmful,1,6110,nan,nan,0.11156822225047627,0.12016443908214569,-0.038091421374701895,0.007910959888249636
Movies,44,context_grounded_dynamic,visual,Q1,beneficial,0,3543,0.7119066715240479,4.033984184265137,nan,0.16725526750087738,-0.00028536745230667293,0.01620538905262947
Movies,44,context_grounded_dynamic,visual,Q1,beneficial,1,3543,0.7652584910392761,4.037481784820557,nan,0.18310114741325378,0.021747302263975143,0.018794849514961243
Movies,44,context_grounded_dynamic,visual,Q1,harmful,0,2568,0.7942827343940735,3.98191237449646,nan,0.16109071671962738,-0.023577140644192696,0.01563446596264839
Movies,44,context_grounded_dynamic,visual,Q1,harmful,1,2568,0.7513800859451294,4.01624870300293,nan,0.1723983734846115,-0.006964089348912239,0.01761612854897976
Movies,44,context_grounded_dynamic,visual,Q1,beneficial_vs_harmful,0,6111,nan,nan,0.11077266878806431,0.16417299211025238,-0.011931254048249684,0.01591992750763893
Movies,44,context_grounded_dynamic,visual,Q1,beneficial_vs_harmful,1,6111,nan,nan,0.11148997089795944,0.17774976044893265,0.007391606457531452,0.0182054890319705
Movies,44,context_grounded_dynamic,visual,Q5,beneficial,0,4489,2.283928632736206,3.0738813877105713,nan,0.14785313606262207,0.09353337436914444,0.012530297040939331
Movies,44,context_grounded_dynamic,visual,Q5,beneficial,1,4489,2.2341392040252686,3.143327236175537,nan,0.181365504860878,0.16757047176361084,0.016276400536298752
Movies,44,context_grounded_dynamic,visual,Q5,harmful,0,1620,1.775395154953003,3.433187961578369,nan,0.1464216709136963,0.04756253957748413,0.01258228812366724
Movies,44,context_grounded_dynamic,visual,Q5,harmful,1,1620,1.7194055318832397,3.487945556640625,nan,0.17652533948421478,0.11449805647134781,0.016160858795046806
Movies,44,context_grounded_dynamic,visual,Q5,beneficial_vs_harmful,0,6109,nan,nan,0.19637319998541558,0.14713740348815918,0.07054795697331429,0.012556292582303286
Movies,44,context_grounded_dynamic,visual,Q5,beneficial_vs_harmful,1,6109,nan,nan,0.18608874213714638,0.1789454221725464,0.14103426411747932,0.01621862966567278
Grocery,42,context_grounded_dynamic,text,Q1,beneficial,0,3043,1.1914336681365967,3.745269298553467,nan,0.4414912164211273,-0.007118367590010166,0.09279865026473999
Grocery,42,context_grounded_dynamic,text,Q1,beneficial,1,3043,1.106948733329773,3.7708539962768555,nan,0.3771761357784271,0.007435585837811232,0.07016374170780182
Grocery,42,context_grounded_dynamic,text,Q1,harmful,0,2168,1.5386687517166138,3.5734190940856934,nan,0.4212905466556549,-0.017204025760293007,0.08777675032615662
Grocery,42,context_grounded_dynamic,text,Q1,harmful,1,2168,1.4412232637405396,3.615480661392212,nan,0.35591453313827515,0.0005663123447448015,0.0646497905254364
Grocery,42,context_grounded_dynamic,text,Q1,beneficial_vs_harmful,0,5211,nan,nan,0.11996646295813054,0.4313908815383911,-0.012161196675151587,0.0902877002954483
Grocery,42,context_grounded_dynamic,text,Q1,beneficial_vs_harmful,1,5211,nan,nan,0.11655944557180543,0.36654533445835114,0.004000949091278017,0.06740676611661911
Grocery,42,context_grounded_dynamic,text,Q5,beneficial,0,4802,0.8882642388343811,3.9320147037506104,nan,0.5032936930656433,0.07532224804162979,0.10108350217342377
Grocery,42,context_grounded_dynamic,text,Q5,beneficial,1,4802,0.7746496796607971,3.968812942504883,nan,0.43446385860443115,0.0841345489025116,0.07871618866920471
Grocery,42,context_grounded_dynamic,text,Q5,harmful,0,408,1.1776043176651,3.7204434871673584,nan,0.4130638837814331,0.0233978983014822,0.08154043555259705
Grocery,42,context_grounded_dynamic,text,Q5,harmful,1,408,0.910921037197113,3.7994282245635986,nan,0.3604540228843689,0.03775718808174133,0.06113802641630173
Grocery,42,context_grounded_dynamic,text,Q5,beneficial_vs_harmful,0,5210,nan,nan,0.24940808623026053,0.4581787884235382,0.049360073171555996,0.0913119688630104
Grocery,42,context_grounded_dynamic,text,Q5,beneficial_vs_harmful,1,5210,nan,nan,0.21441534400582035,0.3974589407444,0.060945868492126465,0.06992710754275322
Grocery,42,context_grounded_dynamic,visual,Q1,beneficial,0,3157,1.4111782312393188,3.7590034008026123,nan,0.4305393695831299,-0.03229159489274025,0.09123643487691879
Grocery,42,context_grounded_dynamic,visual,Q1,beneficial,1,3157,1.4880156517028809,3.744851589202881,nan,0.5374573469161987,-0.01080618891865015,0.12789906561374664
Grocery,42,context_grounded_dynamic,visual,Q1,harmful,0,2052,1.5737183094024658,3.6937363147735596,nan,0.41077640652656555,-0.09536045789718628,0.0937071144580841
Grocery,42,context_grounded_dynamic,visual,Q1,harmful,1,2052,1.6764997243881226,3.6627402305603027,nan,0.5020773410797119,-0.12495572865009308,0.14170004427433014
Grocery,42,context_grounded_dynamic,visual,Q1,beneficial_vs_harmful,0,5209,nan,nan,0.1458020997178794,0.4206578880548477,-0.06382602639496326,0.09247177466750145
Grocery,42,context_grounded_dynamic,visual,Q1,beneficial_vs_harmful,1,5209,nan,nan,0.14449198595205862,0.5197673439979553,-0.06788095878437161,0.1347995549440384
Grocery,42,context_grounded_dynamic,visual,Q5,beneficial,0,4789,1.4572277069091797,3.794633626937866,nan,0.5898358821868896,0.306692898273468,0.0815998911857605
Grocery,42,context_grounded_dynamic,visual,Q5,beneficial,1,4789,1.4268978834152222,3.8270344734191895,nan,0.7386513352394104,0.43226155638694763,0.07794734835624695
Grocery,42,context_grounded_dynamic,visual,Q5,harmful,0,421,1.0537464618682861,3.8898777961730957,nan,0.4019719660282135,0.035991668701171875,0.06714033335447311
Grocery,42,context_grounded_dynamic,visual,Q5,harmful,1,421,1.0952500104904175,3.848691940307617,nan,0.4791692793369293,0.12853150069713593,0.07265803962945938
Grocery,42,context_grounded_dynamic,visual,Q5,beneficial_vs_harmful,0,5210,nan,nan,0.5133500089058396,0.4959039241075516,0.17134228348731995,0.0743701122701168
Grocery,42,context_grounded_dynamic,visual,Q5,beneficial_vs_harmful,1,5210,nan,nan,0.5159123361161941,0.6089103072881699,0.2803965285420418,0.07530269399285316
Grocery,43,context_grounded_dynamic,text,Q1,beneficial,0,3004,1.7327427864074707,3.718329906463623,nan,0.3182514011859894,0.034198593348264694,0.05106404051184654
Grocery,43,context_grounded_dynamic,text,Q1,beneficial,1,3004,1.6511858701705933,3.7451159954071045,nan,0.26884812116622925,0.050030771642923355,0.036881472915410995
Grocery,43,context_grounded_dynamic,text,Q1,harmful,0,2206,1.6600385904312134,3.6834964752197266,nan,0.30730220675468445,0.00915730744600296,0.049361348152160645
Grocery,43,context_grounded_dynamic,text,Q1,harmful,1,2206,1.5483613014221191,3.7152316570281982,nan,0.2609254717826843,0.012063584290444851,0.03643427789211273
Grocery,43,context_grounded_dynamic,text,Q1,beneficial_vs_harmful,0,5210,nan,nan,0.15769120880921839,0.3127768039703369,0.021677950397133827,0.05021269433200359
Grocery,43,context_grounded_dynamic,text,Q1,beneficial_vs_harmful,1,5210,nan,nan,0.15652870863746063,0.2648867964744568,0.031047177966684103,0.036657875403761864
Grocery,43,context_grounded_dynamic,text,Q5,beneficial,0,4779,2.070781946182251,3.5251450538635254,nan,0.33489686250686646,0.0966770201921463,0.05198455974459648
Grocery,43,context_grounded_dynamic,text,Q5,beneficial,1,4779,2.031113862991333,3.5539188385009766,nan,0.30738401412963867,0.15023018419742584,0.04129690304398537
Grocery,43,context_grounded_dynamic,text,Q5,harmful,0,431,1.79770028591156,3.6462037563323975,nan,0.28763967752456665,0.0606086440384388,0.04519728198647499
Grocery,43,context_grounded_dynamic,text,Q5,harmful,1,431,1.8376920223236084,3.616056203842163,nan,0.2596410810947418,0.1081729307770729,0.0348103865981102
Grocery,43,context_grounded_dynamic,text,Q5,beneficial_vs_harmful,0,5210,nan,nan,0.2881513258981423,0.31126827001571655,0.07864283211529255,0.048590920865535736
Grocery,43,context_grounded_dynamic,text,Q5,beneficial_vs_harmful,1,5210,nan,nan,0.3276706673132228,0.28351254761219025,0.12920155748724937,0.03805364482104778
Grocery,43,context_grounded_dynamic,visual,Q1,beneficial,0,3144,0.530701220035553,4.2222700119018555,nan,0.29725733399391174,0.06550150364637375,0.04056377336382866
Grocery,43,context_grounded_dynamic,visual,Q1,beneficial,1,3144,0.4249280095100403,4.236904144287109,nan,0.38333216309547424,0.09321685135364532,0.05595996975898743
Grocery,43,context_grounded_dynamic,visual,Q1,harmful,0,2067,0.7627958655357361,4.182571887969971,nan,0.2850046157836914,-0.03277437016367912,0.04388205334544182
Grocery,43,context_grounded_dynamic,visual,Q1,harmful,1,2067,1.092846155166626,4.11758279800415,nan,0.35505548119544983,-0.060386110097169876,0.06620603054761887
Grocery,43,context_grounded_dynamic,visual,Q1,beneficial_vs_harmful,0,5211,nan,nan,0.22803447032998964,0.2911309748888016,0.016363566741347313,0.04222291335463524
Grocery,43,context_grounded_dynamic,visual,Q1,beneficial_vs_harmful,1,5211,nan,nan,0.24032393471712643,0.36919382214546204,0.016415370628237724,0.061083000153303146
Grocery,43,context_grounded_dynamic,visual,Q5,beneficial,0,4798,2.9172451496124268,2.999732255935669,nan,0.39678099751472473,0.3135649263858795,0.04499872773885727
Grocery,43,context_grounded_dynamic,visual,Q5,beneficial,1,4798,2.730461835861206,3.1280627250671387,nan,0.5049673318862915,0.43427303433418274,0.04520833119750023
Grocery,43,context_grounded_dynamic,visual,Q5,harmful,0,412,2.8639938831329346,3.10986328125,nan,0.35749658942222595,0.2213350087404251,0.044762324541807175
Grocery,43,context_grounded_dynamic,visual,Q5,harmful,1,412,2.6399271488189697,3.2449355125427246,nan,0.4743015468120575,0.32845377922058105,0.055034518241882324
Grocery,43,context_grounded_dynamic,visual,Q5,beneficial_vs_harmful,0,5210,nan,nan,0.15759760170147222,0.37713879346847534,0.2674499675631523,0.04488052614033222
Grocery,43,context_grounded_dynamic,visual,Q5,beneficial_vs_harmful,1,5210,nan,nan,0.1598400982674884,0.4896344393491745,0.3813634067773819,0.05012142471969128
Grocery,44,context_grounded_dynamic,text,Q1,beneficial,0,3189,0.8648806810379028,3.8362278938293457,nan,0.32384535670280457,0.03384673595428467,0.05136892572045326
Grocery,44,context_grounded_dynamic,text,Q1,beneficial,1,3189,0.8256208300590515,3.8446946144104004,nan,0.30412712693214417,0.05121108517050743,0.04419027268886566
Grocery,44,context_grounded_dynamic,text,Q1,harmful,0,2022,1.0726923942565918,3.766130208969116,nan,0.31493258476257324,-0.004879055079072714,0.05082601681351662
Grocery,44,context_grounded_dynamic,text,Q1,harmful,1,2022,1.0024508237838745,3.778963088989258,nan,0.2919689118862152,0.0010384985944256186,0.04352050647139549
Grocery,44,context_grounded_dynamic,text,Q1,beneficial_vs_harmful,0,5211,nan,nan,0.19926421445792633,0.3193889707326889,0.014483840437605977,0.05109747126698494
Grocery,44,context_grounded_dynamic,text,Q1,beneficial_vs_harmful,1,5211,nan,nan,0.1965936073555794,0.2980480194091797,0.026124791882466525,0.04385538958013058
Grocery,44,context_grounded_dynamic,text,Q5,beneficial,0,4813,0.8786582350730896,3.8556387424468994,nan,0.3733234405517578,0.11147532612085342,0.06023351475596428
Grocery,44,context_grounded_dynamic,text,Q5,beneficial,1,4813,0.8392497897148132,3.8760221004486084,nan,0.34971311688423157,0.15796208381652832,0.050478555262088776
Grocery,44,context_grounded_dynamic,text,Q5,harmful,0,397,0.7742985486984253,3.895381212234497,nan,0.34014591574668884,0.05461852252483368,0.056004852056503296
Grocery,44,context_grounded_dynamic,text,Q5,harmful,1,397,0.6963351368904114,3.921630859375,nan,0.3423319458961487,0.06557385623455048,0.05420910194516182
Grocery,44,context_grounded_dynamic,text,Q5,beneficial_vs_harmful,0,5210,nan,nan,0.16754680248314555,0.3567346781492233,0.08304692432284355,0.05811918340623379
Grocery,44,context_grounded_dynamic,text,Q5,beneficial_vs_harmful,1,5210,nan,nan,0.17050694210217585,0.3460225313901901,0.1117679700255394,0.0523438286036253
Grocery,44,context_grounded_dynamic,visual,Q1,beneficial,0,3255,0.9364054799079895,4.2025628089904785,nan,0.366852343082428,0.07602415978908539,0.05576000735163689
Grocery,44,context_grounded_dynamic,visual,Q1,beneficial,1,3255,0.762432336807251,4.304399490356445,nan,0.47556284070014954,0.08586738258600235,0.08147449046373367
Grocery,44,context_grounded_dynamic,visual,Q1,harmful,0,1955,0.9743183851242065,4.188592910766602,nan,0.3575551211833954,-0.020233331248164177,0.06346078962087631
Grocery,44,context_grounded_dynamic,visual,Q1,harmful,1,1955,1.1819804906845093,4.170751571655273,nan,0.449830025434494,-0.05680457875132561,0.09889334440231323
Grocery,44,context_grounded_dynamic,visual,Q1,beneficial_vs_harmful,0,5210,nan,nan,0.21807328744843013,0.3622037321329117,0.027895414270460606,0.0596103984862566
Grocery,44,context_grounded_dynamic,visual,Q1,beneficial_vs_harmful,1,5210,nan,nan,0.2117369194223769,0.4626964330673218,0.014531401917338371,0.09018391743302345
Grocery,44,context_grounded_dynamic,visual,Q5,beneficial,0,4745,1.8822470903396606,3.8187010288238525,nan,0.45658525824546814,0.26484596729278564,0.057282883673906326
Grocery,44,context_grounded_dynamic,visual,Q5,beneficial,1,4745,1.7715768814086914,3.8956315517425537,nan,0.5695655941963196,0.36627835035324097,0.05654793232679367
Grocery,44,context_grounded_dynamic,visual,Q5,harmful,0,465,1.7187652587890625,3.834623098373413,nan,0.38866153359413147,0.1335616409778595,0.05912914499640465
Grocery,44,context_grounded_dynamic,visual,Q5,harmful,1,465,1.5997024774551392,3.9188380241394043,nan,0.4958287179470062,0.23342880606651306,0.07243207842111588
Grocery,44,context_grounded_dynamic,visual,Q5,beneficial_vs_harmful,0,5210,nan,nan,0.13022063329613254,0.4226233959197998,0.19920380413532257,0.05820601433515549
Grocery,44,context_grounded_dynamic,visual,Q5,beneficial_vs_harmful,1,5210,nan,nan,0.12848668125991924,0.5326971560716629,0.299853578209877,0.06449000537395477
Reddit-S,42,context_grounded_dynamic,text,Q1,beneficial,0,6303,1.8141803741455078,3.6439008712768555,nan,0.7218225598335266,0.11079446971416473,0.16731363534927368
Reddit-S,42,context_grounded_dynamic,text,Q1,beneficial,1,6303,1.8836692571640015,3.5997273921966553,nan,0.8130831718444824,0.18213175237178802,0.17680871486663818
Reddit-S,42,context_grounded_dynamic,text,Q1,harmful,0,1591,0.8780860900878906,3.997990131378174,nan,0.6849141716957092,0.033924661576747894,0.1714845448732376
Reddit-S,42,context_grounded_dynamic,text,Q1,harmful,1,1591,0.9158732295036316,3.9918320178985596,nan,0.7615066766738892,0.09466138482093811,0.18258515000343323
Reddit-S,42,context_grounded_dynamic,text,Q1,beneficial_vs_harmful,0,7894,nan,nan,0.26993776506186823,0.7033683657646179,0.07235956564545631,0.16939909011125565
Reddit-S,42,context_grounded_dynamic,text,Q1,beneficial_vs_harmful,1,7894,nan,nan,0.2798414562617105,0.7872949242591858,0.13839656859636307,0.1796969324350357
Reddit-S,42,context_grounded_dynamic,text,Q5,beneficial,0,7594,2.690229892730713,3.1385488510131836,nan,0.6338607668876648,0.12544415891170502,0.1450064480304718
Reddit-S,42,context_grounded_dynamic,text,Q5,beneficial,1,7594,2.694688081741333,3.063523769378662,nan,0.6057683825492859,0.20636457204818726,0.1269432008266449
Reddit-S,42,context_grounded_dynamic,text,Q5,harmful,0,318,2.362973928451538,2.836977243423462,nan,0.5936999320983887,0.1272142082452774,0.1250990629196167
Reddit-S,42,context_grounded_dynamic,text,Q5,harmful,1,318,2.367084264755249,2.843400001525879,nan,0.6826430559158325,0.2053142935037613,0.1380188763141632
Reddit-S,42,context_grounded_dynamic,text,Q5,beneficial_vs_harmful,0,7912,nan,nan,1.0166960903151196,0.6137803494930267,0.1263291835784912,0.13505275547504425
Reddit-S,42,context_grounded_dynamic,text,Q5,beneficial_vs_harmful,1,7912,nan,nan,1.0222981361291763,0.6442057192325592,0.20583943277597427,0.13248103857040405
Reddit-S,42,context_grounded_dynamic,visual,Q1,beneficial,0,6078,1.5230733156204224,3.8740291595458984,nan,0.3324972689151764,0.18279843032360077,0.043987177312374115
Reddit-S,42,context_grounded_dynamic,visual,Q1,beneficial,1,6078,1.4637696743011475,3.9258065223693848,nan,0.35191071033477783,0.2641649544239044,0.04171320050954819
Reddit-S,42,context_grounded_dynamic,visual,Q1,harmful,0,1822,2.054011821746826,3.756748676300049,nan,0.3205420970916748,-0.04966361075639725,0.05142118036746979
Reddit-S,42,context_grounded_dynamic,visual,Q1,harmful,1,1822,2.1869759559631348,3.6961679458618164,nan,0.31738710403442383,-0.032161083072423935,0.05064874142408371
Reddit-S,42,context_grounded_dynamic,visual,Q1,beneficial_vs_harmful,0,7900,nan,nan,0.5449683779208353,0.3265196830034256,0.06656740978360176,0.04770417883992195
Reddit-S,42,context_grounded_dynamic,visual,Q1,beneficial_vs_harmful,1,7900,nan,nan,0.5329473871430687,0.33464890718460083,0.11600193567574024,0.04618097096681595
Reddit-S,42,context_grounded_dynamic,visual,Q5,beneficial,0,7544,1.2229082584381104,4.300788402557373,nan,0.37822890281677246,0.266758531332016,0.04636697098612785
Reddit-S,42,context_grounded_dynamic,visual,Q5,beneficial,1,7544,1.2055845260620117,4.326502323150635,nan,0.358797162771225,0.3840041756629944,0.03417832404375076
Reddit-S,42,context_grounded_dynamic,visual,Q5,harmful,0,378,3.039572238922119,2.3749654293060303,nan,0.2526811361312866,0.016051022335886955,0.0313577838242054
Reddit-S,42,context_grounded_dynamic,visual,Q5,harmful,1,378,3.0453970432281494,2.2706408500671387,nan,0.19473817944526672,0.10771546512842178,0.018455736339092255
Reddit-S,42,context_grounded_dynamic,visual,Q5,beneficial_vs_harmful,0,7922,nan,nan,0.7061398726525726,0.31545501947402954,0.14140477683395147,0.038862377405166626
Reddit-S,42,context_grounded_dynamic,visual,Q5,beneficial_vs_harmful,1,7922,nan,nan,0.7765090986677141,0.27676767110824585,0.24585982039570808,0.02631703019142151
Reddit-S,43,context_grounded_dynamic,text,Q1,beneficial,0,6480,1.5112935304641724,3.7924838066101074,nan,0.6428587436676025,0.11007336527109146,0.142696812748909
Reddit-S,43,context_grounded_dynamic,text,Q1,beneficial,1,6480,1.3646142482757568,3.901313543319702,nan,0.766294002532959,0.17058256268501282,0.16831810772418976
Reddit-S,43,context_grounded_dynamic,text,Q1,harmful,0,1345,1.269591212272644,3.8934316635131836,nan,0.6546434760093689,0.052217334508895874,0.15576693415641785
Reddit-S,43,context_grounded_dynamic,text,Q1,harmful,1,1345,1.1006509065628052,3.992318630218506,nan,0.7714388966560364,0.10381729155778885,0.18370144069194794
Reddit-S,43,context_grounded_dynamic,text,Q1,beneficial_vs_harmful,0,7825,nan,nan,0.13124514805407225,0.6487511098384857,0.08114534988999367,0.14923187345266342
Reddit-S,43,context_grounded_dynamic,text,Q1,beneficial_vs_harmful,1,7825,nan,nan,0.13570095564875126,0.7688664495944977,0.13719992712140083,0.17600977420806885
Reddit-S,43,context_grounded_dynamic,text,Q5,beneficial,0,7798,2.5917906761169434,2.999770164489746,nan,0.45946502685546875,0.049901966005563736,0.10026390850543976
Reddit-S,43,context_grounded_dynamic,text,Q5,beneficial,1,7798,2.591280221939087,3.037898063659668,nan,0.546192467212677,0.08593849092721939,0.11334999650716782
Reddit-S,43,context_grounded_dynamic,text,Q5,harmful,0,121,2.122183084487915,3.489905834197998,nan,0.7457720041275024,0.02494245395064354,0.1962530016899109
Reddit-S,43,context_grounded_dynamic,text,Q5,harmful,1,121,2.1160452365875244,3.522514581680298,nan,0.8268369436264038,0.11498924344778061,0.20014427602291107
Reddit-S,43,context_grounded_dynamic,text,Q5,beneficial_vs_harmful,0,7919,nan,nan,0.31126107535297404,0.6026185154914856,0.03742220997810364,0.14825845509767532
Reddit-S,43,context_grounded_dynamic,text,Q5,beneficial_vs_harmful,1,7919,nan,nan,0.3162118615593792,0.6865147054195404,0.1004638671875,0.15674713626503944
Reddit-S,43,context_grounded_dynamic,visual,Q1,beneficial,0,6438,0.7843632102012634,4.366919994354248,nan,0.2573006749153137,0.09171910583972931,0.030949240550398827
Reddit-S,43,context_grounded_dynamic,visual,Q1,beneficial,1,6438,1.0312498807907104,4.30429220199585,nan,0.2703985273838043,0.1034555658698082,0.03222036734223366
Reddit-S,43,context_grounded_dynamic,visual,Q1,harmful,0,1270,2.755687713623047,3.4109933376312256,nan,0.2536112666130066,-0.1869180053472519,0.03828367590904236
Reddit-S,43,context_grounded_dynamic,visual,Q1,harmful,1,1270,2.8758363723754883,3.3368964195251465,nan,0.268719881772995,-0.21977774798870087,0.043886713683605194
Reddit-S,43,context_grounded_dynamic,visual,Q1,beneficial_vs_harmful,0,7708,nan,nan,0.6343620912317932,0.25545597076416016,-0.04759944975376129,0.03461645822972059
Reddit-S,43,context_grounded_dynamic,visual,Q1,beneficial_vs_harmful,1,7708,nan,nan,0.5868574167906648,0.26955920457839966,-0.058161091059446335,0.038053540512919426
Reddit-S,43,context_grounded_dynamic,visual,Q5,beneficial,0,7600,3.600593328475952,2.532414197921753,nan,0.4882015585899353,0.4460705518722534,0.05471287667751312
Reddit-S,43,context_grounded_dynamic,visual,Q5,beneficial,1,7600,3.5446884632110596,2.591341495513916,nan,0.5347121953964233,0.5451932549476624,0.04933944717049599
Reddit-S,43,context_grounded_dynamic,visual,Q5,harmful,0,322,3.438187599182129,1.9526727199554443,nan,0.2205733060836792,-0.0036996377166360617,0.02348652482032776
Reddit-S,43,context_grounded_dynamic,visual,Q5,harmful,1,322,3.8610105514526367,1.67415452003479,nan,0.18543913960456848,0.041091132909059525,0.01658421754837036
Reddit-S,43,context_grounded_dynamic,visual,Q5,beneficial_vs_harmful,0,7922,nan,nan,2.9226600002177077,0.35438743233680725,0.22118545707780868,0.03909970074892044
Reddit-S,43,context_grounded_dynamic,visual,Q5,beneficial_vs_harmful,1,7922,nan,nan,3.331557633544687,0.3600756675004959,0.29314219392836094,0.032961832359433174
Reddit-S,44,context_grounded_dynamic,text,Q1,beneficial,0,6870,2.6658782958984375,3.3194916248321533,nan,0.6894115209579468,0.15871170163154602,0.14498849213123322
Reddit-S,44,context_grounded_dynamic,text,Q1,beneficial,1,6870,2.658846139907837,3.3432137966156006,nan,0.8327170014381409,0.2399633675813675,0.16495220363140106
Reddit-S,44,context_grounded_dynamic,text,Q1,harmful,0,995,1.9480302333831787,3.705375909805298,nan,0.6805492043495178,0.07511630654335022,0.15421344339847565
Reddit-S,44,context_grounded_dynamic,text,Q1,harmful,1,995,1.915400505065918,3.7330172061920166,nan,0.7773918509483337,0.14268019795417786,0.16780640184879303
Reddit-S,44,context_grounded_dynamic,text,Q1,beneficial_vs_harmful,0,7865,nan,nan,0.31213938297796295,0.6849803626537323,0.11691400408744812,0.14960096776485443
Reddit-S,44,context_grounded_dynamic,text,Q1,beneficial_vs_harmful,1,7865,nan,nan,0.3173240281693116,0.8050544261932373,0.19132178276777267,0.16637930274009705
Reddit-S,44,context_grounded_dynamic,text,Q5,beneficial,0,7861,2.7215232849121094,3.0350022315979004,nan,0.5203836560249329,0.05871296674013138,0.11611553281545639
Reddit-S,44,context_grounded_dynamic,text,Q5,beneficial,1,7861,2.6840550899505615,3.045391798019409,nan,0.5209282636642456,0.1517695039510727,0.10985001921653748
Reddit-S,44,context_grounded_dynamic,text,Q5,harmful,0,60,2.0869269371032715,3.54134464263916,nan,0.7172433137893677,-0.03263261914253235,0.19691810011863708
Reddit-S,44,context_grounded_dynamic,text,Q5,harmful,1,60,2.108893871307373,3.529768943786621,nan,0.7459205389022827,0.060055915266275406,0.1838015615940094
Reddit-S,44,context_grounded_dynamic,text,Q5,beneficial_vs_harmful,0,7921,nan,nan,0.35267879380763034,0.6188134849071503,0.013040173798799515,0.15651681646704674
Reddit-S,44,context_grounded_dynamic,text,Q5,beneficial_vs_harmful,1,7921,nan,nan,0.32941962939371533,0.6334244012832642,0.10591270960867405,0.14682579040527344
Reddit-S,44,context_grounded_dynamic,visual,Q1,beneficial,0,6355,0.717458963394165,4.303102016448975,nan,0.26880091428756714,0.1583271324634552,0.02829166129231453
Reddit-S,44,context_grounded_dynamic,visual,Q1,beneficial,1,6355,0.7270516753196716,4.308290481567383,nan,0.31520169973373413,0.22442099452018738,0.030979836359620094
Reddit-S,44,context_grounded_dynamic,visual,Q1,harmful,0,1543,2.22866153717041,3.6764655113220215,nan,0.27836236357688904,-0.1800699084997177,0.04322578012943268
Reddit-S,44,context_grounded_dynamic,visual,Q1,harmful,1,1543,2.2229135036468506,3.689770221710205,nan,0.3046095073223114,-0.20132732391357422,0.050764553248882294
Reddit-S,44,context_grounded_dynamic,visual,Q1,beneficial_vs_harmful,0,7898,nan,nan,0.5275988943947914,0.2735816389322281,-0.010871388018131256,0.035758720710873604
Reddit-S,44,context_grounded_dynamic,visual,Q1,beneficial_vs_harmful,1,7898,nan,nan,0.5061569535927856,0.30990560352802277,0.01154683530330658,0.040872194804251194
Reddit-S,44,context_grounded_dynamic,visual,Q5,beneficial,0,7737,2.5658533573150635,3.3705179691314697,nan,0.352459192276001,0.3393228352069855,0.03545064106583595
Reddit-S,44,context_grounded_dynamic,visual,Q5,beneficial,1,7737,2.4587748050689697,3.4505226612091064,nan,0.36284324526786804,0.4173336923122406,0.02982713095843792
Reddit-S,44,context_grounded_dynamic,visual,Q5,harmful,0,185,3.394645929336548,2.1987314224243164,nan,0.10827155411243439,0.14746788144111633,0.005724491085857153
Reddit-S,44,context_grounded_dynamic,visual,Q5,harmful,1,185,3.4692161083221436,2.1194019317626953,nan,0.10173798352479935,0.15375205874443054,0.005137751344591379
Reddit-S,44,context_grounded_dynamic,visual,Q5,beneficial_vs_harmful,0,7922,nan,nan,1.675394262412909,0.23036537319421768,0.2433953583240509,0.020587566075846553
Reddit-S,44,context_grounded_dynamic,visual,Q5,beneficial_vs_harmful,1,7922,nan,nan,1.676540026162446,0.2322906143963337,0.28554287552833557,0.01748244115151465
