dataset,variant,n_seeds,val_acc_mean,val_acc_sd_population,val_macro_f1_mean,val_macro_f1_sd_population,active_parameters_mean,total_parameters_mean,best_epoch_min,best_epoch_max
Grocery,context_grounded_dynamic,3,0.8279160658518473,0.0012269231823615623,0.7486866493558338,0.017990100078977254,1007252.0,1007380.0,60,124
Grocery,context_grounded_static,3,0.8318204085032145,0.0036207465637846012,0.759349451827215,0.008320375464282407,974100.0,1007380.0,70,105
Grocery,global_grounded_dynamic,3,0.836407999197642,0.005537084642299988,0.7652237621132513,0.011598143159932975,898964.0,1007380.0,101,234
Grocery,pair_grounded_dynamic,3,0.8276232282320658,0.0020051349852607246,0.7487109415973908,0.012478188337531202,973716.0,1007380.0,74,155
Movies,context_grounded_dynamic,3,0.5610877871513367,0.004114992751316081,0.45759965871829617,0.036895994167825075,1007252.0,1007380.0,34,77
Movies,context_grounded_static,3,0.5610877871513367,0.004838471868085796,0.466800049189652,0.011667398373229885,974100.0,1007380.0,51,60
Movies,global_grounded_dynamic,3,0.5625874797503153,0.006717287983940618,0.4629377515435364,0.020556722284920878,898964.0,1007380.0,47,58
Movies,pair_grounded_dynamic,3,0.5587882399559021,0.0035573631050548143,0.44658645692463117,0.03410677283309065,973716.0,1007380.0,35,49
Reddit-S,context_grounded_dynamic,3,0.965083380540212,0.0026815026493732467,0.9273477092893009,0.0011853283016584214,1007252.0,1007380.0,57,64
Reddit-S,context_grounded_static,3,0.9648736317952474,0.0019950065771449635,0.9247300452708682,0.0033262247198984425,974100.0,1007380.0,59,103
Reddit-S,global_grounded_dynamic,3,0.9641396403312683,0.0013590697064339114,0.9212422607078667,0.0028830184019810207,898964.0,1007380.0,44,63
Reddit-S,pair_grounded_dynamic,3,0.9646639426549276,0.0021540084956900812,0.9228700606997853,0.002712846506031515,973716.0,1007380.0,53,61
