epoch,modality,W_up_frobenius_norm,dataset,seed,variant,is_best_epoch,selected_best_epoch,up_weight_norm
1,text,0.08931024372577667,Movies,42,global_grounded_dynamic,False,5,0.08931024372577667
1,visual,0.08968505263328552,Movies,42,global_grounded_dynamic,False,5,0.08968505263328552
2,text,0.12859559059143066,Movies,42,global_grounded_dynamic,False,5,0.12859559059143066
2,visual,0.13092301785945892,Movies,42,global_grounded_dynamic,False,5,0.13092301785945892
3,text,0.1619042307138443,Movies,42,global_grounded_dynamic,False,5,0.1619042307138443
3,visual,0.16375911235809326,Movies,42,global_grounded_dynamic,False,5,0.16375911235809326
4,text,0.1922769546508789,Movies,42,global_grounded_dynamic,False,5,0.1922769546508789
4,visual,0.19519099593162537,Movies,42,global_grounded_dynamic,False,5,0.19519099593162537
5,text,0.2183588445186615,Movies,42,global_grounded_dynamic,True,5,0.2183588445186615
5,visual,0.22621816396713257,Movies,42,global_grounded_dynamic,True,5,0.22621816396713257
1,text,0.08955729007720947,Movies,42,pair_grounded_dynamic,False,5,0.08955729007720947
1,visual,0.08981528878211975,Movies,42,pair_grounded_dynamic,False,5,0.08981528878211975
2,text,0.13215875625610352,Movies,42,pair_grounded_dynamic,False,5,0.13215875625610352
2,visual,0.13523288071155548,Movies,42,pair_grounded_dynamic,False,5,0.13523288071155548
3,text,0.1666533350944519,Movies,42,pair_grounded_dynamic,False,5,0.1666533350944519
3,visual,0.16804735362529755,Movies,42,pair_grounded_dynamic,False,5,0.16804735362529755
4,text,0.19762574136257172,Movies,42,pair_grounded_dynamic,False,5,0.19762574136257172
4,visual,0.19886773824691772,Movies,42,pair_grounded_dynamic,False,5,0.19886773824691772
5,text,0.22607816755771637,Movies,42,pair_grounded_dynamic,True,5,0.22607816755771637
5,visual,0.2312435358762741,Movies,42,pair_grounded_dynamic,True,5,0.2312435358762741
1,text,0.08959222584962845,Movies,42,context_grounded_static,False,5,0.08959222584962845
1,visual,0.08973188698291779,Movies,42,context_grounded_static,False,5,0.08973188698291779
2,text,0.13190090656280518,Movies,42,context_grounded_static,False,5,0.13190090656280518
2,visual,0.13563066720962524,Movies,42,context_grounded_static,False,5,0.13563066720962524
3,text,0.16657891869544983,Movies,42,context_grounded_static,False,5,0.16657891869544983
3,visual,0.16801965236663818,Movies,42,context_grounded_static,False,5,0.16801965236663818
4,text,0.198552668094635,Movies,42,context_grounded_static,False,5,0.198552668094635
4,visual,0.19737188518047333,Movies,42,context_grounded_static,False,5,0.19737188518047333
5,text,0.22742626070976257,Movies,42,context_grounded_static,True,5,0.22742626070976257
5,visual,0.22759443521499634,Movies,42,context_grounded_static,True,5,0.22759443521499634
1,text,0.08965571969747543,Movies,42,context_grounded_dynamic,False,5,0.08965571969747543
1,visual,0.0897703468799591,Movies,42,context_grounded_dynamic,False,5,0.0897703468799591
2,text,0.13063770532608032,Movies,42,context_grounded_dynamic,False,5,0.13063770532608032
2,visual,0.13483016192913055,Movies,42,context_grounded_dynamic,False,5,0.13483016192913055
3,text,0.16499276459217072,Movies,42,context_grounded_dynamic,False,5,0.16499276459217072
3,visual,0.16759486496448517,Movies,42,context_grounded_dynamic,False,5,0.16759486496448517
4,text,0.1977853626012802,Movies,42,context_grounded_dynamic,False,5,0.1977853626012802
4,visual,0.19744135439395905,Movies,42,context_grounded_dynamic,False,5,0.19744135439395905
5,text,0.22584551572799683,Movies,42,context_grounded_dynamic,True,5,0.22584551572799683
5,visual,0.22864189743995667,Movies,42,context_grounded_dynamic,True,5,0.22864189743995667
