dataset,seed,variant,group,first_nonzero_epoch,median_grad_rms,best_epoch_grad_rms
Grocery,42,operation_history,stage3_history_token_state,2,0.00041725491920416416,0.00014335119232395494
Grocery,42,operation_history,stage3_history_token_transition,2,9.470279159855888e-05,2.9424573716109916e-05
Grocery,42,operation_history,stage3_history_token_operation,2,0.00020235970900705396,6.090967706897912e-05
Grocery,42,operation_history,stage3_query_intrinsic,2,7.793275897609436e-05,5.745851060852914e-05
Grocery,42,operation_history,stage3_query_relation_env,2,9.227668173795158e-06,7.368400739090126e-06
Grocery,42,operation_history,stage3_readout_attention,2,0.00020314771248216342,6.232906203018666e-05
Grocery,42,operation_history,stage3_history_output,1,0.00034009774562615135,7.147104407146869e-05
Grocery,43,operation_history,stage3_history_token_state,2,0.0003602359622768612,0.00011525620975220552
Grocery,43,operation_history,stage3_history_token_transition,2,8.769814004283924e-05,2.6862497738016033e-05
Grocery,43,operation_history,stage3_history_token_operation,2,0.00019080299062010033,4.5199994638744934e-05
Grocery,43,operation_history,stage3_query_intrinsic,2,4.5318030780712264e-05,4.328805121615725e-05
Grocery,43,operation_history,stage3_query_relation_env,2,5.50869911439495e-06,5.04049171969006e-06
Grocery,43,operation_history,stage3_readout_attention,2,0.00017452433910246818,5.296331750775749e-05
Grocery,43,operation_history,stage3_history_output,1,0.000337732598476083,5.6641435691162065e-05
Grocery,44,operation_history,stage3_history_token_state,2,0.00047552361507542,0.00042025700385339785
Grocery,44,operation_history,stage3_history_token_transition,2,0.00010381422445937243,9.956544234897643e-05
Grocery,44,operation_history,stage3_history_token_operation,2,0.00021442371449847838,0.00023083948590142548
Grocery,44,operation_history,stage3_query_intrinsic,2,8.291744248582422e-05,8.205225129159274e-05
Grocery,44,operation_history,stage3_query_relation_env,2,1.1034658597078022e-05,1.0943591245890671e-05
Grocery,44,operation_history,stage3_readout_attention,2,0.0002276417927777759,0.0001822645907376381
Grocery,44,operation_history,stage3_history_output,1,0.00043907319322762704,0.0002748019170579295
Grocery,42,relation_operation_history,stage3_history_token_state,2,0.00042241269959020293,0.0002620567654066991
Grocery,42,relation_operation_history,stage3_history_token_transition,2,9.043054472532629e-05,5.296826880409511e-05
Grocery,42,relation_operation_history,stage3_history_token_operation,2,0.00019948509013861736,0.000140544719032382
Grocery,42,relation_operation_history,stage3_query_intrinsic,2,3.740426969321479e-05,3.848186370719212e-05
Grocery,42,relation_operation_history,stage3_query_relation_env,2,4.375980144367702e-05,4.425124432205598e-05
Grocery,42,relation_operation_history,stage3_readout_attention,2,0.00019754515355676442,0.00011025138616786789
Grocery,42,relation_operation_history,stage3_history_output,1,0.00035273795982608644,0.00015484298814084614
Grocery,43,relation_operation_history,stage3_history_token_state,2,0.0004247548665015604,0.0002643599096049814
Grocery,43,relation_operation_history,stage3_history_token_transition,2,0.00010617090630941283,6.992742012400105e-05
Grocery,43,relation_operation_history,stage3_history_token_operation,2,0.0002356832775437669,0.00014388130380252128
Grocery,43,relation_operation_history,stage3_query_intrinsic,2,3.409075986681045e-05,3.0674125512641856e-05
Grocery,43,relation_operation_history,stage3_query_relation_env,2,4.0321358230207334e-05,3.9085133683101165e-05
Grocery,43,relation_operation_history,stage3_readout_attention,2,0.0002126709815846804,0.00014250114331197894
Grocery,43,relation_operation_history,stage3_history_output,1,0.0004009217417803962,0.0002347103467004799
Grocery,44,relation_operation_history,stage3_history_token_state,2,0.00044436368819134443,0.00032641225421801816
Grocery,44,relation_operation_history,stage3_history_token_transition,2,9.825958682984373e-05,7.622723927539995e-05
Grocery,44,relation_operation_history,stage3_history_token_operation,2,0.00023876986019533895,0.00020653671677885562
Grocery,44,relation_operation_history,stage3_query_intrinsic,2,3.668129224836103e-05,3.0219372449020833e-05
Grocery,44,relation_operation_history,stage3_query_relation_env,2,4.472651952758716e-05,3.4147847866671413e-05
Grocery,44,relation_operation_history,stage3_readout_attention,2,0.00020629357106899328,0.000143744869192857
Grocery,44,relation_operation_history,stage3_history_output,1,0.00042133188022700386,0.0002376654170552454
Grocery,42,state_history,stage3_history_token_state,2,0.00046152615683584365,0.0005020143200817083
Grocery,42,state_history,stage3_history_token_transition,2,0.00011550897282092697,0.00012277499229753022
Grocery,42,state_history,stage3_history_token_operation,2,6.26441583099702e-05,8.997312248238361e-05
Grocery,42,state_history,stage3_query_intrinsic,2,0.00010354622821968386,0.00017852823633808464
Grocery,42,state_history,stage3_query_relation_env,2,1.3230284840679083e-05,2.923080144036955e-05
Grocery,42,state_history,stage3_readout_attention,2,0.0002107017457943441,0.00021213778774272502
Grocery,42,state_history,stage3_history_output,1,0.00033515991527697755,0.00028541903573201373
Grocery,43,state_history,stage3_history_token_state,2,0.0003057555814000729,0.00012955798625832483
Grocery,43,state_history,stage3_history_token_transition,2,7.856877478509305e-05,2.985699860951828e-05
Grocery,43,state_history,stage3_history_token_operation,2,5.034306155649578e-05,1.6880935813939464e-05
Grocery,43,state_history,stage3_query_intrinsic,2,4.731829786311729e-05,4.7065642691570316e-05
Grocery,43,state_history,stage3_query_relation_env,2,5.340427209921713e-06,4.597143306237818e-06
Grocery,43,state_history,stage3_readout_attention,2,0.0001430739566296721,5.567114634637836e-05
Grocery,43,state_history,stage3_history_output,1,0.00020521491137197138,4.547431230767891e-05
Grocery,44,state_history,stage3_history_token_state,2,0.0005041114083396292,0.0004435752118485993
Grocery,44,state_history,stage3_history_token_transition,2,0.00011970843184696014,0.00011003257165334558
Grocery,44,state_history,stage3_history_token_operation,2,7.03375358074221e-05,6.194456844492548e-05
Grocery,44,state_history,stage3_query_intrinsic,2,8.394969852426497e-05,9.987132289144034e-05
Grocery,44,state_history,stage3_query_relation_env,2,1.0631454443771114e-05,1.3544241669011139e-05
Grocery,44,state_history,stage3_readout_attention,2,0.00023714378432572903,0.00019317160153052148
Grocery,44,state_history,stage3_history_output,1,0.0005017228031548203,0.0003467298996147568
Grocery,42,terminal,stage3_history_token_state,,0.0,0.0
Grocery,42,terminal,stage3_history_token_transition,,0.0,0.0
Grocery,42,terminal,stage3_history_token_operation,,0.0,0.0
Grocery,42,terminal,stage3_query_intrinsic,,0.0,0.0
Grocery,42,terminal,stage3_query_relation_env,,0.0,0.0
Grocery,42,terminal,stage3_readout_attention,,0.0,0.0
Grocery,42,terminal,stage3_history_output,,0.0,0.0
Grocery,43,terminal,stage3_history_token_state,,0.0,0.0
Grocery,43,terminal,stage3_history_token_transition,,0.0,0.0
Grocery,43,terminal,stage3_history_token_operation,,0.0,0.0
Grocery,43,terminal,stage3_query_intrinsic,,0.0,0.0
Grocery,43,terminal,stage3_query_relation_env,,0.0,0.0
Grocery,43,terminal,stage3_readout_attention,,0.0,0.0
Grocery,43,terminal,stage3_history_output,,0.0,0.0
Grocery,44,terminal,stage3_history_token_state,,0.0,0.0
Grocery,44,terminal,stage3_history_token_transition,,0.0,0.0
Grocery,44,terminal,stage3_history_token_operation,,0.0,0.0
Grocery,44,terminal,stage3_query_intrinsic,,0.0,0.0
Grocery,44,terminal,stage3_query_relation_env,,0.0,0.0
Grocery,44,terminal,stage3_readout_attention,,0.0,0.0
Grocery,44,terminal,stage3_history_output,,0.0,0.0
Movies,42,operation_history,stage3_history_token_state,2,0.0010108215890937558,0.0011621938338008102
Movies,42,operation_history,stage3_history_token_transition,2,0.00013181033634260703,0.00013676650393548524
Movies,42,operation_history,stage3_history_token_operation,2,0.0004269937081692401,0.00046744122500272937
Movies,42,operation_history,stage3_query_intrinsic,2,8.018314561525857e-05,9.496276725808538e-05
Movies,42,operation_history,stage3_query_relation_env,2,1.075526002630395e-05,1.3030491631716402e-05
Movies,42,operation_history,stage3_readout_attention,2,0.0004249331376135916,0.0004969401679464965
Movies,42,operation_history,stage3_history_output,1,0.0010911664493183585,0.001199083952707925
Movies,43,operation_history,stage3_history_token_state,2,0.0011156273945998234,0.0008952354472010153
Movies,43,operation_history,stage3_history_token_transition,2,0.0001757047092731789,0.00015968986500340443
Movies,43,operation_history,stage3_history_token_operation,2,0.00048278909894998407,0.0004071238442196835
Movies,43,operation_history,stage3_query_intrinsic,2,0.00010320139854636548,0.00010217503266818083
Movies,43,operation_history,stage3_query_relation_env,2,1.3484676563886653e-05,1.3326532304381043e-05
Movies,43,operation_history,stage3_readout_attention,2,0.0004926404133093665,0.00039283702029225566
Movies,43,operation_history,stage3_history_output,1,0.0012590192313969492,0.0008665088147583894
Movies,44,operation_history,stage3_history_token_state,2,0.0012634309508405869,0.00167436649258389
Movies,44,operation_history,stage3_history_token_transition,2,0.00019835312640440337,0.000279791922883318
Movies,44,operation_history,stage3_history_token_operation,2,0.0005181265803048356,0.0007451037583641446
Movies,44,operation_history,stage3_query_intrinsic,2,0.00022773912990356978,0.00039171068227002035
Movies,44,operation_history,stage3_query_relation_env,2,2.812878577039358e-05,4.822998847917329e-05
Movies,44,operation_history,stage3_readout_attention,2,0.0005258015987439627,0.0006635186414777089
Movies,44,operation_history,stage3_history_output,1,0.0009266572818407068,0.0009718830468699439
Movies,42,relation_operation_history,stage3_history_token_state,2,0.0009094389991205579,0.0011088249167739964
Movies,42,relation_operation_history,stage3_history_token_transition,2,0.00015137750456895523,0.00021804659755254182
Movies,42,relation_operation_history,stage3_history_token_operation,2,0.0003816915403634668,0.0006277648568043263
Movies,42,relation_operation_history,stage3_query_intrinsic,2,3.115336464091914e-05,2.3644058095521228e-05
Movies,42,relation_operation_history,stage3_query_relation_env,2,3.9001386236183195e-05,2.98751982185711e-05
Movies,42,relation_operation_history,stage3_readout_attention,2,0.0004127582088030297,0.0005743000165774447
Movies,42,relation_operation_history,stage3_history_output,1,0.001023096167828563,0.0014554132822157304
Movies,43,relation_operation_history,stage3_history_token_state,2,0.001069519324304083,0.0011792750510827895
Movies,43,relation_operation_history,stage3_history_token_transition,2,0.000184835627624673,0.00021273701006771379
Movies,43,relation_operation_history,stage3_history_token_operation,2,0.00039738527083683385,0.00046351130352611494
Movies,43,relation_operation_history,stage3_query_intrinsic,2,7.747464803163922e-05,8.699616333976907e-05
Movies,43,relation_operation_history,stage3_query_relation_env,2,0.00010754880445318154,0.00011531924023492108
Movies,43,relation_operation_history,stage3_readout_attention,2,0.0005150549208160364,0.0005349412934760913
Movies,43,relation_operation_history,stage3_history_output,1,0.0013976514603117479,0.0011225484740255303
Movies,44,relation_operation_history,stage3_history_token_state,2,0.0011193721596635478,0.002137546380892551
Movies,44,relation_operation_history,stage3_history_token_transition,2,0.00017475361170032054,0.0003277326907519947
Movies,44,relation_operation_history,stage3_history_token_operation,2,0.0004420851389731457,0.0009943389116935668
Movies,44,relation_operation_history,stage3_query_intrinsic,2,8.911058611458583e-05,0.00012840155463458361
Movies,44,relation_operation_history,stage3_query_relation_env,2,0.00011664143751962469,0.00018127215984020372
Movies,44,relation_operation_history,stage3_readout_attention,2,0.0005077296376558237,0.0008952014973652034
Movies,44,relation_operation_history,stage3_history_output,1,0.0011206993212913591,0.001628343600491086
Movies,42,state_history,stage3_history_token_state,2,0.0008947100516372877,0.001067720805868032
Movies,42,state_history,stage3_history_token_transition,2,0.0001633620710405154,0.00019045279925520106
Movies,42,state_history,stage3_history_token_operation,2,0.00010203292743306286,0.0001418713981810077
Movies,42,state_history,stage3_query_intrinsic,2,5.000110595857642e-05,3.764749084621383e-05
Movies,42,state_history,stage3_query_relation_env,2,6.2732390187416995e-06,5.205034102090833e-06
Movies,42,state_history,stage3_readout_attention,2,0.00040359018850335773,0.0005059355715508495
Movies,42,state_history,stage3_history_output,1,0.0010376806947554435,0.0012170411896278222
Movies,43,state_history,stage3_history_token_state,2,0.0011405130451888762,0.0013739532233601548
Movies,43,state_history,stage3_history_token_transition,2,0.00021692030818526952,0.00027145626569933916
Movies,43,state_history,stage3_history_token_operation,2,0.00015927199443865046,0.00020315415703412855
Movies,43,state_history,stage3_query_intrinsic,2,0.0001935509417862856,0.000358384153410242
Movies,43,state_history,stage3_query_relation_env,2,2.4272391615957227e-05,4.625898984731164e-05
Movies,43,state_history,stage3_readout_attention,2,0.0004943024000472823,0.0005839872840065623
Movies,43,state_history,stage3_history_output,1,0.0011408137413415136,0.0009452171880806578
Movies,44,state_history,stage3_history_token_state,2,0.0009564605232675288,0.0005981789546366433
Movies,44,state_history,stage3_history_token_transition,2,0.00017538355842496202,0.0001165899761882208
Movies,44,state_history,stage3_history_token_operation,2,0.00010598001511522243,6.311983600269042e-05
Movies,44,state_history,stage3_query_intrinsic,2,0.0001410660487276679,5.446260342396924e-05
Movies,44,state_history,stage3_query_relation_env,2,1.6433662998294273e-05,5.11678674513958e-06
Movies,44,state_history,stage3_readout_attention,2,0.00044485537338116103,0.00030863525456443537
Movies,44,state_history,stage3_history_output,1,0.0011662147052965786,0.0009433144759150409
Movies,42,terminal,stage3_history_token_state,,0.0,0.0
Movies,42,terminal,stage3_history_token_transition,,0.0,0.0
Movies,42,terminal,stage3_history_token_operation,,0.0,0.0
Movies,42,terminal,stage3_query_intrinsic,,0.0,0.0
Movies,42,terminal,stage3_query_relation_env,,0.0,0.0
Movies,42,terminal,stage3_readout_attention,,0.0,0.0
Movies,42,terminal,stage3_history_output,,0.0,0.0
Movies,43,terminal,stage3_history_token_state,,0.0,0.0
Movies,43,terminal,stage3_history_token_transition,,0.0,0.0
Movies,43,terminal,stage3_history_token_operation,,0.0,0.0
Movies,43,terminal,stage3_query_intrinsic,,0.0,0.0
Movies,43,terminal,stage3_query_relation_env,,0.0,0.0
Movies,43,terminal,stage3_readout_attention,,0.0,0.0
Movies,43,terminal,stage3_history_output,,0.0,0.0
Movies,44,terminal,stage3_history_token_state,,0.0,0.0
Movies,44,terminal,stage3_history_token_transition,,0.0,0.0
Movies,44,terminal,stage3_history_token_operation,,0.0,0.0
Movies,44,terminal,stage3_query_intrinsic,,0.0,0.0
Movies,44,terminal,stage3_query_relation_env,,0.0,0.0
Movies,44,terminal,stage3_readout_attention,,0.0,0.0
Movies,44,terminal,stage3_history_output,,0.0,0.0
Reddit-S,42,operation_history,stage3_history_token_state,2,1.7973268039850873e-05,1.1470260880689193e-05
Reddit-S,42,operation_history,stage3_history_token_transition,2,3.87688188950388e-06,2.550950420104453e-06
Reddit-S,42,operation_history,stage3_history_token_operation,2,5.525067072631772e-06,4.640823095756678e-06
Reddit-S,42,operation_history,stage3_query_intrinsic,2,4.020910810613058e-06,3.5622221780029982e-06
Reddit-S,42,operation_history,stage3_query_relation_env,2,3.391564221222322e-07,3.1165945792045394e-07
Reddit-S,42,operation_history,stage3_readout_attention,2,7.231271855053402e-06,5.829623329921936e-06
Reddit-S,42,operation_history,stage3_history_output,1,1.2514651285298496e-05,7.938584888709298e-06
Reddit-S,43,operation_history,stage3_history_token_state,2,5.1575369641950566e-05,4.520106280121611e-05
Reddit-S,43,operation_history,stage3_history_token_transition,2,1.2231794274697832e-05,9.98073266661624e-06
Reddit-S,43,operation_history,stage3_history_token_operation,2,1.9868171463362524e-05,1.6551559122864477e-05
Reddit-S,43,operation_history,stage3_query_intrinsic,2,1.0397096899585433e-05,1.339071364167608e-05
Reddit-S,43,operation_history,stage3_query_relation_env,2,8.599418303743455e-07,1.2463246539597555e-06
Reddit-S,43,operation_history,stage3_readout_attention,2,2.316619015060614e-05,1.7997638516916668e-05
Reddit-S,43,operation_history,stage3_history_output,1,6.423865207883459e-05,2.6193856893508652e-05
Reddit-S,44,operation_history,stage3_history_token_state,2,2.5018907083767595e-05,2.170514605321409e-05
Reddit-S,44,operation_history,stage3_history_token_transition,2,5.4435561497378884e-06,5.341165251586765e-06
Reddit-S,44,operation_history,stage3_history_token_operation,2,7.549890167863765e-06,7.454662629687157e-06
Reddit-S,44,operation_history,stage3_query_intrinsic,2,1.1364982814722745e-05,7.722119267465926e-06
Reddit-S,44,operation_history,stage3_query_relation_env,2,9.976810627764693e-07,7.754418463425435e-07
Reddit-S,44,operation_history,stage3_readout_attention,2,1.177359802978292e-05,1.0799006084564011e-05
Reddit-S,44,operation_history,stage3_history_output,1,1.6672579689878486e-05,1.6672579689878486e-05
Reddit-S,42,relation_operation_history,stage3_history_token_state,2,2.4706583595927572e-05,1.536952630407924e-05
Reddit-S,42,relation_operation_history,stage3_history_token_transition,2,5.865686948509873e-06,3.365621452536546e-06
Reddit-S,42,relation_operation_history,stage3_history_token_operation,2,7.885825401739904e-06,4.424960440665428e-06
Reddit-S,42,relation_operation_history,stage3_query_intrinsic,2,4.248789431540624e-06,2.8882219728687676e-06
Reddit-S,42,relation_operation_history,stage3_query_relation_env,2,4.3188669316564275e-06,2.8243550570971017e-06
Reddit-S,42,relation_operation_history,stage3_readout_attention,2,1.0192445729576016e-05,6.613751636958211e-06
Reddit-S,42,relation_operation_history,stage3_history_output,1,1.3935699802078456e-05,8.709247898515633e-06
Reddit-S,43,relation_operation_history,stage3_history_token_state,2,7.06740669487158e-05,4.1193382313455935e-05
Reddit-S,43,relation_operation_history,stage3_history_token_transition,2,1.570715467988044e-05,1.0027671905898914e-05
Reddit-S,43,relation_operation_history,stage3_history_token_operation,2,2.2344981537366306e-05,1.3452827415349212e-05
Reddit-S,43,relation_operation_history,stage3_query_intrinsic,2,1.2273677726323418e-05,7.3082390445645885e-06
Reddit-S,43,relation_operation_history,stage3_query_relation_env,2,1.2943994364173612e-05,7.041999918462918e-06
Reddit-S,43,relation_operation_history,stage3_readout_attention,2,2.987718701207523e-05,1.676663841112492e-05
Reddit-S,43,relation_operation_history,stage3_history_output,1,7.750299292225173e-05,2.7706296099285446e-05
Reddit-S,44,relation_operation_history,stage3_history_token_state,2,3.5374337389024756e-05,1.4662443323687364e-05
Reddit-S,44,relation_operation_history,stage3_history_token_transition,2,6.579509709330041e-06,3.22808240486159e-06
Reddit-S,44,relation_operation_history,stage3_history_token_operation,2,1.1456896382165668e-05,3.536910559005107e-06
Reddit-S,44,relation_operation_history,stage3_query_intrinsic,2,7.362954380723571e-06,1.5462461668476414e-06
Reddit-S,44,relation_operation_history,stage3_query_relation_env,2,7.518854103956035e-06,1.4083896958972696e-06
Reddit-S,44,relation_operation_history,stage3_readout_attention,2,1.5477585100224968e-05,5.915902619753165e-06
Reddit-S,44,relation_operation_history,stage3_history_output,1,2.133602955166425e-05,1.0190870113038533e-05
Reddit-S,42,state_history,stage3_history_token_state,2,4.1459607303106984e-05,1.8446028043885013e-05
Reddit-S,42,state_history,stage3_history_token_transition,2,9.190018228747798e-06,4.791517706533589e-06
Reddit-S,42,state_history,stage3_history_token_operation,2,3.5703301686239716e-06,2.1563282170338866e-06
Reddit-S,42,state_history,stage3_query_intrinsic,2,8.520523032786186e-06,3.422790919110261e-06
Reddit-S,42,state_history,stage3_query_relation_env,2,8.046159475852547e-07,3.225350597252358e-07
Reddit-S,42,state_history,stage3_readout_attention,2,1.683229273832479e-05,7.391904387148707e-06
Reddit-S,42,state_history,stage3_history_output,1,3.825757574035159e-05,1.3510806125911501e-05
Reddit-S,43,state_history,stage3_history_token_state,2,7.894871186906754e-05,7.686612878759962e-05
Reddit-S,43,state_history,stage3_history_token_transition,2,2.1772540656864335e-05,2.1772540656864335e-05
Reddit-S,43,state_history,stage3_history_token_operation,2,6.9465944619852855e-06,6.420884792206962e-06
Reddit-S,43,state_history,stage3_query_intrinsic,2,1.1997814577297833e-05,1.2091686694687856e-05
Reddit-S,43,state_history,stage3_query_relation_env,2,1.0006148975166305e-06,9.41785709808708e-07
Reddit-S,43,state_history,stage3_readout_attention,2,3.271124294463526e-05,3.271124294463526e-05
Reddit-S,43,state_history,stage3_history_output,1,8.78735871519026e-05,8.78735871519026e-05
Reddit-S,44,state_history,stage3_history_token_state,2,2.5540771996398773e-05,1.1057398245126693e-05
Reddit-S,44,state_history,stage3_history_token_transition,2,5.8529900628599725e-06,2.5431732994600912e-06
Reddit-S,44,state_history,stage3_history_token_operation,2,2.2156186916566154e-06,7.871913691532374e-07
Reddit-S,44,state_history,stage3_query_intrinsic,2,8.103717995301067e-06,2.8447468381916775e-06
Reddit-S,44,state_history,stage3_query_relation_env,2,7.010420591329707e-07,1.8407158988424287e-07
Reddit-S,44,state_history,stage3_readout_attention,2,1.1398538151149987e-05,4.606620852611873e-06
Reddit-S,44,state_history,stage3_history_output,1,1.646004683433341e-05,6.603625088291251e-06
Reddit-S,42,terminal,stage3_history_token_state,,0.0,0.0
Reddit-S,42,terminal,stage3_history_token_transition,,0.0,0.0
Reddit-S,42,terminal,stage3_history_token_operation,,0.0,0.0
Reddit-S,42,terminal,stage3_query_intrinsic,,0.0,0.0
Reddit-S,42,terminal,stage3_query_relation_env,,0.0,0.0
Reddit-S,42,terminal,stage3_readout_attention,,0.0,0.0
Reddit-S,42,terminal,stage3_history_output,,0.0,0.0
Reddit-S,43,terminal,stage3_history_token_state,,0.0,0.0
Reddit-S,43,terminal,stage3_history_token_transition,,0.0,0.0
Reddit-S,43,terminal,stage3_history_token_operation,,0.0,0.0
Reddit-S,43,terminal,stage3_query_intrinsic,,0.0,0.0
Reddit-S,43,terminal,stage3_query_relation_env,,0.0,0.0
Reddit-S,43,terminal,stage3_readout_attention,,0.0,0.0
Reddit-S,43,terminal,stage3_history_output,,0.0,0.0
Reddit-S,44,terminal,stage3_history_token_state,,0.0,0.0
Reddit-S,44,terminal,stage3_history_token_transition,,0.0,0.0
Reddit-S,44,terminal,stage3_history_token_operation,,0.0,0.0
Reddit-S,44,terminal,stage3_query_intrinsic,,0.0,0.0
Reddit-S,44,terminal,stage3_query_relation_env,,0.0,0.0
Reddit-S,44,terminal,stage3_readout_attention,,0.0,0.0
Reddit-S,44,terminal,stage3_history_output,,0.0,0.0
