dataset,variant,n_seeds,val_acc_mean,val_acc_sd_population,val_macro_f1_mean,val_macro_f1_sd_population,active_parameters_mean,total_parameters_mean
Movies,terminal,3,0.5625874797503153,0.0030815903933515427,0.46635429050425486,0.006671749086893245,1031700.0,1708308.0
Movies,state_history,3,0.5453909436861674,0.0017716504899957651,0.4366836909113908,0.02538067084824829,1708308.0,1708308.0
Movies,operation_history,3,0.5467906395594279,0.0019438274511679916,0.44812760605263846,0.015620796979757752,1708308.0,1708308.0
Movies,relation_operation_history,3,0.5475904941558838,0.0007481848448425076,0.4451397838371163,0.013472153827075974,1708308.0,1708308.0
Grocery,terminal,3,0.8311371405919393,0.0007304441223369106,0.7525690287485122,0.00584502561333666,1031700.0,1708308.0
Grocery,state_history,3,0.8207906285921732,0.005177847828940559,0.7444242181657157,0.007579332709418778,1708308.0,1708308.0
Grocery,operation_history,3,0.8241093158721924,0.004292576399555433,0.7498784696330674,0.0042234747686913125,1708308.0,1708308.0
Grocery,relation_operation_history,3,0.8253782391548157,0.0027190694353727792,0.7502339795096364,0.005475844783254883,1708308.0,1708308.0
Reddit-S,terminal,3,0.9641396601994833,0.001562304927958727,0.9239673145544248,0.007817980936723309,1031700.0,1708308.0
Reddit-S,state_history,3,0.9615182876586914,0.0018580187008884125,0.9205332590661761,0.003665617034329278,1708308.0,1708308.0
Reddit-S,operation_history,3,0.9625668327013651,0.0011769782713139702,0.9209918802206178,0.0014761860807161764,1708308.0,1708308.0
Reddit-S,relation_operation_history,3,0.9625668327013651,0.0007705200981907255,0.9206829476203499,0.0016306573471543792,1708308.0,1708308.0
