dataset,seed,variant,best_epoch,val_acc,val_macro_f1,active_parameters,total_parameters,history_output_opened
Grocery,42,operation_history,107,0.8181551694869995,0.7484311409841681,1708308,1708308,True
Grocery,43,operation_history,124,0.8281112909317017,0.7556206535120484,1708308,1708308,True
Grocery,44,operation_history,87,0.826061487197876,0.7455836144029855,1708308,1708308,True
Grocery,42,relation_operation_history,107,0.8216691017150879,0.7514378595591281,1708308,1708308,True
Grocery,43,relation_operation_history,93,0.8263543248176575,0.7562570163720409,1708308,1708308,True
Grocery,44,relation_operation_history,76,0.8281112909317017,0.7430070625977402,1708308,1708308,True
Grocery,42,state_history,89,0.8149341344833374,0.7495387504286546,1708308,1708308,True
Grocery,43,state_history,154,0.8275256156921387,0.7500248069164206,1708308,1708308,True
Grocery,44,state_history,71,0.8199121356010437,0.7337090971520719,1708308,1708308,True
Grocery,42,terminal,78,0.8313323855400085,0.7591978367829312,1031700,1708308,False
Grocery,43,terminal,76,0.8301610350608826,0.7535313833944679,1031700,1708308,False
Grocery,44,terminal,75,0.8319180011749268,0.7449778660681374,1031700,1708308,False
Movies,42,operation_history,46,0.5449910163879395,0.468976457251407,1708308,1708308,True
Movies,43,operation_history,64,0.5494900941848755,0.4440283682127534,1708308,1708308,True
Movies,44,operation_history,79,0.5458908081054688,0.431377992693755,1708308,1708308,True
Movies,42,relation_operation_history,43,0.5473905205726624,0.4553170929967248,1708308,1708308,True
Movies,43,relation_operation_history,53,0.5485903024673462,0.4261024670701018,1708308,1708308,True
Movies,44,relation_operation_history,61,0.5467906594276428,0.45399979144452224,1708308,1708308,True
Movies,42,state_history,49,0.5428914427757263,0.46495783164525584,1708308,1708308,True
Movies,43,state_history,70,0.5464907288551331,0.44169596526906646,1708308,1708308,True
Movies,44,state_history,32,0.5467906594276428,0.4033972758198502,1708308,1708308,True
Movies,42,terminal,46,0.5590881705284119,0.45810428600145825,1031700,1708308,False
Movies,43,terminal,54,0.5665866732597351,0.4744443177361001,1031700,1708308,False
Movies,44,terminal,71,0.5620875954627991,0.4665142677752062,1031700,1708308,False
Reddit-S,42,operation_history,107,0.9622522592544556,0.9226879996146404,1708308,1708308,True
Reddit-S,43,operation_history,47,0.9613085985183716,0.9211978946520556,1708308,1708308,True
Reddit-S,44,operation_history,79,0.9641396403312683,0.9190897463951575,1708308,1708308,True
Reddit-S,42,relation_operation_history,85,0.9616231322288513,0.9229534911352291,1708308,1708308,True
Reddit-S,43,relation_operation_history,48,0.9635105133056641,0.9198970169369668,1708308,1708308,True
Reddit-S,44,relation_operation_history,71,0.9625668525695801,0.9191983347888538,1708308,1708308,True
Reddit-S,42,state_history,68,0.9603648781776428,0.9243836070651315,1708308,1708308,True
Reddit-S,43,state_history,33,0.9600503444671631,0.9156020515374854,1708308,1708308,True
Reddit-S,44,state_history,77,0.9641396403312683,0.9216141185959115,1708308,1708308,True
Reddit-S,42,terminal,64,0.9628813862800598,0.9334129017202077,1031700,1708308,False
Reddit-S,43,terminal,59,0.9663416147232056,0.9242211565027585,1031700,1708308,False
Reddit-S,44,terminal,45,0.9631959795951843,0.9142678854403083,1031700,1708308,False
