dataset,seed,group,first_nonzero_epoch,best_checkpoint_epoch,gradient_rms_at_best_epoch,nonzero_seen
Grocery,42,projector,1,92,0.0035055953745328607,True
Grocery,42,stage1_pair,2,92,0.0006147719907264081,True
Grocery,42,stage1_context,2,92,0.00010917402621183994,True
Grocery,42,stage2_conditioner,2,92,0.00014687698038807717,True
Grocery,42,stage2_operator,1,92,0.0002644070940582651,True
Grocery,42,state_update,1,92,0.0002422584171195885,True
Grocery,42,fusion,1,92,0.00025849525641969583,True
Grocery,43,projector,1,109,0.0029771270960959008,True
Grocery,43,stage1_pair,2,109,0.0005418221775708744,True
Grocery,43,stage1_context,2,109,8.885141911535582e-05,True
Grocery,43,stage2_conditioner,2,109,0.00012435792405118706,True
Grocery,43,stage2_operator,1,109,0.00019243871284573027,True
Grocery,43,state_update,1,109,0.00017113671817832937,True
Grocery,43,fusion,1,109,0.0001676656508301993,True
Grocery,44,projector,1,119,0.001602295431452217,True
Grocery,44,stage1_pair,2,119,0.00030640226544552206,True
Grocery,44,stage1_context,2,119,5.126849880482674e-05,True
Grocery,44,stage2_conditioner,2,119,9.20910169966063e-05,True
Grocery,44,stage2_operator,1,119,0.0001094431837186999,True
Grocery,44,state_update,1,119,9.027047314548507e-05,True
Grocery,44,fusion,1,119,9.077290673362718e-05,True
Movies,42,projector,1,75,0.0069420888133015805,True
Movies,42,stage1_pair,2,75,0.0010604392674747594,True
Movies,42,stage1_context,2,75,0.0001991957069176317,True
Movies,42,stage2_conditioner,2,75,0.00030451817796281976,True
Movies,42,stage2_operator,1,75,0.0007997852188576948,True
Movies,42,state_update,1,75,0.0007367438108817849,True
Movies,42,fusion,1,75,0.0010046688552828877,True
Movies,43,projector,1,59,0.004702995067852261,True
Movies,43,stage1_pair,2,59,0.0007461237046333434,True
Movies,43,stage1_context,2,59,0.00012248696746851732,True
Movies,43,stage2_conditioner,2,59,0.00012767628008751938,True
Movies,43,stage2_operator,1,59,0.0005357005840553775,True
Movies,43,state_update,1,59,0.0005504897283223725,True
Movies,43,fusion,1,59,0.0008065834148005004,True
Movies,44,projector,1,52,0.0062994196105236756,True
Movies,44,stage1_pair,2,52,0.0014301340372369171,True
Movies,44,stage1_context,2,52,0.00020974100916817053,True
Movies,44,stage2_conditioner,2,52,0.00017939131566832952,True
Movies,44,stage2_operator,1,52,0.000718320116368514,True
Movies,44,state_update,1,52,0.0006523732050808177,True
Movies,44,fusion,1,52,0.0010124859181913095,True
Reddit-S,42,projector,1,44,0.0006669039283820199,True
Reddit-S,42,stage1_pair,2,44,0.000260352450670354,True
Reddit-S,42,stage1_context,2,44,3.413422535492767e-05,True
Reddit-S,42,stage2_conditioner,2,44,4.473858373943579e-05,True
Reddit-S,42,stage2_operator,1,44,6.308360621613123e-05,True
Reddit-S,42,state_update,1,44,5.271278703430976e-05,True
Reddit-S,42,fusion,1,44,8.808029831416816e-05,True
Reddit-S,43,projector,1,75,0.00016603585079098647,True
Reddit-S,43,stage1_pair,2,75,5.432159909543963e-05,True
Reddit-S,43,stage1_context,2,75,7.963358410075686e-06,True
Reddit-S,43,stage2_conditioner,2,75,1.234311130230988e-05,True
Reddit-S,43,stage2_operator,1,75,1.7007310540075976e-05,True
Reddit-S,43,state_update,1,75,1.399587444410137e-05,True
Reddit-S,43,fusion,1,75,2.105290297042e-05,True
Reddit-S,44,projector,1,64,0.00018674332191591397,True
Reddit-S,44,stage1_pair,2,64,3.145049984146054e-05,True
Reddit-S,44,stage1_context,2,64,4.675733643043416e-06,True
Reddit-S,44,stage2_conditioner,2,64,7.83886761870611e-06,True
Reddit-S,44,stage2_operator,1,64,2.002646668791909e-05,True
Reddit-S,44,state_update,1,64,1.952435864055863e-05,True
Reddit-S,44,fusion,1,64,3.103860878004364e-05,True
Toys,42,projector,1,50,0.0027797673757265157,True
Toys,42,stage1_pair,2,50,0.00018683784947071914,True
Toys,42,stage1_context,2,50,1.9731358484942243e-05,True
Toys,42,stage2_conditioner,2,50,3.239023542968092e-05,True
Toys,42,stage2_operator,1,50,0.000275206955364016,True
Toys,42,state_update,1,50,0.00022492729530372444,True
Toys,42,fusion,1,50,0.00029144661777664484,True
Toys,43,projector,1,55,0.0025238087514637786,True
Toys,43,stage1_pair,2,55,0.0005376393951350986,True
Toys,43,stage1_context,2,55,7.541606594613996e-05,True
Toys,43,stage2_conditioner,2,55,7.564098944855364e-05,True
Toys,43,stage2_operator,1,55,0.00018127189762438502,True
Toys,43,state_update,1,55,0.00015057153185643634,True
Toys,43,fusion,1,55,0.00020311726504318746,True
Toys,44,projector,1,46,0.0020934694981363886,True
Toys,44,stage1_pair,2,46,0.00011042780128332515,True
Toys,44,stage1_context,2,46,1.3806454367502119e-05,True
Toys,44,stage2_conditioner,2,46,2.204000929543676e-05,True
Toys,44,stage2_operator,1,46,0.00020147894173474533,True
Toys,44,state_update,1,46,0.00016888819040336892,True
Toys,44,fusion,1,46,0.0002301080877133761,True
ele-fashion,42,projector,1,105,0.0016117026060950602,True
ele-fashion,42,stage1_pair,2,105,0.0004815821530986929,True
ele-fashion,42,stage1_context,2,105,7.773318677521682e-05,True
ele-fashion,42,stage2_conditioner,2,105,0.0001193197503404631,True
ele-fashion,42,stage2_operator,1,105,0.0002656820466667991,True
ele-fashion,42,state_update,1,105,0.0002346874913843693,True
ele-fashion,42,fusion,1,105,0.0002086043231423831,True
ele-fashion,43,projector,1,92,0.001461348897879742,True
ele-fashion,43,stage1_pair,2,92,0.00034800380806635433,True
ele-fashion,43,stage1_context,2,92,5.969466069711037e-05,True
ele-fashion,43,stage2_conditioner,2,92,8.141042762765392e-05,True
ele-fashion,43,stage2_operator,1,92,0.0003007734554285851,True
ele-fashion,43,state_update,1,92,0.0002390068570024922,True
ele-fashion,43,fusion,1,92,0.0003173239226887568,True
ele-fashion,44,projector,1,113,0.0009935934796777841,True
ele-fashion,44,stage1_pair,2,113,0.0003382971348495357,True
ele-fashion,44,stage1_context,2,113,5.221710162132183e-05,True
ele-fashion,44,stage2_conditioner,2,113,8.084231364288197e-05,True
ele-fashion,44,stage2_operator,1,113,0.00016430987311792016,True
ele-fashion,44,state_update,1,113,0.00012985051138445162,True
ele-fashion,44,fusion,1,113,0.00016178499765811237,True
