dataset,seed,intervention,modality,step,val_acc_baseline,val_acc_intervention,val_acc_change,val_macro_f1_baseline,val_macro_f1_intervention,val_macro_f1_change,test_acc_baseline,test_acc_intervention,test_acc_change,test_macro_f1_baseline,test_macro_f1_intervention,test_macro_f1_change,all_node_logit_l2_mean,val_prediction_flip_rate,test_prediction_flip_rate,relation_memory_change_l2_mean,relation_memory_change_relative_mean,relation_change_l2_mean,relation_change_relative_mean,context_change_l2_mean,context_change_relative_mean,execution_change_l2_mean,execution_change_relative_mean,modulation_change_l2_mean,modulation_change_relative_mean,operation_delta_change_l2_mean,operation_delta_change_relative_mean,interpretation
Movies,42,operator_off,text,0,0.5554888844490051,0.5515896677970886,-0.003899216651916504,0.46493812360644304,0.4473019633334304,-0.017636160273012624,0.5469265580177307,0.5448275804519653,-0.002098977565765381,0.4659641961084455,0.4484176172673586,-0.0175465788410869,1.3339461088180542,0.11457708477973938,0.104347825050354,3.054572061955696e-07,3.816624882801989e-08,3.205922780580295e-07,4.038637868575279e-08,9.617659912919407e-08,3.2517718295821396e-08,9.775219496077625e-07,1.1922203668746079e-07,3.556863532594434e-07,9.384679344748292e-08,1.4354667663574219,1.0,"same-checkpoint mechanism intervention; descriptive, not a causal contribution estimate"
Movies,42,operator_off,text,1,0.5554888844490051,0.5515896677970886,-0.003899216651916504,0.46493812360644304,0.4473019633334304,-0.017636160273012624,0.5469265580177307,0.5448275804519653,-0.002098977565765381,0.4659641961084455,0.4484176172673586,-0.0175465788410869,1.3339461088180542,0.11457708477973938,0.104347825050354,3.054572061955696e-07,3.816624882801989e-08,3.205922780580295e-07,4.038637868575279e-08,9.617659912919407e-08,3.2517718295821396e-08,0.034392647445201874,0.004161408636718988,0.017064357176423073,0.004315917380154133,2.3360373973846436,1.0,"same-checkpoint mechanism intervention; descriptive, not a causal contribution estimate"
Movies,42,operator_off,visual,0,0.5554888844490051,0.5515896677970886,-0.003899216651916504,0.46493812360644304,0.4473019633334304,-0.017636160273012624,0.5469265580177307,0.5448275804519653,-0.002098977565765381,0.4659641961084455,0.4484176172673586,-0.0175465788410869,1.3339461088180542,0.11457708477973938,0.104347825050354,3.054572061955696e-07,3.816624882801989e-08,2.9032216275481915e-07,3.594611541757331e-08,7.412162972286751e-08,3.469064679961775e-08,9.235373568117211e-07,1.1135143296314709e-07,3.2127783811120025e-07,7.732147366823483e-08,1.270606517791748,1.0,"same-checkpoint mechanism intervention; descriptive, not a causal contribution estimate"
Movies,42,operator_off,visual,1,0.5554888844490051,0.5515896677970886,-0.003899216651916504,0.46493812360644304,0.4473019633334304,-0.017636160273012624,0.5469265580177307,0.5448275804519653,-0.002098977565765381,0.4659641961084455,0.4484176172673586,-0.0175465788410869,1.3339461088180542,0.11457708477973938,0.104347825050354,3.054572061955696e-07,3.816624882801989e-08,2.9032216275481915e-07,3.594611541757331e-08,7.412162972286751e-08,3.469064679961775e-08,0.07719316333532333,0.009322084486484528,0.04376603662967682,0.010319027118384838,2.3196470737457275,1.0,"same-checkpoint mechanism intervention; descriptive, not a causal contribution estimate"
Movies,43,operator_off,text,0,0.5551889538764954,0.5524895191192627,-0.002699434757232666,0.4562933110967767,0.4625203557423637,0.006227044645587043,0.5565217137336731,0.5562219023704529,-0.00029981136322021484,0.4643746383936483,0.45801739925978735,-0.006357239133860937,0.7534255981445312,0.06868626177310944,0.06416791677474976,3.097254364092805e-07,3.868417763897014e-08,2.922942599070666e-07,3.68270605122234e-08,1.0368595582121998e-07,3.277008175928131e-08,1.0387011570855975e-06,1.2984114050595963e-07,3.8112153788461e-07,1.0712756903785703e-07,1.2829536199569702,1.0,"same-checkpoint mechanism intervention; descriptive, not a causal contribution estimate"
Movies,43,operator_off,text,1,0.5551889538764954,0.5524895191192627,-0.002699434757232666,0.4562933110967767,0.4625203557423637,0.006227044645587043,0.5565217137336731,0.5562219023704529,-0.00029981136322021484,0.4643746383936483,0.45801739925978735,-0.006357239133860937,0.7534255981445312,0.06868626177310944,0.06416791677474976,3.097254364092805e-07,3.868417763897014e-08,2.922942599070666e-07,3.68270605122234e-08,1.0368595582121998e-07,3.277008175928131e-08,0.031089482828974724,0.003876433474943042,0.01085671316832304,0.0028852911200374365,2.2833802700042725,1.0,"same-checkpoint mechanism intervention; descriptive, not a causal contribution estimate"
Movies,43,operator_off,visual,0,0.5551889538764954,0.5524895191192627,-0.002699434757232666,0.4562933110967767,0.4625203557423637,0.006227044645587043,0.5565217137336731,0.5562219023704529,-0.00029981136322021484,0.4643746383936483,0.45801739925978735,-0.006357239133860937,0.7534255981445312,0.06868626177310944,0.06416791677474976,3.097254364092805e-07,3.868417763897014e-08,3.271566697549133e-07,4.054129831843056e-08,7.784348099448835e-08,3.408818471939412e-08,1.0568207926553441e-06,1.2936827431531128e-07,3.9582815247740655e-07,1.0965139551899483e-07,0.6142444014549255,1.0,"same-checkpoint mechanism intervention; descriptive, not a causal contribution estimate"
Movies,43,operator_off,visual,1,0.5551889538764954,0.5524895191192627,-0.002699434757232666,0.4562933110967767,0.4625203557423637,0.006227044645587043,0.5565217137336731,0.5562219023704529,-0.00029981136322021484,0.4643746383936483,0.45801739925978735,-0.006357239133860937,0.7534255981445312,0.06868626177310944,0.06416791677474976,3.097254364092805e-07,3.868417763897014e-08,3.271566697549133e-07,4.054129831843056e-08,7.784348099448835e-08,3.408818471939412e-08,0.010340262204408646,0.0012794662034139037,0.005089965183287859,0.0014152629300951958,1.2256736755371094,1.0,"same-checkpoint mechanism intervention; descriptive, not a causal contribution estimate"
Movies,44,operator_off,text,0,0.564487099647522,0.5647870302200317,0.0002999305725097656,0.46404930346938744,0.47746874122875305,0.013419437759365604,0.5520240068435669,0.5493253469467163,-0.002698659896850586,0.4471535147419875,0.4422796631697768,-0.004873851572210708,0.8166006207466125,0.08728254586458206,0.08335831761360168,3.411917930407071e-07,4.2597161353796764e-08,3.6975544048800657e-07,4.6416111842972896e-08,1.2464676046874956e-07,3.1895115881752645e-08,9.737967729961383e-07,1.193739507243663e-07,3.532765049385489e-07,9.293047043001934e-08,1.5078184604644775,1.0,"same-checkpoint mechanism intervention; descriptive, not a causal contribution estimate"
Movies,44,operator_off,text,1,0.564487099647522,0.5647870302200317,0.0002999305725097656,0.46404930346938744,0.47746874122875305,0.013419437759365604,0.5520240068435669,0.5493253469467163,-0.002698659896850586,0.4471535147419875,0.4422796631697768,-0.004873851572210708,0.8166006207466125,0.08728254586458206,0.08335831761360168,3.411917930407071e-07,4.2597161353796764e-08,3.6975544048800657e-07,4.6416111842972896e-08,1.2464676046874956e-07,3.1895115881752645e-08,0.027240760624408722,0.0032740342430770397,0.009330141358077526,0.002360863145440817,2.705132007598877,1.0,"same-checkpoint mechanism intervention; descriptive, not a causal contribution estimate"
Movies,44,operator_off,visual,0,0.564487099647522,0.5647870302200317,0.0002999305725097656,0.46404930346938744,0.47746874122875305,0.013419437759365604,0.5520240068435669,0.5493253469467163,-0.002698659896850586,0.4471535147419875,0.4422796631697768,-0.004873851572210708,0.8166006207466125,0.08728254586458206,0.08335831761360168,3.411917930407071e-07,4.2597161353796764e-08,3.126281740151171e-07,3.877821441733431e-08,7.497066434325461e-08,3.3160826973244184e-08,1.0355230415370897e-06,1.253717272220456e-07,3.803779691224918e-07,9.766433350932857e-08,0.6677417159080505,1.0,"same-checkpoint mechanism intervention; descriptive, not a causal contribution estimate"
Movies,44,operator_off,visual,1,0.564487099647522,0.5647870302200317,0.0002999305725097656,0.46404930346938744,0.47746874122875305,0.013419437759365604,0.5520240068435669,0.5493253469467163,-0.002698659896850586,0.4471535147419875,0.4422796631697768,-0.004873851572210708,0.8166006207466125,0.08728254586458206,0.08335831761360168,3.411917930407071e-07,4.2597161353796764e-08,3.126281740151171e-07,3.877821441733431e-08,7.497066434325461e-08,3.3160826973244184e-08,0.022369058802723885,0.0027187096420675516,0.01083611510694027,0.002760684583336115,1.3048230409622192,1.0,"same-checkpoint mechanism intervention; descriptive, not a causal contribution estimate"
Toys,42,operator_off,text,0,0.8004348874092102,0.7997100949287415,-0.00072479248046875,0.7688266047105654,0.7677693482023431,-0.001057256508222304,0.7943947911262512,0.7936699390411377,-0.0007248520851135254,0.7614666361856213,0.7594897395577683,-0.001976896627852942,0.7562655210494995,0.029717322438955307,0.0260932594537735,3.3915787867044855e-07,4.2356248286523623e-08,3.611838224060193e-07,4.516250484698503e-08,1.1584903347738873e-07,4.179126378289766e-08,9.044110811373685e-07,1.0920658866098165e-07,3.093300904311036e-07,7.418336167575035e-08,1.7436801195144653,1.0,"same-checkpoint mechanism intervention; descriptive, not a causal contribution estimate"
Toys,42,operator_off,text,1,0.8004348874092102,0.7997100949287415,-0.00072479248046875,0.7688266047105654,0.7677693482023431,-0.001057256508222304,0.7943947911262512,0.7936699390411377,-0.0007248520851135254,0.7614666361856213,0.7594897395577683,-0.001976896627852942,0.7562655210494995,0.029717322438955307,0.0260932594537735,3.3915787867044855e-07,4.2356248286523623e-08,3.611838224060193e-07,4.516250484698503e-08,1.1584903347738873e-07,4.179126378289766e-08,0.02561252936720848,0.003000653348863125,0.009601079858839512,0.002239917404949665,2.5906338691711426,1.0,"same-checkpoint mechanism intervention; descriptive, not a causal contribution estimate"
Toys,42,operator_off,visual,0,0.8004348874092102,0.7997100949287415,-0.00072479248046875,0.7688266047105654,0.7677693482023431,-0.001057256508222304,0.7943947911262512,0.7936699390411377,-0.0007248520851135254,0.7614666361856213,0.7594897395577683,-0.001976896627852942,0.7562655210494995,0.029717322438955307,0.0260932594537735,3.3915787867044855e-07,4.2356248286523623e-08,3.1713199177829665e-07,3.954999172606222e-08,1.0834705932438737e-07,4.2354233897867744e-08,9.660587920734542e-07,1.1577392200479153e-07,3.34842525262502e-07,8.117570615695513e-08,1.0751161575317383,1.0,"same-checkpoint mechanism intervention; descriptive, not a causal contribution estimate"
Toys,42,operator_off,visual,1,0.8004348874092102,0.7997100949287415,-0.00072479248046875,0.7688266047105654,0.7677693482023431,-0.001057256508222304,0.7943947911262512,0.7936699390411377,-0.0007248520851135254,0.7614666361856213,0.7594897395577683,-0.001976896627852942,0.7562655210494995,0.029717322438955307,0.0260932594537735,3.3915787867044855e-07,4.2356248286523623e-08,3.1713199177829665e-07,3.954999172606222e-08,1.0834705932438737e-07,4.2354233897867744e-08,0.03008207678794861,0.0036675999872386456,0.0154199143871665,0.003668873105198145,2.102445602416992,1.0,"same-checkpoint mechanism intervention; descriptive, not a causal contribution estimate"
Toys,43,operator_off,text,0,0.799468457698822,0.7931867837905884,-0.006281673908233643,0.7716647992544392,0.764978755169619,-0.0066860440848202085,0.7977772355079651,0.7982604503631592,0.0004832148551940918,0.7659191557285872,0.7646424158074067,-0.001276739921180492,1.2051223516464233,0.049045663326978683,0.05291133001446724,3.214560422293289e-07,4.0166916903672245e-08,3.2111648806676385e-07,4.033750400367353e-08,1.0942513739564674e-07,4.352206417479465e-08,1.007897594718088e-06,1.2168841578841239e-07,3.6174191109239473e-07,9.075069584696394e-08,1.417259931564331,1.0,"same-checkpoint mechanism intervention; descriptive, not a causal contribution estimate"
Toys,43,operator_off,text,1,0.799468457698822,0.7931867837905884,-0.006281673908233643,0.7716647992544392,0.764978755169619,-0.0066860440848202085,0.7977772355079651,0.7982604503631592,0.0004832148551940918,0.7659191557285872,0.7646424158074067,-0.001276739921180492,1.2051223516464233,0.049045663326978683,0.05291133001446724,3.214560422293289e-07,4.0166916903672245e-08,3.2111648806676385e-07,4.033750400367353e-08,1.0942513739564674e-07,4.352206417479465e-08,0.03400440514087677,0.004075986798852682,0.01659027300775051,0.0040847319178283215,2.1035549640655518,1.0,"same-checkpoint mechanism intervention; descriptive, not a causal contribution estimate"
Toys,43,operator_off,visual,0,0.799468457698822,0.7931867837905884,-0.006281673908233643,0.7716647992544392,0.764978755169619,-0.0066860440848202085,0.7977772355079651,0.7982604503631592,0.0004832148551940918,0.7659191557285872,0.7646424158074067,-0.001276739921180492,1.2051223516464233,0.049045663326978683,0.05291133001446724,3.214560422293289e-07,4.0166916903672245e-08,3.217955679701845e-07,3.9996340461811997e-08,1.154848945361664e-07,4.3953999551149536e-08,9.6463691079407e-07,1.1760002394112234e-07,3.5087504102193634e-07,8.500406067923905e-08,2.0237607955932617,1.0,"same-checkpoint mechanism intervention; descriptive, not a causal contribution estimate"
Toys,43,operator_off,visual,1,0.799468457698822,0.7931867837905884,-0.006281673908233643,0.7716647992544392,0.764978755169619,-0.0066860440848202085,0.7977772355079651,0.7982604503631592,0.0004832148551940918,0.7659191557285872,0.7646424158074067,-0.001276739921180492,1.2051223516464233,0.049045663326978683,0.05291133001446724,3.214560422293289e-07,4.0166916903672245e-08,3.217955679701845e-07,3.9996340461811997e-08,1.154848945361664e-07,4.3953999551149536e-08,0.06844023615121841,0.008508550003170967,0.03888258710503578,0.009407348930835724,4.088863849639893,1.0,"same-checkpoint mechanism intervention; descriptive, not a causal contribution estimate"
Toys,44,operator_off,text,0,0.7963275909423828,0.7931867837905884,-0.0031408071517944336,0.7611184794051858,0.7568977671693583,-0.0042207122358275395,0.7992268800735474,0.7943947911262512,-0.004832088947296143,0.7697078729163818,0.7619647631289551,-0.00774310978742665,0.6176814436912537,0.031650155782699585,0.03116694837808609,3.3464701232333027e-07,4.1762337588124865e-08,3.492821747386188e-07,4.375322859573316e-08,1.2211752675739262e-07,4.263641173452015e-08,9.337057349512179e-07,1.1316348746959193e-07,3.100891490248614e-07,7.452440797806048e-08,1.5814958810806274,1.0,"same-checkpoint mechanism intervention; descriptive, not a causal contribution estimate"
Toys,44,operator_off,text,1,0.7963275909423828,0.7931867837905884,-0.0031408071517944336,0.7611184794051858,0.7568977671693583,-0.0042207122358275395,0.7992268800735474,0.7943947911262512,-0.004832088947296143,0.7697078729163818,0.7619647631289551,-0.00774310978742665,0.6176814436912537,0.031650155782699585,0.03116694837808609,3.3464701232333027e-07,4.1762337588124865e-08,3.492821747386188e-07,4.375322859573316e-08,1.2211752675739262e-07,4.263641173452015e-08,0.016535349190235138,0.0019592109601944685,0.0065897004678845406,0.0015413081273436546,2.6241822242736816,1.0,"same-checkpoint mechanism intervention; descriptive, not a causal contribution estimate"
Toys,44,operator_off,visual,0,0.7963275909423828,0.7931867837905884,-0.0031408071517944336,0.7611184794051858,0.7568977671693583,-0.0042207122358275395,0.7992268800735474,0.7943947911262512,-0.004832088947296143,0.7697078729163818,0.7619647631289551,-0.00774310978742665,0.6176814436912537,0.031650155782699585,0.03116694837808609,3.3464701232333027e-07,4.1762337588124865e-08,3.200117646429135e-07,3.9771450133230246e-08,1.1361444762769679e-07,4.244875739800591e-08,1.030315274874738e-06,1.250531482810402e-07,3.608298015933542e-07,9.140659784634408e-08,0.8872131705284119,1.0,"same-checkpoint mechanism intervention; descriptive, not a causal contribution estimate"
Toys,44,operator_off,visual,1,0.7963275909423828,0.7931867837905884,-0.0031408071517944336,0.7611184794051858,0.7568977671693583,-0.0042207122358275395,0.7992268800735474,0.7943947911262512,-0.004832088947296143,0.7697078729163818,0.7619647631289551,-0.00774310978742665,0.6176814436912537,0.031650155782699585,0.03116694837808609,3.3464701232333027e-07,4.1762337588124865e-08,3.200117646429135e-07,3.9771450133230246e-08,1.1361444762769679e-07,4.244875739800591e-08,0.015500317327678204,0.0019343785243108869,0.007965057156980038,0.0019673567730933428,1.7861920595169067,1.0,"same-checkpoint mechanism intervention; descriptive, not a causal contribution estimate"
Grocery,42,operator_off,text,0,0.8360175490379333,0.8210834264755249,-0.014934122562408447,0.7752489990867737,0.7601645513960976,-0.015084447690676073,0.8187408447265625,0.8155197501182556,-0.0032210946083068848,0.7387708623737416,0.7311485985740841,-0.007622263799657469,2.141610622406006,0.06852123141288757,0.07408492267131805,3.7667555830012134e-07,4.696724431596522e-08,3.848041956189263e-07,4.820626386958793e-08,1.42519908763461e-07,5.2657345150919355e-08,1.117412807616347e-06,1.4079405730171857e-07,4.0914466126196203e-07,1.0293089758306451e-07,2.614107608795166,1.0,"same-checkpoint mechanism intervention; descriptive, not a causal contribution estimate"
Grocery,42,operator_off,text,1,0.8360175490379333,0.8210834264755249,-0.014934122562408447,0.7752489990867737,0.7601645513960976,-0.015084447690676073,0.8187408447265625,0.8155197501182556,-0.0032210946083068848,0.7387708623737416,0.7311485985740841,-0.007622263799657469,2.141610622406006,0.06852123141288757,0.07408492267131805,3.7667555830012134e-07,4.696724431596522e-08,3.848041956189263e-07,4.820626386958793e-08,1.42519908763461e-07,5.2657345150919355e-08,0.10302183032035828,0.012461736798286438,0.05818501487374306,0.014060416258871555,4.680018424987793,1.0,"same-checkpoint mechanism intervention; descriptive, not a causal contribution estimate"
Grocery,42,operator_off,visual,0,0.8360175490379333,0.8210834264755249,-0.014934122562408447,0.7752489990867737,0.7601645513960976,-0.015084447690676073,0.8187408447265625,0.8155197501182556,-0.0032210946083068848,0.7387708623737416,0.7311485985740841,-0.007622263799657469,2.141610622406006,0.06852123141288757,0.07408492267131805,3.7667555830012134e-07,4.696724431596522e-08,3.6854683571618807e-07,4.572822120962883e-08,1.2597881493547902e-07,5.544452719163928e-08,1.130741111410316e-06,1.3570115697802976e-07,4.003157982879202e-07,9.644849541246003e-08,2.896601915359497,1.0,"same-checkpoint mechanism intervention; descriptive, not a causal contribution estimate"
Grocery,42,operator_off,visual,1,0.8360175490379333,0.8210834264755249,-0.014934122562408447,0.7752489990867737,0.7601645513960976,-0.015084447690676073,0.8187408447265625,0.8155197501182556,-0.0032210946083068848,0.7387708623737416,0.7311485985740841,-0.007622263799657469,2.141610622406006,0.06852123141288757,0.07408492267131805,3.7667555830012134e-07,4.696724431596522e-08,3.6854683571618807e-07,4.572822120962883e-08,1.2597881493547902e-07,5.544452719163928e-08,0.24188557267189026,0.029208676889538765,0.13992395997047424,0.03333614021539688,7.119119167327881,1.0,"same-checkpoint mechanism intervention; descriptive, not a causal contribution estimate"
Grocery,43,operator_off,text,0,0.833089292049408,0.8248901963233948,-0.008199095726013184,0.7526179280194847,0.7345704120715959,-0.01804751594788878,0.8105417490005493,0.8111273646354675,0.0005856156349182129,0.7248568072710146,0.7228953603783747,-0.0019614468926399953,2.4290285110473633,0.07467056810855865,0.08550512790679932,3.658702496522892e-07,4.560455124646978e-08,3.62577338819392e-07,4.538783215934927e-08,1.2598185605838808e-07,5.2781626180831154e-08,1.0670584060790134e-06,1.299120526709885e-07,3.9094624071367434e-07,9.519467170093776e-08,2.8987817764282227,1.0,"same-checkpoint mechanism intervention; descriptive, not a causal contribution estimate"
Grocery,43,operator_off,text,1,0.833089292049408,0.8248901963233948,-0.008199095726013184,0.7526179280194847,0.7345704120715959,-0.01804751594788878,0.8105417490005493,0.8111273646354675,0.0005856156349182129,0.7248568072710146,0.7228953603783747,-0.0019614468926399953,2.4290285110473633,0.07467056810855865,0.08550512790679932,3.658702496522892e-07,4.560455124646978e-08,3.62577338819392e-07,4.538783215934927e-08,1.2598185605838808e-07,5.2781626180831154e-08,0.2435356080532074,0.02880335971713066,0.1428622305393219,0.03381720930337906,5.1906256675720215,1.0,"same-checkpoint mechanism intervention; descriptive, not a causal contribution estimate"
Grocery,43,operator_off,visual,0,0.833089292049408,0.8248901963233948,-0.008199095726013184,0.7526179280194847,0.7345704120715959,-0.01804751594788878,0.8105417490005493,0.8111273646354675,0.0005856156349182129,0.7248568072710146,0.7228953603783747,-0.0019614468926399953,2.4290285110473633,0.07467056810855865,0.08550512790679932,3.658702496522892e-07,4.560455124646978e-08,3.6916313206347695e-07,4.582126678087661e-08,1.1572353741939878e-07,5.2023008123569525e-08,1.0728159622885869e-06,1.2968693852144497e-07,3.8765810472796147e-07,9.342068096884759e-08,3.291905403137207,1.0,"same-checkpoint mechanism intervention; descriptive, not a causal contribution estimate"
Grocery,43,operator_off,visual,1,0.833089292049408,0.8248901963233948,-0.008199095726013184,0.7526179280194847,0.7345704120715959,-0.01804751594788878,0.8105417490005493,0.8111273646354675,0.0005856156349182129,0.7248568072710146,0.7228953603783747,-0.0019614468926399953,2.4290285110473633,0.07467056810855865,0.08550512790679932,3.658702496522892e-07,4.560455124646978e-08,3.6916313206347695e-07,4.582126678087661e-08,1.1572353741939878e-07,5.2023008123569525e-08,0.3516991138458252,0.04167288914322853,0.23164623975753784,0.055333007127046585,7.7255425453186035,1.0,"same-checkpoint mechanism intervention; descriptive, not a causal contribution estimate"
Grocery,44,operator_off,text,0,0.833674967288971,0.8204978108406067,-0.013177156448364258,0.7507030821953709,0.7293973142476547,-0.021305767947716103,0.8225475549697876,0.819033682346344,-0.0035138726234436035,0.7544701005418407,0.7470331177054156,-0.007436982836425132,2.5943825244903564,0.06412884593009949,0.07730600237846375,3.900790943589527e-07,4.867269609576397e-08,3.988486412254133e-07,5.002298664180671e-08,1.4335090270378714e-07,5.240020328756145e-08,1.1575381222428405e-06,1.4203314435690118e-07,4.4532075094139145e-07,1.14262363126727e-07,2.67964506149292,1.0,"same-checkpoint mechanism intervention; descriptive, not a causal contribution estimate"
Grocery,44,operator_off,text,1,0.833674967288971,0.8204978108406067,-0.013177156448364258,0.7507030821953709,0.7293973142476547,-0.021305767947716103,0.8225475549697876,0.819033682346344,-0.0035138726234436035,0.7544701005418407,0.7470331177054156,-0.007436982836425132,2.5943825244903564,0.06412884593009949,0.07730600237846375,3.900790943589527e-07,4.867269609576397e-08,3.988486412254133e-07,5.002298664180671e-08,1.4335090270378714e-07,5.240020328756145e-08,0.2487030178308487,0.029383327811956406,0.15157651901245117,0.037698835134506226,4.855548858642578,1.0,"same-checkpoint mechanism intervention; descriptive, not a causal contribution estimate"
Grocery,44,operator_off,visual,0,0.833674967288971,0.8204978108406067,-0.013177156448364258,0.7507030821953709,0.7293973142476547,-0.021305767947716103,0.8225475549697876,0.819033682346344,-0.0035138726234436035,0.7544701005418407,0.7470331177054156,-0.007436982836425132,2.5943825244903564,0.06412884593009949,0.07730600237846375,3.900790943589527e-07,4.867269609576397e-08,3.8130949064907327e-07,4.7322401997007546e-08,1.376664187091592e-07,5.3469126015670554e-08,1.1366074659235892e-06,1.3696399037144147e-07,4.126524686398625e-07,1.0151325113838539e-07,3.492791175842285,1.0,"same-checkpoint mechanism intervention; descriptive, not a causal contribution estimate"
Grocery,44,operator_off,visual,1,0.833674967288971,0.8204978108406067,-0.013177156448364258,0.7507030821953709,0.7293973142476547,-0.021305767947716103,0.8225475549697876,0.819033682346344,-0.0035138726234436035,0.7544701005418407,0.7470331177054156,-0.007436982836425132,2.5943825244903564,0.06412884593009949,0.07730600237846375,3.900790943589527e-07,4.867269609576397e-08,3.8130949064907327e-07,4.7322401997007546e-08,1.376664187091592e-07,5.3469126015670554e-08,0.29346007108688354,0.034654006361961365,0.1737387478351593,0.042100124061107635,8.773277282714844,1.0,"same-checkpoint mechanism intervention; descriptive, not a causal contribution estimate"
ele-fashion,42,operator_off,text,0,0.8765469789505005,0.8735808730125427,-0.0029661059379577637,0.6951321639549546,0.6887935760439473,-0.006338587911007276,0.8789976239204407,0.8764064311981201,-0.0025911927223205566,0.706794666245309,0.707748360334833,0.0009536940895240598,1.2390320301055908,0.025058811530470848,0.021786566823720932,2.999584296503599e-07,3.741189047445914e-08,2.944698280771263e-07,3.665405401420685e-08,1.2146452377237438e-07,3.363055611771415e-08,7.732023163953272e-07,9.543664702960086e-08,2.7243493150308495e-07,6.55248157954702e-08,2.6664602756500244,1.0,"same-checkpoint mechanism intervention; descriptive, not a causal contribution estimate"
ele-fashion,42,operator_off,text,1,0.8765469789505005,0.8735808730125427,-0.0029661059379577637,0.6951321639549546,0.6887935760439473,-0.006338587911007276,0.8789976239204407,0.8764064311981201,-0.0025911927223205566,0.706794666245309,0.707748360334833,0.0009536940895240598,1.2390320301055908,0.025058811530470848,0.021786566823720932,2.999584296503599e-07,3.741189047445914e-08,2.944698280771263e-07,3.665405401420685e-08,1.2146452377237438e-07,3.363055611771415e-08,0.1426205337047577,0.01816117763519287,0.07551467418670654,0.018225261941552162,5.163000583648682,1.0,"same-checkpoint mechanism intervention; descriptive, not a causal contribution estimate"
ele-fashion,42,operator_off,visual,0,0.8765469789505005,0.8735808730125427,-0.0029661059379577637,0.6951321639549546,0.6887935760439473,-0.006338587911007276,0.8789976239204407,0.8764064311981201,-0.0025911927223205566,0.706794666245309,0.707748360334833,0.0009536940895240598,1.2390320301055908,0.025058811530470848,0.021786566823720932,2.999584296503599e-07,3.741189047445914e-08,3.0544697438017465e-07,3.816973759285247e-08,1.146280155239765e-07,3.6395235269992554e-08,7.5038082059109e-07,9.331039763083027e-08,2.5998664909820945e-07,6.173203104253844e-08,2.305605411529541,1.0,"same-checkpoint mechanism intervention; descriptive, not a causal contribution estimate"
ele-fashion,42,operator_off,visual,1,0.8765469789505005,0.8735808730125427,-0.0029661059379577637,0.6951321639549546,0.6887935760439473,-0.006338587911007276,0.8789976239204407,0.8764064311981201,-0.0025911927223205566,0.706794666245309,0.707748360334833,0.0009536940895240598,1.2390320301055908,0.025058811530470848,0.021786566823720932,2.999584296503599e-07,3.741189047445914e-08,3.0544697438017465e-07,3.816973759285247e-08,1.146280155239765e-07,3.6395235269992554e-08,0.12466442584991455,0.016021085903048515,0.05763552710413933,0.013885156251490116,4.151735782623291,1.0,"same-checkpoint mechanism intervention; descriptive, not a causal contribution estimate"
ele-fashion,43,operator_off,text,0,0.8756264448165894,0.8690804839134216,-0.006545960903167725,0.686845688028353,0.6746076673458018,-0.012238020682551198,0.8764746189117432,0.8696215748786926,-0.006853044033050537,0.6944589040091965,0.6870719010317625,-0.0073870029774339985,1.2327260971069336,0.032729875296354294,0.03450392186641693,2.977420194838487e-07,3.713525131843198e-08,2.8175696797916316e-07,3.5046326729570865e-08,1.2330156096140854e-07,3.5346381821455e-08,7.817164942025556e-07,9.882580087605675e-08,2.913642447310849e-07,7.28052356180342e-08,2.5311858654022217,1.0,"same-checkpoint mechanism intervention; descriptive, not a causal contribution estimate"
ele-fashion,43,operator_off,text,1,0.8756264448165894,0.8690804839134216,-0.006545960903167725,0.686845688028353,0.6746076673458018,-0.012238020682551198,0.8764746189117432,0.8696215748786926,-0.006853044033050537,0.6944589040091965,0.6870719010317625,-0.0073870029774339985,1.2327260971069336,0.032729875296354294,0.03450392186641693,2.977420194838487e-07,3.713525131843198e-08,2.8175696797916316e-07,3.5046326729570865e-08,1.2330156096140854e-07,3.5346381821455e-08,0.12514393031597137,0.01583726331591606,0.07083908468484879,0.017482450231909752,4.81413459777832,1.0,"same-checkpoint mechanism intervention; descriptive, not a causal contribution estimate"
ele-fashion,43,operator_off,visual,0,0.8756264448165894,0.8690804839134216,-0.006545960903167725,0.686845688028353,0.6746076673458018,-0.012238020682551198,0.8764746189117432,0.8696215748786926,-0.006853044033050537,0.6944589040091965,0.6870719010317625,-0.0073870029774339985,1.2327260971069336,0.032729875296354294,0.03450392186641693,2.977420194838487e-07,3.713525131843198e-08,3.1372707098853425e-07,3.9224168801865744e-08,1.0579758225048863e-07,3.6884792109503906e-08,8.509125564160058e-07,1.0705566921842546e-07,3.0025069008843275e-07,7.558283954267608e-08,2.3719966411590576,1.0,"same-checkpoint mechanism intervention; descriptive, not a causal contribution estimate"
ele-fashion,43,operator_off,visual,1,0.8756264448165894,0.8690804839134216,-0.006545960903167725,0.686845688028353,0.6746076673458018,-0.012238020682551198,0.8764746189117432,0.8696215748786926,-0.006853044033050537,0.6944589040091965,0.6870719010317625,-0.0073870029774339985,1.2327260971069336,0.032729875296354294,0.03450392186641693,2.977420194838487e-07,3.713525131843198e-08,3.1372707098853425e-07,3.9224168801865744e-08,1.0579758225048863e-07,3.6884792109503906e-08,0.12226506322622299,0.01530275959521532,0.06319519132375717,0.01543790940195322,4.1196818351745605,1.0,"same-checkpoint mechanism intervention; descriptive, not a causal contribution estimate"
ele-fashion,44,operator_off,text,0,0.8792062997817993,0.8741945624351501,-0.00501173734664917,0.6894925362711614,0.6830094928751896,-0.0064830433959717215,0.8808728456497192,0.8762359619140625,-0.004636883735656738,0.7016371673194298,0.6930719776721777,-0.00856518964725217,1.3497031927108765,0.023115474730730057,0.0227753147482872,3.207318854947516e-07,4.000575515306082e-08,3.0882367241247266e-07,3.8307511829316354e-08,1.296568683528676e-07,3.5518763041864077e-08,8.220321205953951e-07,9.958282021216291e-08,2.9157902758925047e-07,7.072590335610585e-08,1.924623966217041,1.0,"same-checkpoint mechanism intervention; descriptive, not a causal contribution estimate"
ele-fashion,44,operator_off,text,1,0.8792062997817993,0.8741945624351501,-0.00501173734664917,0.6894925362711614,0.6830094928751896,-0.0064830433959717215,0.8808728456497192,0.8762359619140625,-0.004636883735656738,0.7016371673194298,0.6930719776721777,-0.00856518964725217,1.3497031927108765,0.023115474730730057,0.0227753147482872,3.207318854947516e-07,4.000575515306082e-08,3.0882367241247266e-07,3.8307511829316354e-08,1.296568683528676e-07,3.5518763041864077e-08,0.10401595383882523,0.01225411519408226,0.05807090923190117,0.013749949634075165,3.379302978515625,1.0,"same-checkpoint mechanism intervention; descriptive, not a causal contribution estimate"
ele-fashion,44,operator_off,visual,0,0.8792062997817993,0.8741945624351501,-0.00501173734664917,0.6894925362711614,0.6830094928751896,-0.0064830433959717215,0.8808728456497192,0.8762359619140625,-0.004636883735656738,0.7016371673194298,0.6930719776721777,-0.00856518964725217,1.3497031927108765,0.023115474730730057,0.0227753147482872,3.207318854947516e-07,4.000575515306082e-08,3.326400985770306e-07,4.170399847680528e-08,1.2032107576942508e-07,3.711976148679241e-08,7.812031412868237e-07,9.731441963367615e-08,2.745239555679291e-07,6.676505392988474e-08,1.8925012350082397,1.0,"same-checkpoint mechanism intervention; descriptive, not a causal contribution estimate"
ele-fashion,44,operator_off,visual,1,0.8792062997817993,0.8741945624351501,-0.00501173734664917,0.6894925362711614,0.6830094928751896,-0.0064830433959717215,0.8808728456497192,0.8762359619140625,-0.004636883735656738,0.7016371673194298,0.6930719776721777,-0.00856518964725217,1.3497031927108765,0.023115474730730057,0.0227753147482872,3.207318854947516e-07,4.000575515306082e-08,3.326400985770306e-07,4.170399847680528e-08,1.2032107576942508e-07,3.711976148679241e-08,0.0795987918972969,0.009264749474823475,0.03937256336212158,0.009159616194665432,3.4103500843048096,1.0,"same-checkpoint mechanism intervention; descriptive, not a causal contribution estimate"
Reddit-S,42,operator_off,text,0,0.9619377255439758,0.9575338363647461,-0.004403889179229736,0.919965839283417,0.9123958743662964,-0.007569964917120586,0.9597357511520386,0.9597357511520386,0.0,0.9085732586673094,0.9129139200519829,0.004340661384673483,1.209488034248352,0.0179301667958498,0.01698647439479828,5.020789330956177e-07,6.272907171478437e-08,5.324781113813515e-07,6.700669530346204e-08,2.2866836957291525e-07,7.909526544835899e-08,1.2060058907081839e-06,1.4583193319595011e-07,4.5857390773562656e-07,1.1262167731729278e-07,4.2238688468933105,1.0,"same-checkpoint mechanism intervention; descriptive, not a causal contribution estimate"
Reddit-S,42,operator_off,text,1,0.9619377255439758,0.9575338363647461,-0.004403889179229736,0.919965839283417,0.9123958743662964,-0.007569964917120586,0.9597357511520386,0.9597357511520386,0.0,0.9085732586673094,0.9129139200519829,0.004340661384673483,1.209488034248352,0.0179301667958498,0.01698647439479828,5.020789330956177e-07,6.272907171478437e-08,5.324781113813515e-07,6.700669530346204e-08,2.2866836957291525e-07,7.909526544835899e-08,0.12212318927049637,0.014642243273556232,0.050502948462963104,0.012108796276152134,8.655328750610352,1.0,"same-checkpoint mechanism intervention; descriptive, not a causal contribution estimate"
Reddit-S,42,operator_off,visual,0,0.9619377255439758,0.9575338363647461,-0.004403889179229736,0.919965839283417,0.9123958743662964,-0.007569964917120586,0.9597357511520386,0.9597357511520386,0.0,0.9085732586673094,0.9129139200519829,0.004340661384673483,1.209488034248352,0.0179301667958498,0.01698647439479828,5.020789330956177e-07,6.272907171478437e-08,4.7167981165330275e-07,5.84514481261067e-08,3.187812183114147e-07,7.942243485103972e-08,1.2658443893087679e-06,1.4892117405906902e-07,4.2205942918371875e-07,9.878239382032916e-08,1.5568832159042358,1.0,"same-checkpoint mechanism intervention; descriptive, not a causal contribution estimate"
Reddit-S,42,operator_off,visual,1,0.9619377255439758,0.9575338363647461,-0.004403889179229736,0.919965839283417,0.9123958743662964,-0.007569964917120586,0.9597357511520386,0.9597357511520386,0.0,0.9085732586673094,0.9129139200519829,0.004340661384673483,1.209488034248352,0.0179301667958498,0.01698647439479828,5.020789330956177e-07,6.272907171478437e-08,4.7167981165330275e-07,5.84514481261067e-08,3.187812183114147e-07,7.942243485103972e-08,0.03001176193356514,0.003590816631913185,0.013642517849802971,0.003167656483128667,2.7081942558288574,1.0,"same-checkpoint mechanism intervention; descriptive, not a causal contribution estimate"
Reddit-S,43,operator_off,text,0,0.9666562080383301,0.9597357511520386,-0.006920456886291504,0.9278151779727724,0.9137931930655595,-0.014021984907212848,0.9710600972175598,0.9631959795951843,-0.007864117622375488,0.936711713617248,0.9233162221356238,-0.013395491481624222,1.827211618423462,0.0179301667958498,0.02139037474989891,4.90499132865807e-07,6.120033191336915e-08,4.7661995949965785e-07,5.991830676066456e-08,2.1472661160260031e-07,7.683345160103272e-08,1.15770330921805e-06,1.366640418609677e-07,3.9218093661474995e-07,8.944470408778216e-08,7.271487712860107,1.0,"same-checkpoint mechanism intervention; descriptive, not a causal contribution estimate"
Reddit-S,43,operator_off,text,1,0.9666562080383301,0.9597357511520386,-0.006920456886291504,0.9278151779727724,0.9137931930655595,-0.014021984907212848,0.9710600972175598,0.9631959795951843,-0.007864117622375488,0.936711713617248,0.9233162221356238,-0.013395491481624222,1.827211618423462,0.0179301667958498,0.02139037474989891,4.90499132865807e-07,6.120033191336915e-08,4.7661995949965785e-07,5.991830676066456e-08,2.1472661160260031e-07,7.683345160103272e-08,0.3167612552642822,0.03586814925074577,0.14458435773849487,0.0326879508793354,15.371110916137695,1.0,"same-checkpoint mechanism intervention; descriptive, not a causal contribution estimate"
Reddit-S,43,operator_off,visual,0,0.9666562080383301,0.9597357511520386,-0.006920456886291504,0.9278151779727724,0.9137931930655595,-0.014021984907212848,0.9710600972175598,0.9631959795951843,-0.007864117622375488,0.936711713617248,0.9233162221356238,-0.013395491481624222,1.827211618423462,0.0179301667958498,0.02139037474989891,4.90499132865807e-07,6.120033191336915e-08,5.043783062319562e-07,6.248234285521903e-08,3.287035781340819e-07,7.854743699908795e-08,1.1832670452349703e-06,1.3749719585121056e-07,3.658012701635016e-07,7.983150140944417e-08,3.2668824195861816,1.0,"same-checkpoint mechanism intervention; descriptive, not a causal contribution estimate"
Reddit-S,43,operator_off,visual,1,0.9666562080383301,0.9597357511520386,-0.006920456886291504,0.9278151779727724,0.9137931930655595,-0.014021984907212848,0.9710600972175598,0.9631959795951843,-0.007864117622375488,0.936711713617248,0.9233162221356238,-0.013395491481624222,1.827211618423462,0.0179301667958498,0.02139037474989891,4.90499132865807e-07,6.120033191336915e-08,5.043783062319562e-07,6.248234285521903e-08,3.287035781340819e-07,7.854743699908795e-08,0.11216295510530472,0.01360715739428997,0.05778126418590546,0.012631555087864399,5.292860507965088,1.0,"same-checkpoint mechanism intervention; descriptive, not a causal contribution estimate"
Reddit-S,44,operator_off,text,0,0.9666562080383301,0.9619377255439758,-0.004718482494354248,0.9323510912817164,0.9195577318459452,-0.012793359435771201,0.9675998687744141,0.9641396403312683,-0.003460228443145752,0.9305798780723287,0.9194907597963009,-0.011089118276027765,1.4804134368896484,0.017615603283047676,0.018559295684099197,4.799842372449348e-07,5.99263785261428e-08,4.942564260090876e-07,6.196454194196122e-08,2.3487049816139915e-07,8.301044829295279e-08,1.157784595307021e-06,1.369384108329541e-07,3.9215009906001796e-07,8.90336622205723e-08,6.121710300445557,1.0,"same-checkpoint mechanism intervention; descriptive, not a causal contribution estimate"
Reddit-S,44,operator_off,text,1,0.9666562080383301,0.9619377255439758,-0.004718482494354248,0.9323510912817164,0.9195577318459452,-0.012793359435771201,0.9675998687744141,0.9641396403312683,-0.003460228443145752,0.9305798780723287,0.9194907597963009,-0.011089118276027765,1.4804134368896484,0.017615603283047676,0.018559295684099197,4.799842372449348e-07,5.99263785261428e-08,4.942564260090876e-07,6.196454194196122e-08,2.3487049816139915e-07,8.301044829295279e-08,0.15092211961746216,0.017421647906303406,0.05748913437128067,0.012898717075586319,13.595072746276855,1.0,"same-checkpoint mechanism intervention; descriptive, not a causal contribution estimate"
Reddit-S,44,operator_off,visual,0,0.9666562080383301,0.9619377255439758,-0.004718482494354248,0.9323510912817164,0.9195577318459452,-0.012793359435771201,0.9675998687744141,0.9641396403312683,-0.003460228443145752,0.9305798780723287,0.9194907597963009,-0.011089118276027765,1.4804134368896484,0.017615603283047676,0.018559295684099197,4.799842372449348e-07,5.99263785261428e-08,4.6571202005907253e-07,5.7888204452183345e-08,3.383805164958176e-07,7.903535959030705e-08,1.1867443845403614e-06,1.4045039620214084e-07,3.850364009849727e-07,9.004716616800579e-08,2.2485191822052,1.0,"same-checkpoint mechanism intervention; descriptive, not a causal contribution estimate"
Reddit-S,44,operator_off,visual,1,0.9666562080383301,0.9619377255439758,-0.004718482494354248,0.9323510912817164,0.9195577318459452,-0.012793359435771201,0.9675998687744141,0.9641396403312683,-0.003460228443145752,0.9305798780723287,0.9194907597963009,-0.011089118276027765,1.4804134368896484,0.017615603283047676,0.018559295684099197,4.799842372449348e-07,5.99263785261428e-08,4.6571202005907253e-07,5.7888204452183345e-08,3.383805164958176e-07,7.903535959030705e-08,0.0671808049082756,0.007846763357520103,0.02489439956843853,0.005434373859316111,3.3979218006134033,1.0,"same-checkpoint mechanism intervention; descriptive, not a causal contribution estimate"
