row_type,dataset,seed,comparison,metric,delta,win_tie_loss,mean,sd,wins,ties,losses,n_pairs
paired_seed,Movies,42,no_context - full,val_acc,-0.0023995041847229004,loss,,,,,,
paired_seed,Movies,43,no_context - full,val_acc,0.0014997124671936035,win,,,,,,
paired_seed,Movies,44,no_context - full,val_acc,0.0011997818946838379,win,,,,,,
paired_seed,Toys,42,no_context - full,val_acc,-0.0004832148551940918,loss,,,,,,
paired_seed,Toys,43,no_context - full,val_acc,-0.0024160146713256836,loss,,,,,,
paired_seed,Toys,44,no_context - full,val_acc,-0.0002415776252746582,loss,,,,,,
paired_seed,Grocery,42,no_context - full,val_acc,-0.004978001117706299,loss,,,,,,
paired_seed,Grocery,43,no_context - full,val_acc,-0.0029282569885253906,loss,,,,,,
paired_seed,Grocery,44,no_context - full,val_acc,-0.004392385482788086,loss,,,,,,
paired_seed,ele-fashion,42,no_context - full,val_acc,0.00327301025390625,win,,,,,,
paired_seed,ele-fashion,43,no_context - full,val_acc,0.0012273788452148438,win,,,,,,
paired_seed,ele-fashion,44,no_context - full,val_acc,-0.00040912628173828125,loss,,,,,,
paired_seed,Reddit-S,42,no_context - full,val_acc,0.0022019147872924805,win,,,,,,
paired_seed,Reddit-S,43,no_context - full,val_acc,0.0,tie,,,,,,
paired_seed,Reddit-S,44,no_context - full,val_acc,-0.0012583136558532715,loss,,,,,,
paired_seed,Movies,42,no_context - full,val_macro_f1,-0.022827243054875046,loss,,,,,,
paired_seed,Movies,43,no_context - full,val_macro_f1,0.009540435227010757,win,,,,,,
paired_seed,Movies,44,no_context - full,val_macro_f1,-0.003455171040721794,loss,,,,,,
paired_seed,Toys,42,no_context - full,val_macro_f1,-0.0022095213722719276,loss,,,,,,
paired_seed,Toys,43,no_context - full,val_macro_f1,-0.0018079867543068229,loss,,,,,,
paired_seed,Toys,44,no_context - full,val_macro_f1,0.0032780938136692805,win,,,,,,
paired_seed,Grocery,42,no_context - full,val_macro_f1,0.00016059128329837247,win,,,,,,
paired_seed,Grocery,43,no_context - full,val_macro_f1,-0.009014528335972383,loss,,,,,,
paired_seed,Grocery,44,no_context - full,val_macro_f1,-0.02892117187474308,loss,,,,,,
paired_seed,ele-fashion,42,no_context - full,val_macro_f1,4.205764585929472e-06,win,,,,,,
paired_seed,ele-fashion,43,no_context - full,val_macro_f1,0.001999037229379552,win,,,,,,
paired_seed,ele-fashion,44,no_context - full,val_macro_f1,0.012015621797031528,win,,,,,,
paired_seed,Reddit-S,42,no_context - full,val_macro_f1,0.006307261483039617,win,,,,,,
paired_seed,Reddit-S,43,no_context - full,val_macro_f1,-0.0035442882542506826,loss,,,,,,
paired_seed,Reddit-S,44,no_context - full,val_macro_f1,-0.010949701969201087,loss,,,,,,
paired_seed,Movies,42,no_context - full,test_acc,0.010794579982757568,win,,,,,,
paired_seed,Movies,43,no_context - full,test_acc,-0.0026986002922058105,loss,,,,,,
paired_seed,Movies,44,no_context - full,test_acc,-0.015892088413238525,loss,,,,,,
paired_seed,Toys,42,no_context - full,test_acc,-0.0021744370460510254,loss,,,,,,
paired_seed,Toys,43,no_context - full,test_acc,0.002416074275970459,win,,,,,,
paired_seed,Toys,44,no_context - full,test_acc,-0.0012080073356628418,loss,,,,,,
paired_seed,Grocery,42,no_context - full,test_acc,0.0026354193687438965,win,,,,,,
paired_seed,Grocery,43,no_context - full,test_acc,0.01083451509475708,win,,,,,,
paired_seed,Grocery,44,no_context - full,test_acc,0.0,tie,,,,,,
paired_seed,ele-fashion,42,no_context - full,test_acc,0.0007841587066650391,win,,,,,,
paired_seed,ele-fashion,43,no_context - full,test_acc,0.001329660415649414,win,,,,,,
paired_seed,ele-fashion,44,no_context - full,test_acc,-0.0006478428840637207,loss,,,,,,
paired_seed,Reddit-S,42,no_context - full,test_acc,0.0003145933151245117,win,,,,,,
paired_seed,Reddit-S,43,no_context - full,test_acc,-0.0015728473663330078,loss,,,,,,
paired_seed,Reddit-S,44,no_context - full,test_acc,-0.00031453371047973633,loss,,,,,,
paired_seed,Movies,42,no_context - full,test_macro_f1,0.010367813396517267,win,,,,,,
paired_seed,Movies,43,no_context - full,test_macro_f1,0.0010907377378338023,win,,,,,,
paired_seed,Movies,44,no_context - full,test_macro_f1,-0.01627985115967373,loss,,,,,,
paired_seed,Toys,42,no_context - full,test_macro_f1,-0.0020705055921548254,loss,,,,,,
paired_seed,Toys,43,no_context - full,test_macro_f1,0.000863535700143081,win,,,,,,
paired_seed,Toys,44,no_context - full,test_macro_f1,0.003227165962176648,win,,,,,,
paired_seed,Grocery,42,no_context - full,test_macro_f1,0.008045927115787,win,,,,,,
paired_seed,Grocery,43,no_context - full,test_macro_f1,0.0059480851721884775,win,,,,,,
paired_seed,Grocery,44,no_context - full,test_macro_f1,-0.00946857194500561,loss,,,,,,
paired_seed,ele-fashion,42,no_context - full,test_macro_f1,-0.00248950845387641,loss,,,,,,
paired_seed,ele-fashion,43,no_context - full,test_macro_f1,0.00564529419472426,win,,,,,,
paired_seed,ele-fashion,44,no_context - full,test_macro_f1,0.007277297814469064,win,,,,,,
paired_seed,Reddit-S,42,no_context - full,test_macro_f1,0.0035719841020613874,win,,,,,,
paired_seed,Reddit-S,43,no_context - full,test_macro_f1,-0.0026267144576084256,loss,,,,,,
paired_seed,Reddit-S,44,no_context - full,test_macro_f1,-0.006944567686405723,loss,,,,,,
paired_seed,Movies,42,shared_relation - full,val_acc,0.0032993555068969727,win,,,,,,
paired_seed,Movies,43,shared_relation - full,val_acc,0.0011997818946838379,win,,,,,,
paired_seed,Movies,44,shared_relation - full,val_acc,0.004499077796936035,win,,,,,,
paired_seed,Toys,42,shared_relation - full,val_acc,-0.0014496445655822754,loss,,,,,,
paired_seed,Toys,43,shared_relation - full,val_acc,-0.0016912221908569336,loss,,,,,,
paired_seed,Toys,44,shared_relation - full,val_acc,0.0036240816116333008,win,,,,,,
paired_seed,Grocery,42,shared_relation - full,val_acc,-0.004392385482788086,loss,,,,,,
paired_seed,Grocery,43,shared_relation - full,val_acc,0.006149351596832275,win,,,,,,
paired_seed,Grocery,44,shared_relation - full,val_acc,-0.004099547863006592,loss,,,,,,
paired_seed,ele-fashion,42,shared_relation - full,val_acc,0.004193544387817383,win,,,,,,
paired_seed,ele-fashion,43,shared_relation - full,val_acc,0.0034775733947753906,win,,,,,,
paired_seed,ele-fashion,44,shared_relation - full,val_acc,-0.0006136894226074219,loss,,,,,,
paired_seed,Reddit-S,42,shared_relation - full,val_acc,0.0015727877616882324,win,,,,,,
paired_seed,Reddit-S,43,shared_relation - full,val_acc,0.0015727877616882324,win,,,,,,
paired_seed,Reddit-S,44,shared_relation - full,val_acc,0.00031453371047973633,win,,,,,,
paired_seed,Movies,42,shared_relation - full,val_macro_f1,-0.0021668002089493266,loss,,,,,,
paired_seed,Movies,43,shared_relation - full,val_macro_f1,-0.05734944549545479,loss,,,,,,
paired_seed,Movies,44,shared_relation - full,val_macro_f1,0.029102003461037196,win,,,,,,
paired_seed,Toys,42,shared_relation - full,val_macro_f1,0.002501362164532339,win,,,,,,
paired_seed,Toys,43,shared_relation - full,val_macro_f1,0.0034942603582248655,win,,,,,,
paired_seed,Toys,44,shared_relation - full,val_macro_f1,0.016412311657869272,win,,,,,,
paired_seed,Grocery,42,shared_relation - full,val_macro_f1,-0.017321094921361135,loss,,,,,,
paired_seed,Grocery,43,shared_relation - full,val_macro_f1,-0.0015731827475728988,loss,,,,,,
paired_seed,Grocery,44,shared_relation - full,val_macro_f1,-0.014053413516397995,loss,,,,,,
paired_seed,ele-fashion,42,shared_relation - full,val_macro_f1,0.01237702457573786,win,,,,,,
paired_seed,ele-fashion,43,shared_relation - full,val_macro_f1,0.02079738929094832,win,,,,,,
paired_seed,ele-fashion,44,shared_relation - full,val_macro_f1,0.004947985041432457,win,,,,,,
paired_seed,Reddit-S,42,shared_relation - full,val_macro_f1,0.012116282242280008,win,,,,,,
paired_seed,Reddit-S,43,shared_relation - full,val_macro_f1,-0.005730802087890674,loss,,,,,,
paired_seed,Reddit-S,44,shared_relation - full,val_macro_f1,-0.005489797219713877,loss,,,,,,
paired_seed,Movies,42,shared_relation - full,test_acc,0.0008995532989501953,win,,,,,,
paired_seed,Movies,43,shared_relation - full,test_acc,-0.021889030933380127,loss,,,,,,
paired_seed,Movies,44,shared_relation - full,test_acc,0.00029981136322021484,win,,,,,,
paired_seed,Toys,42,shared_relation - full,test_acc,0.005798518657684326,win,,,,,,
paired_seed,Toys,43,shared_relation - full,test_acc,0.007006525993347168,win,,,,,,
paired_seed,Toys,44,shared_relation - full,test_acc,0.0016912221908569336,win,,,,,,
paired_seed,Grocery,42,shared_relation - full,test_acc,0.013762831687927246,win,,,,,,
paired_seed,Grocery,43,shared_relation - full,test_acc,0.0011712908744812012,win,,,,,,
paired_seed,Grocery,44,shared_relation - full,test_acc,0.0008785128593444824,win,,,,,,
paired_seed,ele-fashion,42,shared_relation - full,test_acc,0.002761662006378174,win,,,,,,
paired_seed,ele-fashion,43,shared_relation - full,test_acc,0.003409445285797119,win,,,,,,
paired_seed,ele-fashion,44,shared_relation - full,test_acc,0.0007500648498535156,win,,,,,,
paired_seed,Reddit-S,42,shared_relation - full,test_acc,0.00408935546875,win,,,,,,
paired_seed,Reddit-S,43,shared_relation - full,test_acc,-0.002516508102416992,loss,,,,,,
paired_seed,Reddit-S,44,shared_relation - full,test_acc,-0.001258254051208496,loss,,,,,,
paired_seed,Movies,42,shared_relation - full,test_macro_f1,0.010630879141854066,win,,,,,,
paired_seed,Movies,43,shared_relation - full,test_macro_f1,-0.09835398015589875,loss,,,,,,
paired_seed,Movies,44,shared_relation - full,test_macro_f1,0.03996456848868285,win,,,,,,
paired_seed,Toys,42,shared_relation - full,test_macro_f1,0.007992943717777257,win,,,,,,
paired_seed,Toys,43,shared_relation - full,test_macro_f1,0.005223316079094431,win,,,,,,
paired_seed,Toys,44,shared_relation - full,test_macro_f1,0.0100197018980277,win,,,,,,
paired_seed,Grocery,42,shared_relation - full,test_macro_f1,0.001270240257339128,win,,,,,,
paired_seed,Grocery,43,shared_relation - full,test_macro_f1,-0.007263636311684474,loss,,,,,,
paired_seed,Grocery,44,shared_relation - full,test_macro_f1,-0.018880068134160988,loss,,,,,,
paired_seed,ele-fashion,42,shared_relation - full,test_macro_f1,0.0064559268918126245,win,,,,,,
paired_seed,ele-fashion,43,shared_relation - full,test_macro_f1,0.016199615887558805,win,,,,,,
paired_seed,ele-fashion,44,shared_relation - full,test_macro_f1,0.005008471545237536,win,,,,,,
paired_seed,Reddit-S,42,shared_relation - full,test_macro_f1,0.015986403167579377,win,,,,,,
paired_seed,Reddit-S,43,shared_relation - full,test_macro_f1,-0.005682415013346764,loss,,,,,,
paired_seed,Reddit-S,44,shared_relation - full,test_macro_f1,-0.00654893595419459,loss,,,,,,
paired_seed,Movies,42,static_execution - full,val_acc,-0.0014996528625488281,loss,,,,,,
paired_seed,Movies,43,static_execution - full,val_acc,-0.0005998611450195312,loss,,,,,,
paired_seed,Movies,44,static_execution - full,val_acc,-0.0023995041847229004,loss,,,,,,
paired_seed,Toys,42,static_execution - full,val_acc,0.0014496445655822754,win,,,,,,
paired_seed,Toys,43,static_execution - full,val_acc,0.0004832148551940918,win,,,,,,
paired_seed,Toys,44,static_execution - full,val_acc,-0.0004831552505493164,loss,,,,,,
paired_seed,Grocery,42,static_execution - full,val_acc,-0.0014641284942626953,loss,,,,,,
paired_seed,Grocery,43,static_execution - full,val_acc,0.0,tie,,,,,,
paired_seed,Grocery,44,static_execution - full,val_acc,-0.0026354193687438965,loss,,,,,,
paired_seed,ele-fashion,42,static_execution - full,val_acc,0.0012273788452148438,win,,,,,,
paired_seed,ele-fashion,43,static_execution - full,val_acc,0.0005114078521728516,win,,,,,,
paired_seed,ele-fashion,44,static_execution - full,val_acc,-0.0012273788452148438,loss,,,,,,
paired_seed,Reddit-S,42,static_execution - full,val_acc,0.0,tie,,,,,,
paired_seed,Reddit-S,43,static_execution - full,val_acc,-0.0003145933151245117,loss,,,,,,
paired_seed,Reddit-S,44,static_execution - full,val_acc,0.00031453371047973633,win,,,,,,
paired_seed,Movies,42,static_execution - full,val_macro_f1,0.010382986293707264,win,,,,,,
paired_seed,Movies,43,static_execution - full,val_macro_f1,0.016190584003221098,win,,,,,,
paired_seed,Movies,44,static_execution - full,val_macro_f1,0.008726891002058978,win,,,,,,
paired_seed,Toys,42,static_execution - full,val_macro_f1,0.00012970407205015189,win,,,,,,
paired_seed,Toys,43,static_execution - full,val_macro_f1,0.00589944381650076,win,,,,,,
paired_seed,Toys,44,static_execution - full,val_macro_f1,-0.0019445782878250162,loss,,,,,,
paired_seed,Grocery,42,static_execution - full,val_macro_f1,-0.0029938882478628415,loss,,,,,,
paired_seed,Grocery,43,static_execution - full,val_macro_f1,-0.01142693111552573,loss,,,,,,
paired_seed,Grocery,44,static_execution - full,val_macro_f1,-0.00563285412431902,loss,,,,,,
paired_seed,ele-fashion,42,static_execution - full,val_macro_f1,0.0028128100741101614,win,,,,,,
paired_seed,ele-fashion,43,static_execution - full,val_macro_f1,0.0033303998943921,win,,,,,,
paired_seed,ele-fashion,44,static_execution - full,val_macro_f1,0.0022998064497470327,win,,,,,,
paired_seed,Reddit-S,42,static_execution - full,val_macro_f1,0.0023231213679851814,win,,,,,,
paired_seed,Reddit-S,43,static_execution - full,val_macro_f1,-0.003877641907115703,loss,,,,,,
paired_seed,Reddit-S,44,static_execution - full,val_macro_f1,-0.002821503941351833,loss,,,,,,
paired_seed,Movies,42,static_execution - full,test_acc,-0.0044977664947509766,loss,,,,,,
paired_seed,Movies,43,static_execution - full,test_acc,0.0014992952346801758,win,,,,,,
paired_seed,Movies,44,static_execution - full,test_acc,-0.011994004249572754,loss,,,,,,
paired_seed,Toys,42,static_execution - full,test_acc,-0.002416074275970459,loss,,,,,,
paired_seed,Toys,43,static_execution - full,test_acc,0.003382444381713867,win,,,,,,
paired_seed,Toys,44,static_execution - full,test_acc,-0.0002416372299194336,loss,,,,,,
paired_seed,Grocery,42,static_execution - full,test_acc,0.0038067102432250977,win,,,,,,
paired_seed,Grocery,43,static_execution - full,test_acc,0.0073206424713134766,win,,,,,,
paired_seed,Grocery,44,static_execution - full,test_acc,-0.0026354193687438965,loss,,,,,,
paired_seed,ele-fashion,42,static_execution - full,test_acc,0.0012273788452148438,win,,,,,,
paired_seed,ele-fashion,43,static_execution - full,test_acc,0.0014319419860839844,win,,,,,,
paired_seed,ele-fashion,44,static_execution - full,test_acc,-0.0027617216110229492,loss,,,,,,
paired_seed,Reddit-S,42,static_execution - full,test_acc,0.0,tie,,,,,,
paired_seed,Reddit-S,43,static_execution - full,test_acc,-0.002831101417541504,loss,,,,,,
paired_seed,Reddit-S,44,static_execution - full,test_acc,0.002831101417541504,win,,,,,,
paired_seed,Movies,42,static_execution - full,test_macro_f1,0.013786737995806153,win,,,,,,
paired_seed,Movies,43,static_execution - full,test_macro_f1,0.017374083405438057,win,,,,,,
paired_seed,Movies,44,static_execution - full,test_macro_f1,-0.0097636788474611,loss,,,,,,
paired_seed,Toys,42,static_execution - full,test_macro_f1,-0.0022112046688682607,loss,,,,,,
paired_seed,Toys,43,static_execution - full,test_macro_f1,0.005901379317568178,win,,,,,,
paired_seed,Toys,44,static_execution - full,test_macro_f1,-0.001598353115685125,loss,,,,,,
paired_seed,Grocery,42,static_execution - full,test_macro_f1,-0.0040052825781287105,loss,,,,,,
paired_seed,Grocery,43,static_execution - full,test_macro_f1,0.009726484167715821,win,,,,,,
paired_seed,Grocery,44,static_execution - full,test_macro_f1,-0.016863860923728602,loss,,,,,,
paired_seed,ele-fashion,42,static_execution - full,test_macro_f1,0.003757373775172934,win,,,,,,
paired_seed,ele-fashion,43,static_execution - full,test_macro_f1,0.007035889426288633,win,,,,,,
paired_seed,ele-fashion,44,static_execution - full,test_macro_f1,-0.00639666317745613,loss,,,,,,
paired_seed,Reddit-S,42,static_execution - full,test_macro_f1,-0.00010739959272920707,loss,,,,,,
paired_seed,Reddit-S,43,static_execution - full,test_macro_f1,-0.0052473017248360065,loss,,,,,,
paired_seed,Reddit-S,44,static_execution - full,test_macro_f1,0.0032322743552645194,win,,,,,,
paired_seed,Movies,42,operator_off - full,val_acc,0.0,tie,,,,,,
paired_seed,Movies,43,operator_off - full,val_acc,-0.0005998611450195312,loss,,,,,,
paired_seed,Movies,44,operator_off - full,val_acc,-0.0014997124671936035,loss,,,,,,
paired_seed,Toys,42,operator_off - full,val_acc,0.0,tie,,,,,,
paired_seed,Toys,43,operator_off - full,val_acc,-0.0004832148551940918,loss,,,,,,
paired_seed,Toys,44,operator_off - full,val_acc,0.0,tie,,,,,,
paired_seed,Grocery,42,operator_off - full,val_acc,-0.004099547863006592,loss,,,,,,
paired_seed,Grocery,43,operator_off - full,val_acc,0.0005856752395629883,win,,,,,,
paired_seed,Grocery,44,operator_off - full,val_acc,0.000878453254699707,win,,,,,,
paired_seed,ele-fashion,42,operator_off - full,val_acc,-0.00010228157043457031,loss,,,,,,
paired_seed,ele-fashion,43,operator_off - full,val_acc,0.00010228157043457031,win,,,,,,
paired_seed,ele-fashion,44,operator_off - full,val_acc,0.0,tie,,,,,,
paired_seed,Reddit-S,42,operator_off - full,val_acc,0.0,tie,,,,,,
paired_seed,Reddit-S,43,operator_off - full,val_acc,0.0,tie,,,,,,
paired_seed,Reddit-S,44,operator_off - full,val_acc,0.00031453371047973633,win,,,,,,
paired_seed,Movies,42,operator_off - full,val_macro_f1,-0.0005558000548597786,loss,,,,,,
paired_seed,Movies,43,operator_off - full,val_macro_f1,-0.0006581123362980335,loss,,,,,,
paired_seed,Movies,44,operator_off - full,val_macro_f1,-0.007903305607343647,loss,,,,,,
paired_seed,Toys,42,operator_off - full,val_macro_f1,0.0,tie,,,,,,
paired_seed,Toys,43,operator_off - full,val_macro_f1,0.0002763087064081571,win,,,,,,
paired_seed,Toys,44,operator_off - full,val_macro_f1,0.0,tie,,,,,,
paired_seed,Grocery,42,operator_off - full,val_macro_f1,-0.004206552408919095,loss,,,,,,
paired_seed,Grocery,43,operator_off - full,val_macro_f1,-0.0007301997805642113,loss,,,,,,
paired_seed,Grocery,44,operator_off - full,val_macro_f1,0.0068908179695381655,win,,,,,,
paired_seed,ele-fashion,42,operator_off - full,val_macro_f1,-0.009554822754292647,loss,,,,,,
paired_seed,ele-fashion,43,operator_off - full,val_macro_f1,-0.0021576389454935896,loss,,,,,,
paired_seed,ele-fashion,44,operator_off - full,val_macro_f1,0.0032267992178334204,win,,,,,,
paired_seed,Reddit-S,42,operator_off - full,val_macro_f1,0.0,tie,,,,,,
paired_seed,Reddit-S,43,operator_off - full,val_macro_f1,0.0,tie,,,,,,
paired_seed,Reddit-S,44,operator_off - full,val_macro_f1,0.0007340154559271062,win,,,,,,
paired_seed,Movies,42,operator_off - full,test_acc,0.00029981136322021484,win,,,,,,
paired_seed,Movies,43,operator_off - full,test_acc,-0.00029981136322021484,loss,,,,,,
paired_seed,Movies,44,operator_off - full,test_acc,-0.011994004249572754,loss,,,,,,
paired_seed,Toys,42,operator_off - full,test_acc,0.0002415776252746582,win,,,,,,
paired_seed,Toys,43,operator_off - full,test_acc,0.00072479248046875,win,,,,,,
paired_seed,Toys,44,operator_off - full,test_acc,-0.0004832148551940918,loss,,,,,,
paired_seed,Grocery,42,operator_off - full,test_acc,0.011713027954101562,win,,,,,,
paired_seed,Grocery,43,operator_off - full,test_acc,0.004392385482788086,win,,,,,,
paired_seed,Grocery,44,operator_off - full,test_acc,0.003806769847869873,win,,,,,,
paired_seed,ele-fashion,42,operator_off - full,test_acc,-0.0009546875953674316,loss,,,,,,
paired_seed,ele-fashion,43,operator_off - full,test_acc,0.0011932849884033203,win,,,,,,
paired_seed,ele-fashion,44,operator_off - full,test_acc,-0.0010910630226135254,loss,,,,,,
paired_seed,Reddit-S,42,operator_off - full,test_acc,0.0,tie,,,,,,
paired_seed,Reddit-S,43,operator_off - full,test_acc,0.0,tie,,,,,,
paired_seed,Reddit-S,44,operator_off - full,test_acc,0.0003145933151245117,win,,,,,,
paired_seed,Movies,42,operator_off - full,test_macro_f1,9.207253301307672e-05,win,,,,,,
paired_seed,Movies,43,operator_off - full,test_macro_f1,-0.0005532770124707653,loss,,,,,,
paired_seed,Movies,44,operator_off - full,test_macro_f1,-0.01664832277167705,loss,,,,,,
paired_seed,Toys,42,operator_off - full,test_macro_f1,0.0002745465956039972,win,,,,,,
paired_seed,Toys,43,operator_off - full,test_macro_f1,0.0009417540980185546,win,,,,,,
paired_seed,Toys,44,operator_off - full,test_macro_f1,-0.0004410466653360645,loss,,,,,,
paired_seed,Grocery,42,operator_off - full,test_macro_f1,0.018842989488981,win,,,,,,
paired_seed,Grocery,43,operator_off - full,test_macro_f1,0.008428101601885452,win,,,,,,
paired_seed,Grocery,44,operator_off - full,test_macro_f1,-0.0021706721469159085,loss,,,,,,
paired_seed,ele-fashion,42,operator_off - full,test_macro_f1,-0.013432345031317405,loss,,,,,,
paired_seed,ele-fashion,43,operator_off - full,test_macro_f1,0.003914112487583221,win,,,,,,
paired_seed,ele-fashion,44,operator_off - full,test_macro_f1,-0.003180362759863109,loss,,,,,,
paired_seed,Reddit-S,42,operator_off - full,test_macro_f1,0.0,tie,,,,,,
paired_seed,Reddit-S,43,operator_off - full,test_macro_f1,0.0,tie,,,,,,
paired_seed,Reddit-S,44,operator_off - full,test_macro_f1,0.0005790820625157789,win,,,,,,
summary,Movies,,no_context - full,val_acc,,,9.999672571818034e-05,0.0021698198515207093,2,0,1,3
summary,Toys,,no_context - full,val_acc,,,-0.0010469357172648113,0.0011917969728775508,0,0,3,3
summary,Grocery,,no_context - full,val_acc,,,-0.004099547863006592,0.0010557831938648049,0,0,3,3
summary,ele-fashion,,no_context - full,val_acc,,,0.0013637542724609375,0.0018448525848016946,2,0,1,3
summary,Reddit-S,,no_context - full,val_acc,,,0.00031453371047973633,0.00175142622195736,1,1,1,3
summary,ALL_15_PAIRS,,no_context - full,val_acc,,,-0.0006736397743225097,0.002393962869194016,5,1,9,15
summary,Movies,,no_context - full,val_macro_f1,,,-0.0055806596228620275,0.016288183619560588,1,0,2,3
summary,Toys,,no_context - full,val_macro_f1,,,-0.00024647143763649,0.0030589585924608686,1,0,2,3
summary,Grocery,,no_context - full,val_macro_f1,,,-0.012591702975805696,0.014867224720774359,1,0,2,3
summary,ele-fashion,,no_context - full,val_macro_f1,,,0.004672954930332336,0.006436684370056082,3,0,0,3
summary,Reddit-S,,no_context - full,val_macro_f1,,,-0.002728909580137384,0.008657328033789751,1,0,2,3
summary,ALL_15_PAIRS,,no_context - full,val_macro_f1,,,-0.0032949577372218524,0.011078999332959449,7,0,8,15
summary,Movies,,no_context - full,test_acc,,,-0.002598702907562256,0.01334361465777014,1,0,2,3
summary,Toys,,no_context - full,test_acc,,,-0.00032212336858113605,0.0024200808564490517,1,0,2,3
summary,Grocery,,no_context - full,test_acc,,,0.004489978154500325,0.0056503292427963455,2,1,0,3
summary,ele-fashion,,no_context - full,test_acc,,,0.0004886587460835775,0.0010213324606227975,2,0,1,3
summary,Reddit-S,,no_context - full,test_acc,,,-0.0005242625872294108,0.0009610399225902203,1,0,2,3
summary,ALL_15_PAIRS,,no_context - full,test_acc,,,0.00030670960744222007,0.006075619838797454,7,1,7,15
summary,Movies,,no_context - full,test_macro_f1,,,-0.001607100008440887,0.013527130255665385,2,0,1,3
summary,Toys,,no_context - full,test_macro_f1,,,0.0006733986900549679,0.002653948951345362,2,0,1,3
summary,Grocery,,no_context - full,test_macro_f1,,,0.0015084801143232889,0.009564098971674902,2,0,1,3
summary,ele-fashion,,no_context - full,test_macro_f1,,,0.003477694518438971,0.005231777177816557,2,0,1,3
summary,Reddit-S,,no_context - full,test_macro_f1,,,-0.0019997660139842535,0.005286233407928539,1,0,2,3
summary,ALL_15_PAIRS,,no_context - full,test_macro_f1,,,0.0004105414600784174,0.007247246951940601,9,0,6,15
summary,Movies,,shared_relation - full,val_acc,,,0.0029994050661722818,0.0016699748689195108,3,0,0,3
summary,Toys,,shared_relation - full,val_acc,,,0.0001610716183980306,0.0030014860648008754,1,0,2,3
summary,Grocery,,shared_relation - full,val_acc,,,-0.0007808605829874674,0.0060035255567775555,1,0,2,3
summary,ele-fashion,,shared_relation - full,val_acc,,,0.002352476119995117,0.002593599262667875,2,0,1,3
summary,Reddit-S,,shared_relation - full,val_acc,,,0.0011533697446187337,0.0007264533151741623,3,0,0,3
summary,ALL_15_PAIRS,,shared_relation - full,val_acc,,,0.0011770923932393391,0.0031497784991066403,10,0,5,15
summary,Movies,,shared_relation - full,val_macro_f1,,,-0.010138080747788972,0.04377349930883865,1,0,2,3
summary,Toys,,shared_relation - full,val_macro_f1,,,0.007469311393542159,0.007760760400990072,3,0,0,3
summary,Grocery,,shared_relation - full,val_macro_f1,,,-0.010982563728444009,0.008310942983408665,0,0,3,3
summary,ele-fashion,,shared_relation - full,val_macro_f1,,,0.012707466302706213,0.007929867436933247,3,0,0,3
summary,Reddit-S,,shared_relation - full,val_macro_f1,,,0.0002985609782251523,0.010235156214869997,1,0,2,3
summary,ALL_15_PAIRS,,shared_relation - full,val_macro_f1,,,-0.0001290611603518917,0.02026281594158732,8,0,7,15
summary,Movies,,shared_relation - full,test_acc,,,-0.006896555423736572,0.012987327054779771,2,0,1,3
summary,Toys,,shared_relation - full,test_acc,,,0.004832088947296143,0.0027863243560347613,3,0,0,3
summary,Grocery,,shared_relation - full,test_acc,,,0.0052708784739176435,0.007355704030426514,3,0,0,3
summary,ele-fashion,,shared_relation - full,test_acc,,,0.0023070573806762695,0.0013867498332619601,3,0,0,3
summary,Reddit-S,,shared_relation - full,test_acc,,,0.00010486443837483724,0.0035075529066146303,1,0,2,3
summary,ALL_15_PAIRS,,shared_relation - full,test_acc,,,0.001123666763305664,0.007476991325889543,12,0,3,15
summary,Movies,,shared_relation - full,test_macro_f1,,,-0.015919510841787277,0.07288139427177867,2,0,1,3
summary,Toys,,shared_relation - full,test_macro_f1,,,0.0077453205649664625,0.0024077618549956325,3,0,0,3
summary,Grocery,,shared_relation - full,test_macro_f1,,,-0.008291154729502112,0.010114374802347195,1,0,2,3
summary,ele-fashion,,shared_relation - full,test_macro_f1,,,0.009221338108202989,0.00608654683046722,3,0,0,3
summary,Reddit-S,,shared_relation - full,test_macro_f1,,,0.001251684066679341,0.012767994160088468,1,0,2,3
summary,ALL_15_PAIRS,,shared_relation - full,test_macro_f1,,,-0.0011984645662881193,0.030029120751214947,10,0,5,15
summary,Movies,,static_execution - full,val_acc,,,-0.0014996727307637532,0.0008998215200161947,0,0,3,3
summary,Toys,,static_execution - full,val_acc,,,0.0004832347234090169,0.0009663999082189724,2,0,1,3
summary,Grocery,,static_execution - full,val_acc,,,-0.0013665159543355305,0.001320418482243752,0,1,2,3
summary,ele-fashion,,static_execution - full,val_acc,,,0.0001704692840576172,0.0012623938213181627,2,0,1,3
summary,Reddit-S,,static_execution - full,val_acc,,,-1.9868214925130207e-08,0.0003145635132727118,1,1,1,3
summary,ALL_15_PAIRS,,static_execution - full,val_acc,,,-0.000442500909169515,0.001211821979208326,5,2,8,15
summary,Movies,,static_execution - full,val_macro_f1,,,0.01176682043299578,0.003919556862413708,3,0,0,3
summary,Toys,,static_execution - full,val_macro_f1,,,0.0013615232002419653,0.004064505439376638,2,0,1,3
summary,Grocery,,static_execution - full,val_macro_f1,,,-0.006684557829235864,0.004313770220371251,0,0,3,3
summary,ele-fashion,,static_execution - full,val_macro_f1,,,0.002814338806083098,0.0005152984230544763,3,0,0,3
summary,Reddit-S,,static_execution - full,val_macro_f1,,,-0.0014586748268274514,0.0033174302848750937,1,0,2,3
summary,ALL_15_PAIRS,,static_execution - full,val_macro_f1,,,0.0015598899566515057,0.006929009727845392,9,0,6,15
summary,Movies,,static_execution - full,test_acc,,,-0.0049974918365478516,0.0067605160162417036,1,0,2,3
summary,Toys,,static_execution - full,test_acc,,,0.0002415776252746582,0.0029293048839423483,1,0,2,3
summary,Grocery,,static_execution - full,test_acc,,,0.002830644448598226,0.005049289075438452,2,0,1,3
summary,ele-fashion,,static_execution - full,test_acc,,,-3.4133593241373696e-05,0.002364373873927256,2,0,1,3
summary,Reddit-S,,static_execution - full,test_acc,,,0.0,0.002831101417541504,1,1,1,3
summary,ALL_15_PAIRS,,static_execution - full,test_acc,,,-0.00039188067118326825,0.004500870406741957,7,1,7,15
summary,Movies,,static_execution - full,test_macro_f1,,,0.007132380851261037,0.014741943114090779,2,0,1,3
summary,Toys,,static_execution - full,test_macro_f1,,,0.0006972738443382642,0.004517292561804682,1,0,2,3
summary,Grocery,,static_execution - full,test_macro_f1,,,-0.003714219778047164,0.01329756185117103,1,0,2,3
summary,ele-fashion,,static_execution - full,test_macro_f1,,,0.0014655333413351457,0.007003411082731249,2,0,1,3
summary,Reddit-S,,static_execution - full,test_macro_f1,,,-0.0007074756541002314,0.004271518592272094,1,0,2,3
summary,ALL_15_PAIRS,,static_execution - full,test_macro_f1,,,0.0009746985209574103,0.009074497290413768,7,0,8,15
summary,Movies,,operator_off - full,val_acc,,,-0.0006998578707377116,0.0007548403009443449,0,1,2,3
summary,Toys,,operator_off - full,val_acc,,,-0.0001610716183980306,0.00027898422672273496,0,2,1,3
summary,Grocery,,operator_off - full,val_acc,,,-0.0008784731229146322,0.002793371010532026,2,0,1,3
summary,ele-fashion,,operator_off - full,val_acc,,,0.0,0.00010228157043457031,1,1,1,3
summary,Reddit-S,,operator_off - full,val_acc,,,0.00010484457015991211,0.00018159612241468759,1,2,0,3
summary,ALL_15_PAIRS,,operator_off - full,val_acc,,,-0.00032691160837809247,0.001173524674425477,4,6,5,15
summary,Movies,,operator_off - full,val_macro_f1,,,-0.003039072666167153,0.004212859899195933,0,0,3,3
summary,Toys,,operator_off - full,val_macro_f1,,,9.210290213605236e-05,0.00015952690602418675,1,2,0,3
summary,Grocery,,operator_off - full,val_macro_f1,,,0.0006513552600182863,0.0056762159998351314,1,0,2,3
summary,ele-fashion,,operator_off - full,val_macro_f1,,,-0.002828554160650939,0.006417169195138242,1,0,2,3
summary,Reddit-S,,operator_off - full,val_macro_f1,,,0.0002446718186423687,0.0004237840210688606,1,2,0,3
summary,ALL_15_PAIRS,,operator_off - full,val_macro_f1,,,-0.0009758993692042769,0.0039785821293064705,4,4,7,15
summary,Movies,,operator_off - full,test_acc,,,-0.003998001416524251,0.006931228811192553,1,0,2,3
summary,Toys,,operator_off - full,test_acc,,,0.00016105175018310547,0.0006080162359454348,2,0,1,3
summary,Grocery,,operator_off - full,test_acc,,,0.006637394428253174,0.004405369244967132,3,0,0,3
summary,ele-fashion,,operator_off - full,test_acc,,,-0.0002841552098592122,0.0012813164007655026,1,0,2,3
summary,Reddit-S,,operator_off - full,test_acc,,,0.00010486443837483724,0.0001816305351723936,1,2,0,3
summary,ALL_15_PAIRS,,operator_off - full,test_acc,,,0.0005242307980855306,0.004745939158037367,8,2,5,15
summary,Movies,,operator_off - full,test_macro_f1,,,-0.005703175750378246,0.00948426599676267,1,0,2,3
summary,Toys,,operator_off - full,test_macro_f1,,,0.0002584180094288291,0.0006915414566405521,2,0,1,3
summary,Grocery,,operator_off - full,test_macro_f1,,,0.00836680631465018,0.010506964912436384,2,0,1,3
summary,ele-fashion,,operator_off - full,test_macro_f1,,,-0.004232865101199097,0.008720992947918506,1,0,2,3
summary,Reddit-S,,operator_off - full,test_macro_f1,,,0.0001930273541719263,0.0003343331846763686,1,2,0,3
summary,ALL_15_PAIRS,,operator_off - full,test_macro_f1,,,-0.00022355783466528149,0.00808388852283934,7,2,6,15
