dataset,seed,variant,mode,status,gpu,protocol_version,task_evaluate_test,best_epoch,val_acc,val_macro_f1,test_acc,test_macro_f1,active_parameters,total_parameters,epochs_observed,wall_seconds,epoch_time_mean,peak_gpu_memory_mb,checkpoint,hydra_dir
Grocery,42,full,full,complete,0,unified_full_graph_nc_v1,True,92,0.8360175490379333,0.7752489990867737,0.8187408447265625,0.7387708623737416,998548,998548,122,107.81087605212815,0.8836957053453127,7777,/hdd1/DataInHere/YHF/new1/outputs/final_nc/checkpoints/Grocery/full/seed42.pt,/hdd1/DataInHere/YHF/new1/outputs/final_nc/logs/Grocery/full/seed42/hydra
Grocery,43,full,full,complete,1,unified_full_graph_nc_v1,True,109,0.833089292049408,0.7526179280194847,0.8105417490005493,0.7248568072710146,998548,998548,139,127.11585959000513,0.9145025869784542,7777,/hdd1/DataInHere/YHF/new1/outputs/final_nc/checkpoints/Grocery/full/seed43.pt,/hdd1/DataInHere/YHF/new1/outputs/final_nc/logs/Grocery/full/seed43/hydra
Grocery,44,full,full,complete,0,unified_full_graph_nc_v1,True,119,0.833674967288971,0.7507030821953709,0.8225475549697876,0.7544701005418407,998548,998548,149,131.1750204099808,0.8803692644965153,7777,/hdd1/DataInHere/YHF/new1/outputs/final_nc/checkpoints/Grocery/full/seed44.pt,/hdd1/DataInHere/YHF/new1/outputs/final_nc/logs/Grocery/full/seed44/hydra
Grocery,42,no_context,full,complete,1,unified_full_graph_nc_v1,True,108,0.831039547920227,0.7754095903700721,0.8213762640953064,0.7468167894895286,998548,998548,138,125.07162756193429,0.906316141753147,7633,/hdd1/DataInHere/YHF/new1/outputs/final_nc/checkpoints/Grocery/no_context/seed42.pt,/hdd1/DataInHere/YHF/new1/outputs/final_nc/logs/Grocery/no_context/seed42/hydra
Grocery,43,no_context,full,complete,0,unified_full_graph_nc_v1,True,72,0.8301610350608826,0.7436033996835123,0.8213762640953064,0.7308048924432031,998548,998548,102,90.50016649998724,0.8872565343136004,7633,/hdd1/DataInHere/YHF/new1/outputs/final_nc/checkpoints/Grocery/no_context/seed43.pt,/hdd1/DataInHere/YHF/new1/outputs/final_nc/logs/Grocery/no_context/seed43/hydra
Grocery,44,no_context,full,complete,1,unified_full_graph_nc_v1,True,61,0.8292825818061829,0.7217819103206278,0.8225475549697876,0.7450015285968351,998548,998548,91,84.39985002414323,0.9274708793861893,7633,/hdd1/DataInHere/YHF/new1/outputs/final_nc/checkpoints/Grocery/no_context/seed44.pt,/hdd1/DataInHere/YHF/new1/outputs/final_nc/logs/Grocery/no_context/seed44/hydra
Grocery,42,operator_off,full,complete,0,unified_full_graph_nc_v1,True,123,0.8319180011749268,0.7710424466778546,0.8304538726806641,0.7576138518627226,795412,998548,153,134.2690587399993,0.8775755473202569,8076,/hdd1/DataInHere/YHF/new1/outputs/final_nc/checkpoints/Grocery/operator_off/seed42.pt,/hdd1/DataInHere/YHF/new1/outputs/final_nc/logs/Grocery/operator_off/seed42/hydra
Grocery,43,operator_off,full,complete,1,unified_full_graph_nc_v1,True,90,0.833674967288971,0.7518877282389205,0.8149341344833374,0.7332849088729001,795412,998548,120,109.83688225806691,0.9153073521505576,7777,/hdd1/DataInHere/YHF/new1/outputs/final_nc/checkpoints/Grocery/operator_off/seed43.pt,/hdd1/DataInHere/YHF/new1/outputs/final_nc/logs/Grocery/operator_off/seed43/hydra
Grocery,44,operator_off,full,complete,0,unified_full_graph_nc_v1,True,102,0.8345534205436707,0.757593900164909,0.8263543248176575,0.7522994283949248,795412,998548,132,116.89441629103385,0.8855637597805595,7777,/hdd1/DataInHere/YHF/new1/outputs/final_nc/checkpoints/Grocery/operator_off/seed44.pt,/hdd1/DataInHere/YHF/new1/outputs/final_nc/logs/Grocery/operator_off/seed44/hydra
Grocery,42,shared_relation,full,complete,0,unified_full_graph_nc_v1,True,104,0.8316251635551453,0.7579279041654126,0.8325036764144897,0.7400411026310807,890388,998676,134,70.1595889988821,0.5235790223797172,5611,/hdd1/DataInHere/YHF/new1/outputs/final_nc/checkpoints/Grocery/shared_relation/seed42.pt,/hdd1/DataInHere/YHF/new1/outputs/final_nc/logs/Grocery/shared_relation/seed42/hydra
Grocery,43,shared_relation,full,complete,1,unified_full_graph_nc_v1,True,80,0.8392386436462402,0.7510447452719118,0.8117130398750305,0.7175931709593302,890388,998676,110,62.01266706199385,0.5637515187453986,5611,/hdd1/DataInHere/YHF/new1/outputs/final_nc/checkpoints/Grocery/shared_relation/seed43.pt,/hdd1/DataInHere/YHF/new1/outputs/final_nc/logs/Grocery/shared_relation/seed43/hydra
Grocery,44,shared_relation,full,complete,0,unified_full_graph_nc_v1,True,78,0.8295754194259644,0.7366496686789729,0.8234260678291321,0.7355900324076797,890388,998676,108,57.960206819931045,0.5366685816660282,5611,/hdd1/DataInHere/YHF/new1/outputs/final_nc/checkpoints/Grocery/shared_relation/seed44.pt,/hdd1/DataInHere/YHF/new1/outputs/final_nc/logs/Grocery/shared_relation/seed44/hydra
Grocery,42,static_execution,full,complete,1,unified_full_graph_nc_v1,True,84,0.8345534205436707,0.7722551108389109,0.8225475549697876,0.7347655797956129,973972,998548,114,100.65991747495718,0.8829817322364665,6893,/hdd1/DataInHere/YHF/new1/outputs/final_nc/checkpoints/Grocery/static_execution/seed42.pt,/hdd1/DataInHere/YHF/new1/outputs/final_nc/logs/Grocery/static_execution/seed42/hydra
Grocery,43,static_execution,full,complete,0,unified_full_graph_nc_v1,True,71,0.833089292049408,0.741190996903959,0.8178623914718628,0.7345832914387305,973972,998548,101,86.45561433513649,0.8559961815360049,6893,/hdd1/DataInHere/YHF/new1/outputs/final_nc/checkpoints/Grocery/static_execution/seed43.pt,/hdd1/DataInHere/YHF/new1/outputs/final_nc/logs/Grocery/static_execution/seed43/hydra
Grocery,44,static_execution,full,complete,1,unified_full_graph_nc_v1,True,75,0.831039547920227,0.7450702280710518,0.8199121356010437,0.7376062396181121,973972,998548,105,92.54025845788419,0.8813357948369923,6893,/hdd1/DataInHere/YHF/new1/outputs/final_nc/checkpoints/Grocery/static_execution/seed44.pt,/hdd1/DataInHere/YHF/new1/outputs/final_nc/logs/Grocery/static_execution/seed44/hydra
Movies,42,full,full,complete,0,unified_full_graph_nc_v1,True,75,0.5554888844490051,0.46493812360644304,0.5469265580177307,0.4659641961084455,998548,998548,105,151.4788987271022,1.4426561783533542,8593,/hdd1/DataInHere/YHF/new1/outputs/final_nc/checkpoints/Movies/full/seed42.pt,/hdd1/DataInHere/YHF/new1/outputs/final_nc/logs/Movies/full/seed42/hydra
Movies,43,full,full,complete,1,unified_full_graph_nc_v1,True,59,0.5551889538764954,0.4562933110967767,0.5565217137336731,0.4643746383936483,998548,998548,89,106.45011276006699,1.1960686826973819,8593,/hdd1/DataInHere/YHF/new1/outputs/final_nc/checkpoints/Movies/full/seed43.pt,/hdd1/DataInHere/YHF/new1/outputs/final_nc/logs/Movies/full/seed43/hydra
Movies,44,full,full,complete,0,unified_full_graph_nc_v1,True,52,0.564487099647522,0.46404930346938744,0.5520240068435669,0.4471535147419875,998548,998548,82,82.38900240603834,1.0047439317809554,8593,/hdd1/DataInHere/YHF/new1/outputs/final_nc/checkpoints/Movies/full/seed44.pt,/hdd1/DataInHere/YHF/new1/outputs/final_nc/logs/Movies/full/seed44/hydra
Movies,42,no_context,full,complete,1,unified_full_graph_nc_v1,True,50,0.5530893802642822,0.442110880551568,0.5577211380004883,0.4763320095049628,998548,998548,80,122.42517932201736,1.530314741525217,8425,/hdd1/DataInHere/YHF/new1/outputs/final_nc/checkpoints/Movies/no_context/seed42.pt,/hdd1/DataInHere/YHF/new1/outputs/final_nc/logs/Movies/no_context/seed42/hydra
Movies,43,no_context,full,complete,0,unified_full_graph_nc_v1,True,54,0.556688666343689,0.46583374632378743,0.5538231134414673,0.4654653761314821,998548,998548,84,99.31480357912369,1.182319090227663,10645,/hdd1/DataInHere/YHF/new1/outputs/final_nc/checkpoints/Movies/no_context/seed43.pt,/hdd1/DataInHere/YHF/new1/outputs/final_nc/logs/Movies/no_context/seed43/hydra
Movies,44,no_context,full,complete,1,unified_full_graph_nc_v1,True,44,0.5656868815422058,0.46059413242866565,0.5361319184303284,0.43087366358231377,998548,998548,74,76.26180257322267,1.0305648996381442,8425,/hdd1/DataInHere/YHF/new1/outputs/final_nc/checkpoints/Movies/no_context/seed44.pt,/hdd1/DataInHere/YHF/new1/outputs/final_nc/logs/Movies/no_context/seed44/hydra
Movies,42,operator_off,full,complete,0,unified_full_graph_nc_v1,True,75,0.5554888844490051,0.46438232355158326,0.5472263693809509,0.4660562686414586,795412,998548,105,125.2295253018383,1.1926621457317932,8593,/hdd1/DataInHere/YHF/new1/outputs/final_nc/checkpoints/Movies/operator_off/seed42.pt,/hdd1/DataInHere/YHF/new1/outputs/final_nc/logs/Movies/operator_off/seed42/hydra
Movies,43,operator_off,full,complete,1,unified_full_graph_nc_v1,True,59,0.5545890927314758,0.45563519876047864,0.5562219023704529,0.4638213613811775,795412,998548,89,97.91998947993852,1.1002246008981857,8593,/hdd1/DataInHere/YHF/new1/outputs/final_nc/checkpoints/Movies/operator_off/seed43.pt,/hdd1/DataInHere/YHF/new1/outputs/final_nc/logs/Movies/operator_off/seed43/hydra
Movies,44,operator_off,full,complete,0,unified_full_graph_nc_v1,True,42,0.5629873871803284,0.4561459978620438,0.5400300025939941,0.43050519197031045,795412,998548,72,73.23141720402054,1.0171030167225075,8593,/hdd1/DataInHere/YHF/new1/outputs/final_nc/checkpoints/Movies/operator_off/seed44.pt,/hdd1/DataInHere/YHF/new1/outputs/final_nc/logs/Movies/operator_off/seed44/hydra
Movies,42,shared_relation,full,complete,0,unified_full_graph_nc_v1,True,69,0.5587882399559021,0.4627713233974937,0.5478261113166809,0.4765950752502996,890388,998676,99,93.0300138220191,0.9396971093133243,6131,/hdd1/DataInHere/YHF/new1/outputs/final_nc/checkpoints/Movies/shared_relation/seed42.pt,/hdd1/DataInHere/YHF/new1/outputs/final_nc/logs/Movies/shared_relation/seed42/hydra
Movies,43,shared_relation,full,complete,1,unified_full_graph_nc_v1,True,32,0.5563887357711792,0.3989438656013219,0.534632682800293,0.36602065823774954,890388,998676,62,49.14495838992298,0.7926606191923061,6131,/hdd1/DataInHere/YHF/new1/outputs/final_nc/checkpoints/Movies/shared_relation/seed43.pt,/hdd1/DataInHere/YHF/new1/outputs/final_nc/logs/Movies/shared_relation/seed43/hydra
Movies,44,shared_relation,full,complete,0,unified_full_graph_nc_v1,True,60,0.568986177444458,0.49315130693042464,0.5523238182067871,0.48711808323067035,890388,998676,90,53.90634059510194,0.598959339945577,6131,/hdd1/DataInHere/YHF/new1/outputs/final_nc/checkpoints/Movies/shared_relation/seed44.pt,/hdd1/DataInHere/YHF/new1/outputs/final_nc/logs/Movies/shared_relation/seed44/hydra
Movies,42,static_execution,full,complete,1,unified_full_graph_nc_v1,True,76,0.5539892315864563,0.4753211099001503,0.5424287915229797,0.4797509341042517,973972,998548,106,138.66423446289264,1.3081531553103078,7593,/hdd1/DataInHere/YHF/new1/outputs/final_nc/checkpoints/Movies/static_execution/seed42.pt,/hdd1/DataInHere/YHF/new1/outputs/final_nc/logs/Movies/static_execution/seed42/hydra
Movies,43,static_execution,full,complete,0,unified_full_graph_nc_v1,True,62,0.5545890927314758,0.4724838950999978,0.5580210089683533,0.48174872179908634,973972,998548,92,89.54738774779253,0.9733411711716579,7593,/hdd1/DataInHere/YHF/new1/outputs/final_nc/checkpoints/Movies/static_execution/seed43.pt,/hdd1/DataInHere/YHF/new1/outputs/final_nc/logs/Movies/static_execution/seed43/hydra
Movies,44,static_execution,full,complete,1,unified_full_graph_nc_v1,True,46,0.5620875954627991,0.4727761944714464,0.5400300025939941,0.4373898358945264,973972,998548,76,75.26060660299845,0.9902711395131375,7593,/hdd1/DataInHere/YHF/new1/outputs/final_nc/checkpoints/Movies/static_execution/seed44.pt,/hdd1/DataInHere/YHF/new1/outputs/final_nc/logs/Movies/static_execution/seed44/hydra
Reddit-S,42,full,full,complete,0,unified_full_graph_nc_v1,True,44,0.9619377255439758,0.919965839283417,0.9597357511520386,0.9085732586673094,998548,998548,74,126.08614752814174,1.7038668584884018,13245,/hdd1/DataInHere/YHF/new1/outputs/final_nc/checkpoints/Reddit-S/full/seed42.pt,/hdd1/DataInHere/YHF/new1/outputs/final_nc/logs/Reddit-S/full/seed42/hydra
Reddit-S,43,full,full,complete,1,unified_full_graph_nc_v1,True,75,0.9666562080383301,0.9278151779727724,0.9710600972175598,0.936711713617248,998548,998548,105,178.92365773790516,1.7040348355990969,13245,/hdd1/DataInHere/YHF/new1/outputs/final_nc/checkpoints/Reddit-S/full/seed43.pt,/hdd1/DataInHere/YHF/new1/outputs/final_nc/logs/Reddit-S/full/seed43/hydra
Reddit-S,44,full,full,complete,0,unified_full_graph_nc_v1,True,64,0.9666562080383301,0.9323510912817164,0.9675998687744141,0.9305798780723287,998548,998548,94,158.58413523389027,1.687065268445641,13245,/hdd1/DataInHere/YHF/new1/outputs/final_nc/checkpoints/Reddit-S/full/seed44.pt,/hdd1/DataInHere/YHF/new1/outputs/final_nc/logs/Reddit-S/full/seed44/hydra
Reddit-S,42,no_context,full,complete,1,unified_full_graph_nc_v1,True,43,0.9641396403312683,0.9262731007664566,0.9600503444671631,0.9121452427693708,998548,998548,73,125.1090293659363,1.7138223200813192,12957,/hdd1/DataInHere/YHF/new1/outputs/final_nc/checkpoints/Reddit-S/no_context/seed42.pt,/hdd1/DataInHere/YHF/new1/outputs/final_nc/logs/Reddit-S/no_context/seed42/hydra
Reddit-S,43,no_context,full,complete,0,unified_full_graph_nc_v1,True,84,0.9666562080383301,0.9242708897185217,0.9694872498512268,0.9340849991596396,998548,998548,114,190.12383099109866,1.66775290343069,12957,/hdd1/DataInHere/YHF/new1/outputs/final_nc/checkpoints/Reddit-S/no_context/seed43.pt,/hdd1/DataInHere/YHF/new1/outputs/final_nc/logs/Reddit-S/no_context/seed43/hydra
Reddit-S,44,no_context,full,complete,1,unified_full_graph_nc_v1,True,108,0.9653978943824768,0.9214013893125154,0.9672853350639343,0.923635310385923,998548,998548,138,231.871075555915,1.6802251851877898,12957,/hdd1/DataInHere/YHF/new1/outputs/final_nc/checkpoints/Reddit-S/no_context/seed44.pt,/hdd1/DataInHere/YHF/new1/outputs/final_nc/logs/Reddit-S/no_context/seed44/hydra
Reddit-S,42,operator_off,full,complete,0,unified_full_graph_nc_v1,True,44,0.9619377255439758,0.919965839283417,0.9597357511520386,0.9085732586673094,795412,998548,74,126.09462707210332,1.7039814469203152,13245,/hdd1/DataInHere/YHF/new1/outputs/final_nc/checkpoints/Reddit-S/operator_off/seed42.pt,/hdd1/DataInHere/YHF/new1/outputs/final_nc/logs/Reddit-S/operator_off/seed42/hydra
Reddit-S,43,operator_off,full,complete,1,unified_full_graph_nc_v1,True,75,0.9666562080383301,0.9278151779727724,0.9710600972175598,0.936711713617248,795412,998548,105,178.92148765106685,1.7040141681053986,13245,/hdd1/DataInHere/YHF/new1/outputs/final_nc/checkpoints/Reddit-S/operator_off/seed43.pt,/hdd1/DataInHere/YHF/new1/outputs/final_nc/logs/Reddit-S/operator_off/seed43/hydra
Reddit-S,44,operator_off,full,complete,0,unified_full_graph_nc_v1,True,64,0.9669707417488098,0.9330851067376436,0.9679144620895386,0.9311589601348444,795412,998548,94,158.61350229009986,1.6873776839372325,13245,/hdd1/DataInHere/YHF/new1/outputs/final_nc/checkpoints/Reddit-S/operator_off/seed44.pt,/hdd1/DataInHere/YHF/new1/outputs/final_nc/logs/Reddit-S/operator_off/seed44/hydra
Reddit-S,42,shared_relation,full,complete,0,unified_full_graph_nc_v1,True,65,0.9635105133056641,0.932082121525697,0.9638251066207886,0.9245596618348888,890388,998676,95,92.52794546005316,0.9739783732637175,8899,/hdd1/DataInHere/YHF/new1/outputs/final_nc/checkpoints/Reddit-S/shared_relation/seed42.pt,/hdd1/DataInHere/YHF/new1/outputs/final_nc/logs/Reddit-S/shared_relation/seed42/hydra
Reddit-S,43,shared_relation,full,complete,1,unified_full_graph_nc_v1,True,84,0.9682289958000183,0.9220843758848817,0.9685435891151428,0.9310292986039013,890388,998676,114,111.8431436070241,0.9810802070791588,8899,/hdd1/DataInHere/YHF/new1/outputs/final_nc/checkpoints/Reddit-S/shared_relation/seed43.pt,/hdd1/DataInHere/YHF/new1/outputs/final_nc/logs/Reddit-S/shared_relation/seed43/hydra
Reddit-S,44,shared_relation,full,complete,0,unified_full_graph_nc_v1,True,59,0.9669707417488098,0.9268612940620026,0.9663416147232056,0.9240309421181341,890388,998676,89,86.4223934658803,0.9710381288301158,8899,/hdd1/DataInHere/YHF/new1/outputs/final_nc/checkpoints/Reddit-S/shared_relation/seed44.pt,/hdd1/DataInHere/YHF/new1/outputs/final_nc/logs/Reddit-S/shared_relation/seed44/hydra
Reddit-S,42,static_execution,full,complete,1,unified_full_graph_nc_v1,True,44,0.9619377255439758,0.9222889606514022,0.9597357511520386,0.9084658590745802,973972,998548,74,122.0348080128897,1.6491190272012122,11449,/hdd1/DataInHere/YHF/new1/outputs/final_nc/checkpoints/Reddit-S/static_execution/seed42.pt,/hdd1/DataInHere/YHF/new1/outputs/final_nc/logs/Reddit-S/static_execution/seed42/hydra
Reddit-S,43,static_execution,full,complete,0,unified_full_graph_nc_v1,True,53,0.9663416147232056,0.9239375360656567,0.9682289958000183,0.931464411892412,973972,998548,83,134.21826387778856,1.6170875165998622,11449,/hdd1/DataInHere/YHF/new1/outputs/final_nc/checkpoints/Reddit-S/static_execution/seed43.pt,/hdd1/DataInHere/YHF/new1/outputs/final_nc/logs/Reddit-S/static_execution/seed43/hydra
Reddit-S,44,static_execution,full,complete,1,unified_full_graph_nc_v1,True,57,0.9669707417488098,0.9295295873403646,0.9704309701919556,0.9338121524275932,973972,998548,87,141.3005585570354,1.624144351230292,11449,/hdd1/DataInHere/YHF/new1/outputs/final_nc/checkpoints/Reddit-S/static_execution/seed44.pt,/hdd1/DataInHere/YHF/new1/outputs/final_nc/logs/Reddit-S/static_execution/seed44/hydra
Toys,42,full,full,complete,1,unified_full_graph_nc_v1,True,50,0.8004348874092102,0.7688266047105654,0.7943947911262512,0.7614666361856213,998034,998034,80,63.03744729515165,0.7879680911893956,6907,/hdd1/DataInHere/YHF/new1/outputs/final_nc/checkpoints/Toys/full/seed42.pt,/hdd1/DataInHere/YHF/new1/outputs/final_nc/logs/Toys/full/seed42/hydra
Toys,43,full,full,complete,0,unified_full_graph_nc_v1,True,55,0.799468457698822,0.7716647992544392,0.7977772355079651,0.7659191557285872,998034,998034,85,64.05945847090334,0.7536406878929804,6907,/hdd1/DataInHere/YHF/new1/outputs/final_nc/checkpoints/Toys/full/seed43.pt,/hdd1/DataInHere/YHF/new1/outputs/final_nc/logs/Toys/full/seed43/hydra
Toys,44,full,full,complete,1,unified_full_graph_nc_v1,True,46,0.7963275909423828,0.7611184794051858,0.7992268800735474,0.7697078729163818,998034,998034,76,60.010893556056544,0.7896170204744282,6907,/hdd1/DataInHere/YHF/new1/outputs/final_nc/checkpoints/Toys/full/seed44.pt,/hdd1/DataInHere/YHF/new1/outputs/final_nc/logs/Toys/full/seed44/hydra
Toys,42,no_context,full,complete,0,unified_full_graph_nc_v1,True,46,0.7999516725540161,0.7666170833382935,0.7922203540802002,0.7593961305934664,998034,998034,76,57.967458706116304,0.7627297198173197,6799,/hdd1/DataInHere/YHF/new1/outputs/final_nc/checkpoints/Toys/no_context/seed42.pt,/hdd1/DataInHere/YHF/new1/outputs/final_nc/logs/Toys/no_context/seed42/hydra
Toys,43,no_context,full,complete,1,unified_full_graph_nc_v1,True,61,0.7970524430274963,0.7698568125001324,0.8001933097839355,0.7667826914287302,998034,998034,91,71.19126608711667,0.7823216053529305,6799,/hdd1/DataInHere/YHF/new1/outputs/final_nc/checkpoints/Toys/no_context/seed43.pt,/hdd1/DataInHere/YHF/new1/outputs/final_nc/logs/Toys/no_context/seed43/hydra
Toys,44,no_context,full,complete,0,unified_full_graph_nc_v1,True,47,0.7960860133171082,0.7643965732188551,0.7980188727378845,0.7729350388785584,998034,998034,77,57.978801164077595,0.7529714436893195,6799,/hdd1/DataInHere/YHF/new1/outputs/final_nc/checkpoints/Toys/no_context/seed44.pt,/hdd1/DataInHere/YHF/new1/outputs/final_nc/logs/Toys/no_context/seed44/hydra
Toys,42,operator_off,full,complete,1,unified_full_graph_nc_v1,True,50,0.8004348874092102,0.7688266047105654,0.7946363687515259,0.7617411827812253,794898,998034,80,63.052890464197844,0.7881611308024731,6907,/hdd1/DataInHere/YHF/new1/outputs/final_nc/checkpoints/Toys/operator_off/seed42.pt,/hdd1/DataInHere/YHF/new1/outputs/final_nc/logs/Toys/operator_off/seed42/hydra
Toys,43,operator_off,full,complete,0,unified_full_graph_nc_v1,True,55,0.7989852428436279,0.7719411079608474,0.7985020279884338,0.7668609098266057,794898,998034,85,64.0834606711287,0.7539230667191612,6907,/hdd1/DataInHere/YHF/new1/outputs/final_nc/checkpoints/Toys/operator_off/seed43.pt,/hdd1/DataInHere/YHF/new1/outputs/final_nc/logs/Toys/operator_off/seed43/hydra
Toys,44,operator_off,full,complete,1,unified_full_graph_nc_v1,True,46,0.7963275909423828,0.7611184794051858,0.7987436652183533,0.7692668262510457,794898,998034,76,59.97720156190917,0.7891737047619628,6907,/hdd1/DataInHere/YHF/new1/outputs/final_nc/checkpoints/Toys/operator_off/seed44.pt,/hdd1/DataInHere/YHF/new1/outputs/final_nc/logs/Toys/operator_off/seed44/hydra
Toys,42,shared_relation,full,complete,1,unified_full_graph_nc_v1,True,74,0.7989852428436279,0.7713279668750977,0.8001933097839355,0.7694595799033985,889874,998162,104,51.8705426491797,0.498755217780574,5141,/hdd1/DataInHere/YHF/new1/outputs/final_nc/checkpoints/Toys/shared_relation/seed42.pt,/hdd1/DataInHere/YHF/new1/outputs/final_nc/logs/Toys/shared_relation/seed42/hydra
Toys,43,shared_relation,full,complete,0,unified_full_graph_nc_v1,True,66,0.7977772355079651,0.7751590596126641,0.8047837615013123,0.7711424718076816,889874,998162,96,44.74667981220409,0.4661112480437926,5143,/hdd1/DataInHere/YHF/new1/outputs/final_nc/checkpoints/Toys/shared_relation/seed43.pt,/hdd1/DataInHere/YHF/new1/outputs/final_nc/logs/Toys/shared_relation/seed43/hydra
Toys,44,shared_relation,full,complete,1,unified_full_graph_nc_v1,True,62,0.7999516725540161,0.7775307910630551,0.8009181022644043,0.7797275748144095,889874,998162,92,45.781206717016175,0.49762181214148016,5141,/hdd1/DataInHere/YHF/new1/outputs/final_nc/checkpoints/Toys/shared_relation/seed44.pt,/hdd1/DataInHere/YHF/new1/outputs/final_nc/logs/Toys/shared_relation/seed44/hydra
Toys,42,static_execution,full,complete,0,unified_full_graph_nc_v1,True,47,0.8018845319747925,0.7689563087826156,0.7919787168502808,0.759255431516753,973458,998034,77,55.933588040061295,0.7264102342865103,6203,/hdd1/DataInHere/YHF/new1/outputs/final_nc/checkpoints/Toys/static_execution/seed42.pt,/hdd1/DataInHere/YHF/new1/outputs/final_nc/logs/Toys/static_execution/seed42/hydra
Toys,43,static_execution,full,complete,1,unified_full_graph_nc_v1,True,59,0.7999516725540161,0.77756424307094,0.801159679889679,0.7718205350461553,973458,998034,89,67.08633062290028,0.7537789957629245,6203,/hdd1/DataInHere/YHF/new1/outputs/final_nc/checkpoints/Toys/static_execution/seed43.pt,/hdd1/DataInHere/YHF/new1/outputs/final_nc/logs/Toys/static_execution/seed43/hydra
Toys,44,static_execution,full,complete,0,unified_full_graph_nc_v1,True,55,0.7958444356918335,0.7591739011173608,0.7989852428436279,0.7681095198006966,973458,998034,85,61.0115840411745,0.7177833416608765,6203,/hdd1/DataInHere/YHF/new1/outputs/final_nc/checkpoints/Toys/static_execution/seed44.pt,/hdd1/DataInHere/YHF/new1/outputs/final_nc/logs/Toys/static_execution/seed44/hydra
ele-fashion,42,full,full,complete,1,unified_full_graph_nc_v1,True,105,0.8765469789505005,0.6951321639549546,0.8789976239204407,0.706794666245309,865420,865420,135,371.008163328981,2.7482086172517115,20605,/hdd1/DataInHere/YHF/new1/outputs/final_nc/checkpoints/ele-fashion/full/seed42.pt,/hdd1/DataInHere/YHF/new1/outputs/final_nc/logs/ele-fashion/full/seed42/hydra
ele-fashion,43,full,full,complete,0,unified_full_graph_nc_v1,True,92,0.8756264448165894,0.686845688028353,0.8764746189117432,0.6944589040091965,865420,865420,122,325.23877247120254,2.6658915776328076,20605,/hdd1/DataInHere/YHF/new1/outputs/final_nc/checkpoints/ele-fashion/full/seed43.pt,/hdd1/DataInHere/YHF/new1/outputs/final_nc/logs/ele-fashion/full/seed43/hydra
ele-fashion,44,full,full,complete,1,unified_full_graph_nc_v1,True,113,0.8792062997817993,0.6894925362711614,0.8808728456497192,0.7016371673194298,865420,865420,143,393.53455583704636,2.751989900958366,20605,/hdd1/DataInHere/YHF/new1/outputs/final_nc/checkpoints/ele-fashion/full/seed44.pt,/hdd1/DataInHere/YHF/new1/outputs/final_nc/logs/ele-fashion/full/seed44/hydra
ele-fashion,42,no_context,full,complete,0,unified_full_graph_nc_v1,True,104,0.8798199892044067,0.6951363697195405,0.8797817826271057,0.7043051577914325,865420,865420,134,355.80439285794273,2.655256663118976,20211,/hdd1/DataInHere/YHF/new1/outputs/final_nc/checkpoints/ele-fashion/no_context/seed42.pt,/hdd1/DataInHere/YHF/new1/outputs/final_nc/logs/ele-fashion/no_context/seed42/hydra
ele-fashion,43,no_context,full,complete,1,unified_full_graph_nc_v1,True,88,0.8768538236618042,0.6888447252577325,0.8778042793273926,0.7001041982039208,865420,865420,118,323.231579313986,2.7392506721524237,20211,/hdd1/DataInHere/YHF/new1/outputs/final_nc/checkpoints/ele-fashion/no_context/seed43.pt,/hdd1/DataInHere/YHF/new1/outputs/final_nc/logs/ele-fashion/no_context/seed43/hydra
ele-fashion,44,no_context,full,complete,0,unified_full_graph_nc_v1,True,109,0.878797173500061,0.7015081580681929,0.8802250027656555,0.7089144651338989,865420,865420,139,368.04479936300777,2.6478043119640846,20211,/hdd1/DataInHere/YHF/new1/outputs/final_nc/checkpoints/ele-fashion/no_context/seed44.pt,/hdd1/DataInHere/YHF/new1/outputs/final_nc/logs/ele-fashion/no_context/seed44/hydra
ele-fashion,42,operator_off,full,complete,1,unified_full_graph_nc_v1,True,90,0.8764446973800659,0.6855773412006619,0.8780429363250732,0.6933623212139916,662284,865420,120,330.3834382649511,2.753195318874593,20605,/hdd1/DataInHere/YHF/new1/outputs/final_nc/checkpoints/ele-fashion/operator_off/seed42.pt,/hdd1/DataInHere/YHF/new1/outputs/final_nc/logs/ele-fashion/operator_off/seed42/hydra
ele-fashion,43,operator_off,full,complete,0,unified_full_graph_nc_v1,True,86,0.8757287263870239,0.6846880490828594,0.8776679039001465,0.6983730164967797,662284,865420,116,310.053401296027,2.672874149103681,20605,/hdd1/DataInHere/YHF/new1/outputs/final_nc/checkpoints/ele-fashion/operator_off/seed43.pt,/hdd1/DataInHere/YHF/new1/outputs/final_nc/logs/ele-fashion/operator_off/seed43/hydra
ele-fashion,44,operator_off,full,complete,1,unified_full_graph_nc_v1,True,120,0.8792062997817993,0.6927193354889948,0.8797817826271057,0.6984568045595667,662284,865420,150,411.7830488991458,2.745220325994305,20605,/hdd1/DataInHere/YHF/new1/outputs/final_nc/checkpoints/ele-fashion/operator_off/seed44.pt,/hdd1/DataInHere/YHF/new1/outputs/final_nc/logs/ele-fashion/operator_off/seed44/hydra
ele-fashion,42,shared_relation,full,complete,1,unified_full_graph_nc_v1,True,153,0.8807405233383179,0.7075091885306924,0.8817592859268188,0.7132505931371216,757260,865548,183,306.112264867872,1.6727446167643278,14675,/hdd1/DataInHere/YHF/new1/outputs/final_nc/checkpoints/ele-fashion/shared_relation/seed42.pt,/hdd1/DataInHere/YHF/new1/outputs/final_nc/logs/ele-fashion/shared_relation/seed42/hydra
ele-fashion,43,shared_relation,full,complete,0,unified_full_graph_nc_v1,True,128,0.8791040182113647,0.7076430773193013,0.8798840641975403,0.7106585198967553,757260,865548,158,251.08459864091128,1.5891430293728561,14675,/hdd1/DataInHere/YHF/new1/outputs/final_nc/checkpoints/ele-fashion/shared_relation/seed43.pt,/hdd1/DataInHere/YHF/new1/outputs/final_nc/logs/ele-fashion/shared_relation/seed43/hydra
ele-fashion,44,shared_relation,full,complete,1,unified_full_graph_nc_v1,True,139,0.8785926103591919,0.6944405213125938,0.8816229104995728,0.7066456388646674,757260,865548,169,283.6594447779935,1.6784582531242218,14675,/hdd1/DataInHere/YHF/new1/outputs/final_nc/checkpoints/ele-fashion/shared_relation/seed44.pt,/hdd1/DataInHere/YHF/new1/outputs/final_nc/logs/ele-fashion/shared_relation/seed44/hydra
ele-fashion,42,static_execution,full,complete,0,unified_full_graph_nc_v1,True,120,0.8777743577957153,0.6979449740290647,0.8802250027656555,0.7105520400204819,840844,865420,150,376.19837819598615,2.507989187973241,18089,/hdd1/DataInHere/YHF/new1/outputs/final_nc/checkpoints/ele-fashion/static_execution/seed42.pt,/hdd1/DataInHere/YHF/new1/outputs/final_nc/logs/ele-fashion/static_execution/seed42/hydra
ele-fashion,43,static_execution,full,complete,1,unified_full_graph_nc_v1,True,91,0.8761378526687622,0.6901760879227451,0.8779065608978271,0.7014947934354852,840844,865420,121,314.0610172590241,2.595545597182017,18089,/hdd1/DataInHere/YHF/new1/outputs/final_nc/checkpoints/ele-fashion/static_execution/seed43.pt,/hdd1/DataInHere/YHF/new1/outputs/final_nc/logs/ele-fashion/static_execution/seed43/hydra
ele-fashion,44,static_execution,full,complete,0,unified_full_graph_nc_v1,True,105,0.8779789209365845,0.6917923427209084,0.8781111240386963,0.6952405041419737,840844,865420,135,338.50446406099945,2.507440474525922,18089,/hdd1/DataInHere/YHF/new1/outputs/final_nc/checkpoints/ele-fashion/static_execution/seed44.pt,/hdd1/DataInHere/YHF/new1/outputs/final_nc/logs/ele-fashion/static_execution/seed44/hydra
