dataset,seed,modality,step,representation,V_total,V_within_target,V_between_target,eta_relation,eta_target,node_balanced_within,node_mean_variance,decomposition_error
Movies,42,text,0,r,0.7522854208946228,0.170367032289505,0.5819184184074402,0.22646595537662506,0.7735341191291809,0.12381122261285782,0.620091438293457,-5.960464477539063e-08
Movies,42,text,0,xi,0.7959192991256714,0.17678596079349518,0.6191332936286926,0.2221154272556305,0.7778844833374023,0.12859730422496796,0.6585574150085449,5.960464477539063e-08
Movies,42,text,0,a,0.3533356189727783,0.07070356607437134,0.28263211250305176,0.20010313391685486,0.7998970150947571,0.05176016315817833,0.29781246185302734,-5.960464477539063e-08
Movies,42,text,0,Delta,0.00852625910192728,0.0026960934046655893,0.005830166395753622,0.3162105977535248,0.6837894916534424,0.001984801609069109,0.006706269457936287,-4.656612873077393e-10
Movies,42,text,1,r,0.7522854208946228,0.170367032289505,0.5819184184074402,0.22646595537662506,0.7735341191291809,0.12381122261285782,0.620091438293457,-5.960464477539063e-08
Movies,42,text,1,xi,0.8064324259757996,0.17874157428741455,0.6276909112930298,0.2216448187828064,0.7783552408218384,0.1300753653049469,0.6684784889221191,-5.960464477539063e-08
Movies,42,text,1,a,0.3542718291282654,0.07120957225561142,0.28306227922439575,0.20100264251232147,0.7989974021911621,0.05217104032635689,0.2992725372314453,-2.9802322387695312e-08
Movies,42,text,1,Delta,0.022380392998456955,0.006812910549342632,0.015567481517791748,0.3044142425060272,0.6955857276916504,0.004993484355509281,0.017803683876991272,9.313225746154785e-10
Movies,42,visual,0,r,0.9180082678794861,0.1775819957256317,0.7404263615608215,0.193442702293396,0.8065574169158936,0.1286686658859253,0.7609806656837463,-5.960464477539063e-08
Movies,42,visual,0,xi,0.9983774423599243,0.1857862025499344,0.8125912547111511,0.18608814477920532,0.8139118552207947,0.13515055179595947,0.833746075630188,0.0
Movies,42,visual,0,a,0.5463180541992188,0.09832429140806198,0.44799378514289856,0.17997628450393677,0.820023775100708,0.07141449302434921,0.45834881067276,-2.9802322387695312e-08
Movies,42,visual,0,Delta,0.007740995846688747,0.003868330968543887,0.003872663713991642,0.4997200667858124,0.5002797842025757,0.002820917870849371,0.005366327706724405,1.1641532182693481e-09
Movies,42,visual,1,r,0.9180082678794861,0.1775819957256317,0.7404263615608215,0.193442702293396,0.8065574169158936,0.1286686658859253,0.7609806656837463,-5.960464477539063e-08
Movies,42,visual,1,xi,0.9872746467590332,0.18189963698387146,0.8053749799728394,0.18424421548843384,0.8157557845115662,0.132618248462677,0.8255759477615356,0.0
Movies,42,visual,1,a,0.5381889343261719,0.09485949575901031,0.44332948327064514,0.17625686526298523,0.8237432241439819,0.06917805969715118,0.4517744183540344,-2.9802322387695312e-08
Movies,42,visual,1,Delta,0.02616197243332863,0.012594413012266159,0.01356755755841732,0.4814015030860901,0.5185984373092651,0.009038847871124744,0.01786867342889309,1.862645149230957e-09
Movies,43,text,0,r,0.6738042235374451,0.19561460614204407,0.4781895577907562,0.290313720703125,0.7096862196922302,0.14588038623332977,0.5969887375831604,5.960464477539063e-08
Movies,43,text,0,xi,0.675326406955719,0.19610735774040222,0.47921910881996155,0.2903890013694763,0.7096111178398132,0.14677192270755768,0.6044010519981384,-5.960464477539063e-08
Movies,43,text,0,a,0.2579285204410553,0.07346703857183456,0.18446148931980133,0.2848348915576935,0.7151651382446289,0.0557299442589283,0.24088531732559204,-1.4901161193847656e-08
Movies,43,text,0,Delta,0.0045116436667740345,0.001621653907932341,0.002889990108087659,0.359437495470047,0.6405625939369202,0.0012311507016420364,0.004129998851567507,-2.3283064365386963e-10
Movies,43,text,1,r,0.6738042235374451,0.19561460614204407,0.4781895577907562,0.290313720703125,0.7096862196922302,0.14588038623332977,0.5969887375831604,5.960464477539063e-08
Movies,43,text,1,xi,0.6717422604560852,0.19525732100009918,0.4764849543571472,0.29067298769950867,0.7093270421028137,0.14639611542224884,0.604188084602356,0.0
Movies,43,text,1,a,0.25561851263046265,0.07284147292375565,0.1827770471572876,0.28496164083480835,0.7150383591651917,0.05536786466836929,0.24005703628063202,0.0
Movies,43,text,1,Delta,0.01383153349161148,0.004868802148848772,0.00896273273974657,0.3520073890686035,0.647992730140686,0.0037389593198895454,0.013112376444041729,-9.313225746154785e-10
Movies,43,visual,0,r,0.8043586611747742,0.24904030561447144,0.5553183555603027,0.30961349606513977,0.6903864741325378,0.17680254578590393,0.6508700251579285,0.0
Movies,43,visual,0,xi,0.8525079488754272,0.2624000608921051,0.590107798576355,0.30779778957366943,0.692202091217041,0.18603523075580597,0.6923519968986511,1.1920928955078125e-07
Movies,43,visual,0,a,0.4001714587211609,0.13428595662117004,0.26588553190231323,0.3355710506439209,0.6644290089607239,0.09378369897603989,0.31414133310317993,-2.9802322387695312e-08
Movies,43,visual,0,Delta,0.0021153928246349096,0.0012895393883809447,0.0008258535526692867,0.6095981001853943,0.3904019892215729,0.0009375959052704275,0.0012703435495495796,-1.1641532182693481e-10
Movies,43,visual,1,r,0.8043586611747742,0.24904030561447144,0.5553183555603027,0.30961349606513977,0.6903864741325378,0.17680254578590393,0.6508700251579285,0.0
Movies,43,visual,1,xi,0.8231341242790222,0.25179049372673035,0.5713436603546143,0.3058924376964569,0.6941075921058655,0.1784522980451584,0.6689822673797607,0.0
Movies,43,visual,1,a,0.3899839222431183,0.1293012648820877,0.2606826424598694,0.3315553665161133,0.6684445738792419,0.09025239199399948,0.3071560561656952,0.0
Movies,43,visual,1,Delta,0.008966519497334957,0.004755198024213314,0.004211320076137781,0.5303282141685486,0.46967166662216187,0.003409753553569317,0.0059256781823933125,1.3969838619232178e-09
Movies,44,text,0,r,0.6500323414802551,0.15940076112747192,0.4906315803527832,0.24521973729133606,0.7547802329063416,0.11138137429952621,0.5409821271896362,0.0
Movies,44,text,0,xi,0.6816146373748779,0.166480153799057,0.5151345133781433,0.2442438006401062,0.7557562589645386,0.1159464567899704,0.5624305009841919,-5.960464477539063e-08
Movies,44,text,0,a,0.3074581027030945,0.07260262966156006,0.2348555028438568,0.23613828420639038,0.7638618350028992,0.050601061433553696,0.2503516972064972,-2.9802322387695312e-08
Movies,44,text,0,Delta,0.007473448757082224,0.002380665158852935,0.005092783831059933,0.3185497522354126,0.6814503073692322,0.0016620325623080134,0.0053677610121667385,0.0
Movies,44,text,1,r,0.6500323414802551,0.15940076112747192,0.4906315803527832,0.24521973729133606,0.7547802329063416,0.11138137429952621,0.5409821271896362,0.0
Movies,44,text,1,xi,0.6991655826568604,0.17048294842243195,0.5286827087402344,0.24383772909641266,0.7561624050140381,0.11861006915569305,0.5743712782859802,-5.960464477539063e-08
Movies,44,text,1,a,0.31278857588768005,0.07429056614637375,0.2384980171918869,0.23751048743724823,0.7624895572662354,0.05174883082509041,0.25358274579048157,-1.4901161193847656e-08
Movies,44,text,1,Delta,0.0227237269282341,0.006583547219634056,0.016140179708600044,0.28972128033638,0.7102787494659424,0.00455235643312335,0.016604261472821236,0.0
Movies,44,visual,0,r,0.7186642289161682,0.15065814554691315,0.568006157875061,0.20963634550571442,0.7903637290000916,0.1071537658572197,0.6903641223907471,-5.960464477539063e-08
Movies,44,visual,0,xi,0.779326856136322,0.1560828983783722,0.6232439875602722,0.2002791166305542,0.7997209429740906,0.11107096821069717,0.7587480545043945,-5.960464477539063e-08
Movies,44,visual,0,a,0.3783773183822632,0.07346983253955841,0.3049074709415436,0.19417081773281097,0.8058291673660278,0.05287529528141022,0.3844609260559082,2.9802322387695312e-08
Movies,44,visual,0,Delta,0.00198202021420002,0.0010730742942541838,0.0009089462109841406,0.5414043068885803,0.4585958421230316,0.0007763484609313309,0.0012123372871428728,-2.9103830456733704e-10
Movies,44,visual,1,r,0.7186642289161682,0.15065814554691315,0.568006157875061,0.20963634550571442,0.7903637290000916,0.1071537658572197,0.6903641223907471,-5.960464477539063e-08
Movies,44,visual,1,xi,0.7654165029525757,0.15053731203079224,0.6148791909217834,0.19667372107505798,0.8033262491226196,0.10702734440565109,0.7399044036865234,0.0
Movies,44,visual,1,a,0.3751809895038605,0.07060054689645767,0.304580420255661,0.18817730247974396,0.8118226528167725,0.05069008469581604,0.37923067808151245,2.9802322387695312e-08
Movies,44,visual,1,Delta,0.008098427206277847,0.0036500333808362484,0.004448393825441599,0.45070892572402954,0.5492910742759705,0.002594201359897852,0.005378490313887596,0.0
Toys,42,text,0,r,0.8431351780891418,0.15723954141139984,0.6858958005905151,0.1864938735961914,0.8135063052177429,0.09665326774120331,0.775547206401825,-1.7881393432617188e-07
Toys,42,text,0,xi,0.9125133752822876,0.16635476052761078,0.7461586594581604,0.18230392038822174,0.8176961541175842,0.1019667461514473,0.8420315384864807,-5.960464477539063e-08
Toys,42,text,0,a,0.502373456954956,0.09520435333251953,0.4071691036224365,0.18950912356376648,0.8104909062385559,0.05847100168466568,0.4674406945705414,0.0
Toys,42,text,0,Delta,0.015559212304651737,0.004291883669793606,0.011267325840890408,0.27584195137023926,0.7241578698158264,0.002649325178936124,0.013357860036194324,2.7939677238464355e-09
Toys,42,text,1,r,0.8431351780891418,0.15723954141139984,0.6858958005905151,0.1864938735961914,0.8135063052177429,0.09665326774120331,0.775547206401825,-1.7881393432617188e-07
Toys,42,text,1,xi,0.9597876667976379,0.17289625108242035,0.7868913412094116,0.18014010787010193,0.8198598027229309,0.10610729455947876,0.8895093202590942,5.960464477539063e-08
Toys,42,text,1,a,0.512978732585907,0.09743369370698929,0.4155449867248535,0.18993709981441498,0.810062825679779,0.05992322787642479,0.47773683071136475,5.960464477539063e-08
Toys,42,text,1,Delta,0.03464604914188385,0.010697773657739162,0.023948274552822113,0.3087732493877411,0.6912267208099365,0.006508569698780775,0.028120556846261024,0.0
Toys,42,visual,0,r,0.8714004158973694,0.15749505162239075,0.7139054536819458,0.18073786795139313,0.8192622661590576,0.0991533026099205,0.8056806325912476,-1.1920928955078125e-07
Toys,42,visual,0,xi,0.9516793489456177,0.17101368308067322,0.7806657552719116,0.17969675362110138,0.8203033208847046,0.10794986039400101,0.8821623921394348,-1.1920928955078125e-07
Toys,42,visual,0,a,0.5027433037757874,0.10424195230007172,0.3985013961791992,0.20734627544879913,0.7926537990570068,0.06743533909320831,0.4701736867427826,-5.960464477539063e-08
Toys,42,visual,0,Delta,0.005115495529025793,0.0018103433540090919,0.003305152291432023,0.35389402508735657,0.6461060047149658,0.0011446475982666016,0.0037337043322622776,-2.3283064365386963e-10
Toys,42,visual,1,r,0.8714004158973694,0.15749505162239075,0.7139054536819458,0.18073786795139313,0.8192622661590576,0.0991533026099205,0.8056806325912476,-1.1920928955078125e-07
Toys,42,visual,1,xi,0.9097318053245544,0.16074112057685852,0.7489907145500183,0.17669066786766052,0.8233093619346619,0.10102549940347672,0.8403873443603516,-5.960464477539063e-08
Toys,42,visual,1,a,0.4864862263202667,0.09746509045362473,0.3890211582183838,0.2003450095653534,0.799655020236969,0.06280144304037094,0.455745130777359,-2.9802322387695312e-08
Toys,42,visual,1,Delta,0.020691541954874992,0.005498944316059351,0.015192598104476929,0.26575806736946106,0.7342419624328613,0.0034313893411308527,0.01573610119521618,0.0
Toys,43,text,0,r,0.8839212656021118,0.17595788836479187,0.7079634070396423,0.19906511902809143,0.800934910774231,0.11183921247720718,0.7903257608413696,-5.960464477539063e-08
Toys,43,text,0,xi,0.9408711194992065,0.1851782202720642,0.7556929588317871,0.19681571424007416,0.8031843304634094,0.11751383543014526,0.8456732630729675,-5.960464477539063e-08
Toys,43,text,0,a,0.4445522427558899,0.09048517793416977,0.3540670573711395,0.20354227721691132,0.7964577078819275,0.0573669858276844,0.40236252546310425,0.0
Toys,43,text,0,Delta,0.008872030302882195,0.0026716694701462984,0.00620036106556654,0.301133930683136,0.698866069316864,0.0017191559309139848,0.007472628261893988,0.0
Toys,43,text,1,r,0.8839212656021118,0.17595788836479187,0.7079634070396423,0.19906511902809143,0.800934910774231,0.11183921247720718,0.7903257608413696,-5.960464477539063e-08
Toys,43,text,1,xi,0.9470266103744507,0.185837984085083,0.7611885666847229,0.1962331235408783,0.8037668466567993,0.11786404997110367,0.851933479309082,5.960464477539063e-08
Toys,43,text,1,a,0.4443912208080292,0.09024383872747421,0.35414737462997437,0.2030729502439499,0.7969270348548889,0.0571516752243042,0.4023323655128479,0.0
Toys,43,text,1,Delta,0.020353928208351135,0.006610671523958445,0.013743256218731403,0.3247860372066498,0.6752139329910278,0.004256406798958778,0.0170450322329998,9.313225746154785e-10
Toys,43,visual,0,r,0.8945726752281189,0.18482445180416107,0.7097481489181519,0.2066064178943634,0.7933934926986694,0.12051402032375336,0.7746946811676025,5.960464477539063e-08
Toys,43,visual,0,xi,0.947460412979126,0.1971127986907959,0.7503475546836853,0.20804330706596375,0.7919566035270691,0.128813698887825,0.81769859790802,5.960464477539063e-08
Toys,43,visual,0,a,0.5046960711479187,0.12302380800247192,0.3816722631454468,0.2437582015991211,0.7562417984008789,0.08112494647502899,0.419106125831604,0.0
Toys,43,visual,0,Delta,0.018897345289587975,0.007651568856090307,0.01124577783048153,0.40490177273750305,0.5950983166694641,0.004842085763812065,0.012903218157589436,-1.862645149230957e-09
Toys,43,visual,1,r,0.8945726752281189,0.18482445180416107,0.7097481489181519,0.2066064178943634,0.7933934926986694,0.12051402032375336,0.7746946811676025,5.960464477539063e-08
Toys,43,visual,1,xi,0.9138466715812683,0.1864742785692215,0.727372407913208,0.20405423641204834,0.7959457635879517,0.12167003005743027,0.7888913154602051,0.0
Toys,43,visual,1,a,0.4951808750629425,0.1166955828666687,0.3784852623939514,0.2356625348329544,0.764337420463562,0.07689863443374634,0.41343826055526733,2.9802322387695312e-08
Toys,43,visual,1,Delta,0.08118844777345657,0.02545572817325592,0.05573272332549095,0.3135387897491455,0.6864612698554993,0.01591408997774124,0.05735281854867935,-3.725290298461914e-09
Toys,44,text,0,r,0.8466078042984009,0.1588020622730255,0.6878058314323425,0.18757453560829163,0.8124255537986755,0.09906179457902908,0.743064284324646,-5.960464477539063e-08
Toys,44,text,0,xi,0.9062271118164062,0.16764391958713531,0.7385832667350769,0.18499106168746948,0.8150089979171753,0.10421907156705856,0.790034830570221,-5.960464477539063e-08
Toys,44,text,0,a,0.5097423195838928,0.09685368090867996,0.41288861632347107,0.19000518321990967,0.8099947571754456,0.06090206652879715,0.4381275773048401,2.9802322387695312e-08
Toys,44,text,0,Delta,0.011789146810770035,0.0034195503685623407,0.008369596675038338,0.2900591790676117,0.7099408507347107,0.0019491839921101928,0.008074762299656868,0.0
Toys,44,text,1,r,0.8466078042984009,0.1588020622730255,0.6878058314323425,0.18757453560829163,0.8124255537986755,0.09906179457902908,0.743064284324646,-5.960464477539063e-08
Toys,44,text,1,xi,0.9436056017875671,0.17305350303649902,0.7705520987510681,0.18339601159095764,0.8166040182113647,0.1076369360089302,0.8217712044715881,0.0
Toys,44,text,1,a,0.5190325379371643,0.09870650619268417,0.42032602429389954,0.19017402827739716,0.8098259568214417,0.06212865933775902,0.44566407799720764,0.0
Toys,44,text,1,Delta,0.03312147408723831,0.009487148374319077,0.023634323850274086,0.28643497824668884,0.7135649919509888,0.005437798332422972,0.022847162559628487,1.862645149230957e-09
Toys,44,visual,0,r,0.9444280862808228,0.18881568312644958,0.7556123733520508,0.19992594420909882,0.80007404088974,0.11952671408653259,0.8240233659744263,0.0
Toys,44,visual,0,xi,1.0132111310958862,0.20226439833641052,0.8109467625617981,0.1996271014213562,0.8003729581832886,0.12873999774456024,0.8883031606674194,-5.960464477539063e-08
Toys,44,visual,0,a,0.5463294982910156,0.11784100532531738,0.42848852276802063,0.2156958431005478,0.7843042016029358,0.07673215866088867,0.4738139510154724,-2.9802322387695312e-08
Toys,44,visual,0,Delta,0.0035461250226944685,0.0014921524561941624,0.002053972566500306,0.4207839369773865,0.5792160630226135,0.0009515457786619663,0.002565293340012431,0.0
Toys,44,visual,1,r,0.9444280862808228,0.18881568312644958,0.7556123733520508,0.19992594420909882,0.80007404088974,0.11952671408653259,0.8240233659744263,0.0
Toys,44,visual,1,xi,0.9475604891777039,0.19030575454235077,0.7572547793388367,0.20083758234977722,0.7991624474525452,0.12055056542158127,0.827888548374176,-5.960464477539063e-08
Toys,44,visual,1,a,0.5171263217926025,0.11076829582452774,0.4063580632209778,0.21419969201087952,0.7858003973960876,0.07170439511537552,0.44881659746170044,-2.9802322387695312e-08
Toys,44,visual,1,Delta,0.014558565802872181,0.004831212107092142,0.009727353230118752,0.3318467140197754,0.6681532859802246,0.0030297855846583843,0.01140557136386633,0.0
Grocery,42,text,0,r,0.9451953172683716,0.22460751235485077,0.7205877304077148,0.23763079941272736,0.7623691558837891,0.14372721314430237,0.7956733107566833,5.960464477539063e-08
Grocery,42,text,0,xi,0.9566001892089844,0.2219545543193817,0.734645664691925,0.23202437162399292,0.7679756879806519,0.14221474528312683,0.8207751512527466,-5.960464477539063e-08
Grocery,42,text,0,a,0.5076716542243958,0.1120847761631012,0.39558684825897217,0.22078202664852142,0.7792178988456726,0.07217905670404434,0.4397211968898773,2.9802322387695312e-08
Grocery,42,text,0,Delta,0.034779153764247894,0.014496424235403538,0.020282728597521782,0.41681361198425293,0.5831863880157471,0.009632814675569534,0.03051353059709072,1.862645149230957e-09
Grocery,42,text,1,r,0.9451953172683716,0.22460751235485077,0.7205877304077148,0.23763079941272736,0.7623691558837891,0.14372721314430237,0.7956733107566833,5.960464477539063e-08
Grocery,42,text,1,xi,1.004897117614746,0.2283209264278412,0.7765762209892273,0.22720825672149658,0.7727917432785034,0.14635947346687317,0.866195023059845,-5.960464477539063e-08
Grocery,42,text,1,a,0.5188105702400208,0.11288297176361084,0.4059275984764099,0.21758031845092773,0.7824196815490723,0.0726550966501236,0.45012685656547546,0.0
Grocery,42,text,1,Delta,0.10929279029369354,0.044667962938547134,0.0646248310804367,0.40869998931884766,0.5913000106811523,0.029377005994319916,0.09496164321899414,0.0
Grocery,42,visual,0,r,0.9433646202087402,0.24784673750400543,0.695517897605896,0.2627263367176056,0.7372736930847168,0.1563919335603714,0.7968972325325012,0.0
Grocery,42,visual,0,xi,1.037285566329956,0.2706446051597595,0.7666409015655518,0.26091620326042175,0.7390837669372559,0.17035573720932007,0.8818023800849915,5.960464477539063e-08
Grocery,42,visual,0,a,0.554179847240448,0.17173980176448822,0.38244009017944336,0.3098990321159363,0.6901010274887085,0.10823766142129898,0.4631993770599365,-5.960464477539063e-08
Grocery,42,visual,0,Delta,0.042287666350603104,0.020991848781704903,0.02129581943154335,0.4964059293270111,0.5035941004753113,0.012779857032001019,0.026062436401844025,-1.862645149230957e-09
Grocery,42,visual,1,r,0.9433646202087402,0.24784673750400543,0.695517897605896,0.2627263367176056,0.7372736930847168,0.1563919335603714,0.7968972325325012,0.0
Grocery,42,visual,1,xi,1.002996802330017,0.25387975573539734,0.7491170167922974,0.25312119722366333,0.7468787431716919,0.15862683951854706,0.8558652997016907,0.0
Grocery,42,visual,1,a,0.5352522730827332,0.15630562603473663,0.3789466917514801,0.29202234745025635,0.7079777121543884,0.09781526774168015,0.4529021084308624,-2.9802322387695312e-08
Grocery,42,visual,1,Delta,0.2621113359928131,0.09064033627510071,0.1714709997177124,0.3458085358142853,0.6541914939880371,0.0510064959526062,0.1740788072347641,0.0
Grocery,43,text,0,r,0.951381504535675,0.19394464790821075,0.7574368119239807,0.20385581254959106,0.7961441278457642,0.12501919269561768,0.8482507467269897,5.960464477539063e-08
Grocery,43,text,0,xi,1.0364611148834229,0.20529718697071075,0.8311639428138733,0.19807514548301697,0.8019248843193054,0.13268649578094482,0.9194600582122803,0.0
Grocery,43,text,0,a,0.5268471240997314,0.09852626919746399,0.42832082509994507,0.18701112270355225,0.812988817691803,0.06386541575193405,0.4744727313518524,2.9802322387695312e-08
Grocery,43,text,0,Delta,0.03965812176465988,0.014702114276587963,0.02495601214468479,0.37072139978408813,0.6292787194252014,0.008557652123272419,0.027334317564964294,-5.587935447692871e-09
Grocery,43,text,1,r,0.951381504535675,0.19394464790821075,0.7574368119239807,0.20385581254959106,0.7961441278457642,0.12501919269561768,0.8482507467269897,5.960464477539063e-08
Grocery,43,text,1,xi,1.1360150575637817,0.21687918901443481,0.9191358685493469,0.19091224670410156,0.8090877532958984,0.1405062973499298,1.007330298423767,0.0
Grocery,43,text,1,a,0.5453459024429321,0.10087791085243225,0.4444679915904999,0.18497967720031738,0.8150203227996826,0.06557535380125046,0.4901118576526642,0.0
Grocery,43,text,1,Delta,0.12607260048389435,0.04581471160054207,0.08025787770748138,0.3633994460105896,0.6366004943847656,0.02629614807665348,0.08569645136594772,1.4901161193847656e-08
Grocery,43,visual,0,r,0.9436811804771423,0.20490451157093048,0.7387766242027283,0.21713319420814514,0.7828667759895325,0.13351011276245117,0.8137578368186951,5.960464477539063e-08
Grocery,43,visual,0,xi,1.027108907699585,0.2133701741695404,0.8137387037277222,0.20773860812187195,0.7922613620758057,0.13844461739063263,0.9019659161567688,0.0
Grocery,43,visual,0,a,0.5348333716392517,0.11848341673612595,0.41634994745254517,0.22153332829475403,0.7784666419029236,0.07651852816343307,0.4569997787475586,0.0
Grocery,43,visual,0,Delta,0.05218419432640076,0.024844808503985405,0.027339383959770203,0.47609835863113403,0.523901641368866,0.014704718254506588,0.03223305195569992,1.862645149230957e-09
Grocery,43,visual,1,r,0.9436811804771423,0.20490451157093048,0.7387766242027283,0.21713319420814514,0.7828667759895325,0.13351011276245117,0.8137578368186951,5.960464477539063e-08
Grocery,43,visual,1,xi,1.0631765127182007,0.20672325789928436,0.8564532399177551,0.19443926215171814,0.8055607080459595,0.13390305638313293,0.9353150129318237,0.0
Grocery,43,visual,1,a,0.5389819741249084,0.10905677080154419,0.42992520332336426,0.20233844220638275,0.797661542892456,0.0698804259300232,0.464756578207016,0.0
Grocery,43,visual,1,Delta,0.3035304546356201,0.10467017441987991,0.1988602727651596,0.34484240412712097,0.6551575660705566,0.058307819068431854,0.19769316911697388,1.4901161193847656e-08
Grocery,44,text,0,r,0.9092910289764404,0.21311718225479126,0.6961737871170044,0.23437730967998505,0.765622615814209,0.14572657644748688,0.786246120929718,5.960464477539063e-08
Grocery,44,text,0,xi,0.9623076319694519,0.21605412662029266,0.7462535500526428,0.22451668977737427,0.7754833698272705,0.14804889261722565,0.8321446180343628,-5.960464477539063e-08
Grocery,44,text,0,a,0.45394426584243774,0.09933426976203918,0.35460999608039856,0.2188248187303543,0.7811751961708069,0.06936078518629074,0.3895038962364197,0.0
Grocery,44,text,0,Delta,0.03341531753540039,0.01254210527986288,0.020873215049505234,0.3753400146961212,0.624660074710846,0.0076600052416324615,0.021846385672688484,-3.725290298461914e-09
Grocery,44,text,1,r,0.9092910289764404,0.21311718225479126,0.6961737871170044,0.23437730967998505,0.765622615814209,0.14572657644748688,0.786246120929718,5.960464477539063e-08
Grocery,44,text,1,xi,1.0101083517074585,0.2214738130569458,0.7886344790458679,0.21925747394561768,0.7807424664497375,0.15130029618740082,0.8714326024055481,5.960464477539063e-08
Grocery,44,text,1,a,0.4662741422653198,0.10001051425933838,0.3662637174129486,0.2144886553287506,0.7855115532875061,0.06976790726184845,0.40045666694641113,-8.940696716308594e-08
Grocery,44,text,1,Delta,0.1110929623246193,0.04116763174533844,0.06992532312870026,0.3705691993236542,0.6294307112693787,0.024820569902658463,0.0731564611196518,7.450580596923828e-09
Grocery,44,visual,0,r,0.915770411491394,0.22088155150413513,0.6948888897895813,0.24119752645492554,0.7588025331497192,0.14585523307323456,0.7910426259040833,-5.960464477539063e-08
Grocery,44,visual,0,xi,1.0095865726470947,0.22762270271778107,0.7819638848304749,0.22546130418777466,0.7745386958122253,0.14972306787967682,0.8630320429801941,0.0
Grocery,44,visual,0,a,0.5189350247383118,0.1221633106470108,0.39677169919013977,0.23541156947612762,0.7645884156227112,0.08262300491333008,0.443927139043808,2.9802322387695312e-08
Grocery,44,visual,0,Delta,0.058407269418239594,0.028124690055847168,0.030282581225037575,0.4815272092819214,0.5184727907180786,0.016880307346582413,0.03539663925766945,-1.862645149230957e-09
Grocery,44,visual,1,r,0.915770411491394,0.22088155150413513,0.6948888897895813,0.24119752645492554,0.7588025331497192,0.14585523307323456,0.7910426259040833,-5.960464477539063e-08
Grocery,44,visual,1,xi,1.0574629306793213,0.2236747443675995,0.8337881565093994,0.21152018010616302,0.7884798049926758,0.1460265964269638,0.8946863412857056,0.0
Grocery,44,visual,1,a,0.5351901054382324,0.1145472601056099,0.4206428825855255,0.21403098106384277,0.785969078540802,0.07649566978216171,0.45306912064552307,-2.9802322387695312e-08
Grocery,44,visual,1,Delta,0.38421860337257385,0.1230170726776123,0.26120156049728394,0.3201746940612793,0.6798253655433655,0.06770393997430801,0.24110357463359833,-2.9802322387695312e-08
ele-fashion,42,text,0,r,0.9482485055923462,0.12066607922315598,0.8275824189186096,0.127251535654068,0.8727484345436096,0.058742206543684006,0.910037636756897,0.0
ele-fashion,42,text,0,xi,0.9917399287223816,0.12463000416755676,0.8671098947525024,0.12566803395748138,0.8743319511413574,0.060476142913103104,0.9430183172225952,0.0
ele-fashion,42,text,0,a,0.5517323017120361,0.064076267182827,0.48765599727630615,0.11613651365041733,0.8838633894920349,0.031047672033309937,0.5273952484130859,2.9802322387695312e-08
ele-fashion,42,text,0,Delta,0.03212950751185417,0.004257719032466412,0.027871785685420036,0.13251741230487823,0.8674824833869934,0.0020381927024573088,0.0282664205878973,1.862645149230957e-09
ele-fashion,42,text,1,r,0.9482485055923462,0.12066607922315598,0.8275824189186096,0.127251535654068,0.8727484345436096,0.058742206543684006,0.910037636756897,0.0
ele-fashion,42,text,1,xi,0.9424432516098022,0.12123031914234161,0.8212129473686218,0.12863408029079437,0.8713659644126892,0.058806825429201126,0.8912252187728882,0.0
ele-fashion,42,text,1,a,0.5303914546966553,0.0627998411655426,0.4675915837287903,0.11840281635522842,0.881597101688385,0.030433697625994682,0.5037927627563477,2.9802322387695312e-08
ele-fashion,42,text,1,Delta,0.12708429992198944,0.014583280310034752,0.11250100284814835,0.11475280672311783,0.8852470517158508,0.007075586821883917,0.11043931543827057,1.4901161193847656e-08
ele-fashion,42,visual,0,r,0.9609944224357605,0.11221053451299667,0.8487838506698608,0.11676502227783203,0.8832349181175232,0.053493890911340714,0.8949097394943237,5.960464477539063e-08
ele-fashion,42,visual,0,xi,1.0005041360855103,0.11308281123638153,0.8874213099479675,0.11302582919597626,0.8869741559028625,0.05442288890480995,0.9499121308326721,0.0
ele-fashion,42,visual,0,a,0.5727337598800659,0.0636768788099289,0.5090568661689758,0.11118059605360031,0.8888193964958191,0.030448047444224358,0.5415753126144409,0.0
ele-fashion,42,visual,0,Delta,0.02187548764050007,0.004850001540035009,0.01702548749744892,0.22170941531658173,0.7782906293869019,0.002374375006183982,0.018841683864593506,-1.862645149230957e-09
ele-fashion,42,visual,1,r,0.9609944224357605,0.11221053451299667,0.8487838506698608,0.11676502227783203,0.8832349181175232,0.053493890911340714,0.8949097394943237,5.960464477539063e-08
ele-fashion,42,visual,1,xi,0.9563644528388977,0.10933832079172134,0.8470260500907898,0.11432704329490662,0.8856728672981262,0.0528968870639801,0.9152377843856812,5.960464477539063e-08
ele-fashion,42,visual,1,a,0.5505326390266418,0.06132538989186287,0.48920726776123047,0.11139283329248428,0.8886072039604187,0.02942686714231968,0.5233455300331116,-2.9802322387695312e-08
ele-fashion,42,visual,1,Delta,0.06522966176271439,0.013930563814938068,0.05129909887909889,0.2135618031024933,0.7864382266998291,0.006823032163083553,0.0563107468187809,0.0
ele-fashion,43,text,0,r,0.9552615880966187,0.10265818238258362,0.8526033759117126,0.10746604204177856,0.8925338983535767,0.048145342618227005,0.9055069088935852,5.960464477539063e-08
ele-fashion,43,text,0,xi,0.9388312697410583,0.1056487113237381,0.8331825733184814,0.11253216117620468,0.8874678611755371,0.04977869614958763,0.8942227363586426,0.0
ele-fashion,43,text,0,a,0.5137722492218018,0.057231731712818146,0.4565404951572418,0.11139514297246933,0.8886048197746277,0.02684079483151436,0.4840182662010193,2.9802322387695312e-08
ele-fashion,43,text,0,Delta,0.029352091252803802,0.005046732258051634,0.02430536039173603,0.1719377338886261,0.8280622959136963,0.0025413346011191607,0.027266036719083786,-1.862645149230957e-09
ele-fashion,43,text,1,r,0.9552615880966187,0.10265818238258362,0.8526033759117126,0.10746604204177856,0.8925338983535767,0.048145342618227005,0.9055069088935852,5.960464477539063e-08
ele-fashion,43,text,1,xi,0.9292507171630859,0.10522261261940002,0.8240280747413635,0.11323382705450058,0.8867661356925964,0.04965969920158386,0.8824174404144287,5.960464477539063e-08
ele-fashion,43,text,1,a,0.5078864097595215,0.05686565116047859,0.451020747423172,0.11196529120206833,0.8880347013473511,0.02669079788029194,0.476224422454834,0.0
ele-fashion,43,text,1,Delta,0.09521152079105377,0.016374967992305756,0.07883655279874802,0.17198514938354492,0.8280148506164551,0.008298183791339397,0.08496566861867905,0.0
ele-fashion,43,visual,0,r,0.846451997756958,0.1417313665151596,0.7047205567359924,0.1674417108297348,0.8325582146644592,0.06741523742675781,0.8322227001190186,5.960464477539063e-08
ele-fashion,43,visual,0,xi,0.8671532869338989,0.14235064387321472,0.7248026132583618,0.16415856778621674,0.8358414173126221,0.06804512441158295,0.8611047863960266,0.0
ele-fashion,43,visual,0,a,0.44894272089004517,0.07278025150299072,0.37616243958473206,0.16211478412151337,0.8378851413726807,0.0347658134996891,0.450544148683548,2.9802322387695312e-08
ele-fashion,43,visual,0,Delta,0.021543467417359352,0.0049269841983914375,0.01661648042500019,0.2286996841430664,0.771300196647644,0.0023027989082038403,0.018430517986416817,1.862645149230957e-09
ele-fashion,43,visual,1,r,0.846451997756958,0.1417313665151596,0.7047205567359924,0.1674417108297348,0.8325582146644592,0.06741523742675781,0.8322227001190186,5.960464477539063e-08
ele-fashion,43,visual,1,xi,0.8836192488670349,0.1439174860715866,0.7397017478942871,0.16287273168563843,0.8371272683143616,0.0690985843539238,0.8858447670936584,0.0
ele-fashion,43,visual,1,a,0.45260384678840637,0.07285558432340622,0.37974825501441956,0.16096986830234528,0.8390300869941711,0.03493565693497658,0.45757970213890076,0.0
ele-fashion,43,visual,1,Delta,0.06491163372993469,0.01447547972202301,0.05043616518378258,0.2230028510093689,0.7769973278045654,0.006880184169858694,0.05697372183203697,-1.1175870895385742e-08
ele-fashion,44,text,0,r,0.938779890537262,0.1320420205593109,0.8067378401756287,0.14065280556678772,0.8593471646308899,0.061890095472335815,0.8943302035331726,5.960464477539063e-08
ele-fashion,44,text,0,xi,1.0080764293670654,0.1368786096572876,0.8711977601051331,0.13578197360038757,0.8642179369926453,0.06412994116544724,0.9447493553161621,5.960464477539063e-08
ele-fashion,44,text,0,a,0.5416833162307739,0.08254886418581009,0.45913442969322205,0.15239322185516357,0.8476067185401917,0.0385499969124794,0.5064752101898193,2.9802322387695312e-08
ele-fashion,44,text,0,Delta,0.015027706511318684,0.003313677618280053,0.0117140281945467,0.2205045521259308,0.7794954180717468,0.0015597909223288298,0.013812357559800148,9.313225746154785e-10
ele-fashion,44,text,1,r,0.938779890537262,0.1320420205593109,0.8067378401756287,0.14065280556678772,0.8593471646308899,0.061890095472335815,0.8943302035331726,5.960464477539063e-08
ele-fashion,44,text,1,xi,1.045169711112976,0.1392204761505127,0.9059492349624634,0.13320370018482208,0.8667963147163391,0.06522904336452484,0.9722398519515991,0.0
ele-fashion,44,text,1,a,0.5476749539375305,0.08169681578874588,0.46597808599472046,0.14917026460170746,0.8508296608924866,0.03830137103796005,0.5094146728515625,5.960464477539063e-08
ele-fashion,44,text,1,Delta,0.04480840638279915,0.010060259141027927,0.034748148173093796,0.22451722621917725,0.7754827737808228,0.00476486049592495,0.04067124053835869,0.0
ele-fashion,44,visual,0,r,0.916168212890625,0.10388375073671341,0.8122844696044922,0.11338938772678375,0.8866106271743774,0.05026634410023689,0.8598155379295349,0.0
ele-fashion,44,visual,0,xi,0.9395873546600342,0.10545530170202255,0.8341320157051086,0.11223576217889786,0.8877642154693604,0.05141926929354668,0.8940061926841736,5.960464477539063e-08
ele-fashion,44,visual,0,a,0.5330632328987122,0.05931927636265755,0.4737439751625061,0.11128000169992447,0.8887200355529785,0.029175322502851486,0.5118606090545654,-2.9802322387695312e-08
ele-fashion,44,visual,0,Delta,0.016247259452939034,0.0039322637021541595,0.012314993888139725,0.24202626943588257,0.7579736113548279,0.0019052386051043868,0.014264914207160473,1.862645149230957e-09
ele-fashion,44,visual,1,r,0.916168212890625,0.10388375073671341,0.8122844696044922,0.11338938772678375,0.8866106271743774,0.05026634410023689,0.8598155379295349,0.0
ele-fashion,44,visual,1,xi,1.0658438205718994,0.11605973541736603,0.9497841596603394,0.10889000445604324,0.8911100625991821,0.05699343979358673,1.0166997909545898,-5.960464477539063e-08
ele-fashion,44,visual,1,a,0.5684006810188293,0.06300009787082672,0.505400538444519,0.11083747446537018,0.8891624212265015,0.031069692224264145,0.5468307733535767,5.960464477539063e-08
ele-fashion,44,visual,1,Delta,0.052983518689870834,0.013111812993884087,0.0398717038333416,0.24746964871883392,0.7525303363800049,0.006289446260780096,0.046745456755161285,3.725290298461914e-09
Reddit-S,42,text,0,r,0.5575942397117615,0.05517268180847168,0.5024215579032898,0.09894772619009018,0.9010522961616516,0.036694858223199844,0.6236308217048645,0.0
Reddit-S,42,text,0,xi,0.6051247119903564,0.05894310027360916,0.5461816191673279,0.0974065363407135,0.9025934934616089,0.039435774087905884,0.689651608467102,0.0
Reddit-S,42,text,0,a,0.3209494650363922,0.03013199009001255,0.2908174991607666,0.09388390928506851,0.9061161875724792,0.020147383213043213,0.37527385354042053,-2.9802322387695312e-08
Reddit-S,42,text,0,Delta,0.055412791669368744,0.00987775344401598,0.045535046607255936,0.17825764417648315,0.8217425346374512,0.006743376608937979,0.07008756697177887,-7.450580596923828e-09
Reddit-S,42,text,1,r,0.5575942397117615,0.05517268180847168,0.5024215579032898,0.09894772619009018,0.9010522961616516,0.036694858223199844,0.6236308217048645,0.0
Reddit-S,42,text,1,xi,0.6296087503433228,0.06124548986554146,0.5683633089065552,0.09727547317743301,0.9027246236801147,0.04110311344265938,0.7233589291572571,-5.960464477539063e-08
Reddit-S,42,text,1,a,0.3290237486362457,0.030950041487812996,0.29807373881340027,0.09406628459692001,0.9059337973594666,0.02073194645345211,0.385392427444458,-2.9802322387695312e-08
Reddit-S,42,text,1,Delta,0.2427813857793808,0.030276980251073837,0.21250441670417786,0.12470882385969162,0.8752912282943726,0.020550241693854332,0.2972644865512848,-1.4901161193847656e-08
Reddit-S,42,visual,0,r,0.7584963440895081,0.08490736782550812,0.6735889315605164,0.11194169521331787,0.8880582451820374,0.05516062304377556,0.7388538718223572,5.960464477539063e-08
Reddit-S,42,visual,0,xi,0.8702219128608704,0.0963466614484787,0.7738752365112305,0.11071504652500153,0.8892849087715149,0.06261537224054337,0.8431039452552795,0.0
Reddit-S,42,visual,0,a,0.48058685660362244,0.06833747774362564,0.4122494161128998,0.1421958953142166,0.8578041791915894,0.043294765055179596,0.4584600329399109,-2.9802322387695312e-08
Reddit-S,42,visual,0,Delta,0.009690777398645878,0.0014725883956998587,0.00821818970143795,0.15195772051811218,0.848042368888855,0.0011417773785069585,0.011844290420413017,-9.313225746154785e-10
Reddit-S,42,visual,1,r,0.7584963440895081,0.08490736782550812,0.6735889315605164,0.11194169521331787,0.8880582451820374,0.05516062304377556,0.7388538718223572,5.960464477539063e-08
Reddit-S,42,visual,1,xi,0.8256102800369263,0.09144176542758942,0.734168529510498,0.11075657606124878,0.8892434239387512,0.05942174792289734,0.7996755242347717,0.0
Reddit-S,42,visual,1,a,0.4679579436779022,0.06545214354991913,0.4025058150291443,0.13986757397651672,0.8601324558258057,0.04180842265486717,0.4495464265346527,0.0
Reddit-S,42,visual,1,Delta,0.030059585347771645,0.0031060443725436926,0.02695353887975216,0.10332958400249481,0.8966703414916992,0.0022934323642402887,0.0354500338435173,1.862645149230957e-09
Reddit-S,43,text,0,r,0.5052297711372375,0.044411852955818176,0.460817813873291,0.08790426701307297,0.9120955467224121,0.03303584083914757,0.6167551279067993,1.1920928955078125e-07
Reddit-S,43,text,0,xi,0.5515701770782471,0.04687598720192909,0.5046941041946411,0.08498644083738327,0.9150133728981018,0.03491492196917534,0.6929879188537598,5.960464477539063e-08
Reddit-S,43,text,0,a,0.2564450204372406,0.020260628312826157,0.23618435859680176,0.07900574058294296,0.9209941029548645,0.015334796160459518,0.340819776058197,2.9802322387695312e-08
Reddit-S,43,text,0,Delta,0.08727078139781952,0.017012611031532288,0.07025816291570663,0.1949405074119568,0.8050593733787537,0.011140668764710426,0.09742213040590286,7.450580596923828e-09
Reddit-S,43,text,1,r,0.5052297711372375,0.044411852955818176,0.460817813873291,0.08790426701307297,0.9120955467224121,0.03303584083914757,0.6167551279067993,1.1920928955078125e-07
Reddit-S,43,text,1,xi,0.5929092168807983,0.04864221066236496,0.5442669987678528,0.08203989267349243,0.9179601073265076,0.0362384133040905,0.739971399307251,0.0
Reddit-S,43,text,1,a,0.2623506486415863,0.020142050459980965,0.24220861494541168,0.07677530497312546,0.9232247471809387,0.01523797307163477,0.3473099172115326,-1.4901161193847656e-08
Reddit-S,43,text,1,Delta,0.3412627577781677,0.034514088183641434,0.3067486584186554,0.10113640129566193,0.8988635540008545,0.02263524755835533,0.3752498924732208,0.0
Reddit-S,43,visual,0,r,0.5341938138008118,0.08110732585191727,0.4530864655971527,0.1518312692642212,0.848168671131134,0.06173447519540787,0.7139589190483093,2.9802322387695312e-08
Reddit-S,43,visual,0,xi,0.6401491761207581,0.09466242790222168,0.5454867482185364,0.14787557721138,0.8521244525909424,0.07066185772418976,0.861190676689148,0.0
Reddit-S,43,visual,0,a,0.314301997423172,0.06801352649927139,0.2462884783744812,0.21639546751976013,0.7836045622825623,0.05255627632141113,0.49050372838974,0.0
Reddit-S,43,visual,0,Delta,0.04034876823425293,0.004709492903202772,0.03563928231596947,0.11671961843967438,0.8832805752754211,0.0033864446450024843,0.03513554856181145,-7.450580596923828e-09
Reddit-S,43,visual,1,r,0.5341938138008118,0.08110732585191727,0.4530864655971527,0.1518312692642212,0.848168671131134,0.06173447519540787,0.7139589190483093,2.9802322387695312e-08
Reddit-S,43,visual,1,xi,0.6254585981369019,0.08704919368028641,0.5384093523025513,0.13917659223079681,0.8608233332633972,0.06402537226676941,0.8126125335693359,5.960464477539063e-08
Reddit-S,43,visual,1,a,0.31594839692115784,0.06325753033161163,0.2526908218860626,0.20021475851535797,0.7997850775718689,0.04798447713255882,0.4764884412288666,2.9802322387695312e-08
Reddit-S,43,visual,1,Delta,0.10868624597787857,0.009280657395720482,0.09940558671951294,0.08538943529129028,0.9146105647087097,0.0066482615657150745,0.10042180120944977,0.0
Reddit-S,44,text,0,r,0.8644551634788513,0.059362027794122696,0.8050931096076965,0.0686698779463768,0.9313300848007202,0.038794949650764465,0.8702601790428162,0.0
Reddit-S,44,text,0,xi,0.9654500484466553,0.06380557268857956,0.9016443490982056,0.06608894467353821,0.9339109063148499,0.041447851806879044,0.9731069803237915,1.1920928955078125e-07
Reddit-S,44,text,0,a,0.5225251317024231,0.03092293068766594,0.49160224199295044,0.059179797768592834,0.9408202767372131,0.02053835429251194,0.5332257747650146,-2.9802322387695312e-08
Reddit-S,44,text,0,Delta,0.11535553634166718,0.016058383509516716,0.09929715842008591,0.13920773565769196,0.8607922792434692,0.010088201612234116,0.11944828927516937,-7.450580596923828e-09
Reddit-S,44,text,1,r,0.8644551634788513,0.059362027794122696,0.8050931096076965,0.0686698779463768,0.9313300848007202,0.038794949650764465,0.8702601790428162,0.0
Reddit-S,44,text,1,xi,1.0207103490829468,0.06672707945108414,0.9539833068847656,0.06537317484617233,0.9346268773078918,0.04302128776907921,1.0283699035644531,-5.960464477539063e-08
Reddit-S,44,text,1,a,0.5321956276893616,0.03146640583872795,0.5007292032241821,0.059125639498233795,0.9408743381500244,0.020743081346154213,0.5439261198043823,0.0
Reddit-S,44,text,1,Delta,0.4903241693973541,0.04481585696339607,0.44550830125808716,0.09140046685934067,0.9085994958877563,0.02813628874719143,0.48952561616897583,0.0
Reddit-S,44,visual,0,r,0.937796413898468,0.09355995804071426,0.844236433506012,0.09976574778556824,0.9002342224121094,0.05591095983982086,0.8976110219955444,0.0
Reddit-S,44,visual,0,xi,1.0668631792068481,0.09954383969306946,0.9673191905021667,0.09330516308546066,0.9066947102546692,0.060097239911556244,1.0191351175308228,1.7881393432617188e-07
Reddit-S,44,visual,0,a,0.6264471411705017,0.06572262197732925,0.5607245564460754,0.10491327941417694,0.8950867652893066,0.034981854259967804,0.6214597821235657,-5.960464477539063e-08
Reddit-S,44,visual,0,Delta,0.027760807424783707,0.0033442722633481026,0.024416539818048477,0.1204674020409584,0.8795327544212341,0.0029448142740875483,0.03311485797166824,-3.725290298461914e-09
Reddit-S,44,visual,1,r,0.937796413898468,0.09355995804071426,0.844236433506012,0.09976574778556824,0.9002342224121094,0.05591095983982086,0.8976110219955444,0.0
Reddit-S,44,visual,1,xi,1.0093297958374023,0.09037743508815765,0.9189523458480835,0.08954202383756638,0.910457968711853,0.05653320625424385,0.9650507569313049,0.0
Reddit-S,44,visual,1,a,0.6059120893478394,0.05893369019031525,0.5469783544540405,0.09726442396640778,0.9027355313301086,0.03256168216466904,0.6014810800552368,5.960464477539063e-08
Reddit-S,44,visual,1,Delta,0.0703507736325264,0.005685331299901009,0.06466543674468994,0.08081405609846115,0.9191858768463135,0.004808900412172079,0.09860041737556458,7.450580596923828e-09
