dataset,seed,variant,modality,similarity_regime,utility_group,n_relations,centroid_norm,within_group_radius,normalized_centroid_separation
Movies,42,generic,Text,Q1,beneficial,3291,0.0,0.0,nan
Movies,42,generic,Text,Q1,harmful,2820,0.0,0.0,nan
Movies,42,generic,Text,Q1,beneficial_vs_harmful,6111,nan,nan,0.0
Movies,42,generic,Text,Q5,beneficial,4439,0.0,0.0,nan
Movies,42,generic,Text,Q5,harmful,1671,0.0,0.0,nan
Movies,42,generic,Text,Q5,beneficial_vs_harmful,6110,nan,nan,0.0
Movies,42,generic,Visual,Q1,beneficial,3546,0.0,0.0,nan
Movies,42,generic,Visual,Q1,harmful,2565,0.0,0.0,nan
Movies,42,generic,Visual,Q1,beneficial_vs_harmful,6111,nan,nan,0.0
Movies,42,generic,Visual,Q5,beneficial,4468,0.0,0.0,nan
Movies,42,generic,Visual,Q5,harmful,1642,0.0,0.0,nan
Movies,42,generic,Visual,Q5,beneficial_vs_harmful,6110,nan,nan,0.0
Movies,42,pair,Text,Q1,beneficial,3291,7.0117669105529785,3.5715436935424805,nan
Movies,42,pair,Text,Q1,harmful,2820,6.946075439453125,3.7019002437591553,nan
Movies,42,pair,Text,Q1,beneficial_vs_harmful,6111,nan,nan,0.08473684840232061
Movies,42,pair,Text,Q5,beneficial,4439,7.34844970703125,2.7402946949005127,nan
Movies,42,pair,Text,Q5,harmful,1671,7.2834367752075195,2.8049116134643555,nan
Movies,42,pair,Text,Q5,beneficial_vs_harmful,6110,nan,nan,0.22103907851135454
Movies,42,pair,Visual,Q1,beneficial,3546,4.200971603393555,6.68561315536499,nan
Movies,42,pair,Visual,Q1,harmful,2565,4.16396951675415,6.709358215332031,nan
Movies,42,pair,Visual,Q1,beneficial_vs_harmful,6111,nan,nan,0.04825479540971604
Movies,42,pair,Visual,Q5,beneficial,4468,3.30724835395813,7.183127403259277,nan
Movies,42,pair,Visual,Q5,harmful,1642,3.270909309387207,7.2145161628723145,nan
Movies,42,pair,Visual,Q5,beneficial_vs_harmful,6110,nan,nan,0.11222444775288086
Movies,42,pair_compat,Text,Q1,beneficial,3291,6.811740875244141,3.916551351547241,nan
Movies,42,pair_compat,Text,Q1,harmful,2820,6.726080894470215,4.067078113555908,nan
Movies,42,pair_compat,Text,Q1,beneficial_vs_harmful,6111,nan,nan,0.08853042168448505
Movies,42,pair_compat,Text,Q5,beneficial,4439,7.2411603927612305,2.967233896255493,nan
Movies,42,pair_compat,Text,Q5,harmful,1671,7.156931400299072,3.0510048866271973,nan
Movies,42,pair_compat,Text,Q5,beneficial_vs_harmful,6110,nan,nan,0.22363209202251805
Movies,42,pair_compat,Visual,Q1,beneficial,3546,3.8963472843170166,6.876929759979248,nan
Movies,42,pair_compat,Visual,Q1,harmful,2565,3.8669936656951904,6.893716335296631,nan
Movies,42,pair_compat,Visual,Q1,beneficial_vs_harmful,6111,nan,nan,0.04685419021162624
Movies,42,pair_compat,Visual,Q5,beneficial,4468,3.0840039253234863,7.283837795257568,nan
Movies,42,pair_compat,Visual,Q5,harmful,1642,2.9769139289855957,7.348363876342773,nan
Movies,42,pair_compat,Visual,Q5,beneficial_vs_harmful,6110,nan,nan,0.11322474574763954
Movies,42,pair_compat_context,Text,Q1,beneficial,3291,7.42195987701416,2.723130464553833,nan
Movies,42,pair_compat_context,Text,Q1,harmful,2820,7.4089179039001465,2.7618119716644287,nan
Movies,42,pair_compat_context,Text,Q1,beneficial_vs_harmful,6111,nan,nan,0.07234694279404091
Movies,42,pair_compat_context,Text,Q5,beneficial,4439,7.607077598571777,2.102108955383301,nan
Movies,42,pair_compat_context,Text,Q5,harmful,1671,7.580468654632568,2.1765336990356445,nan
Movies,42,pair_compat_context,Text,Q5,beneficial_vs_harmful,6110,nan,nan,0.24317366034222138
Movies,42,pair_compat_context,Visual,Q1,beneficial,3546,4.486019611358643,6.497862815856934,nan
Movies,42,pair_compat_context,Visual,Q1,harmful,2565,4.485489845275879,6.497485160827637,nan
Movies,42,pair_compat_context,Visual,Q1,beneficial_vs_harmful,6111,nan,nan,0.05011507355827274
Movies,42,pair_compat_context,Visual,Q5,beneficial,4468,3.5194292068481445,7.071264743804932,nan
Movies,42,pair_compat_context,Visual,Q5,harmful,1642,3.437401533126831,7.136201858520508,nan
Movies,42,pair_compat_context,Visual,Q5,beneficial_vs_harmful,6110,nan,nan,0.11932187807188985
Movies,43,generic,Text,Q1,beneficial,3399,0.0,0.0,nan
Movies,43,generic,Text,Q1,harmful,2712,0.0,0.0,nan
Movies,43,generic,Text,Q1,beneficial_vs_harmful,6111,nan,nan,0.0
Movies,43,generic,Text,Q5,beneficial,4414,0.0,0.0,nan
Movies,43,generic,Text,Q5,harmful,1696,0.0,0.0,nan
Movies,43,generic,Text,Q5,beneficial_vs_harmful,6110,nan,nan,0.0
Movies,43,generic,Visual,Q1,beneficial,3488,0.0,0.0,nan
Movies,43,generic,Visual,Q1,harmful,2623,0.0,0.0,nan
Movies,43,generic,Visual,Q1,beneficial_vs_harmful,6111,nan,nan,0.0
Movies,43,generic,Visual,Q5,beneficial,4536,0.0,0.0,nan
Movies,43,generic,Visual,Q5,harmful,1574,0.0,0.0,nan
Movies,43,generic,Visual,Q5,beneficial_vs_harmful,6110,nan,nan,0.0
Movies,43,pair,Text,Q1,beneficial,3399,7.027822017669678,3.6713664531707764,nan
Movies,43,pair,Text,Q1,harmful,2712,7.012249946594238,3.700273036956787,nan
Movies,43,pair,Text,Q1,beneficial_vs_harmful,6111,nan,nan,0.07093200155230003
Movies,43,pair,Text,Q5,beneficial,4414,7.177793502807617,3.355915069580078,nan
Movies,43,pair,Text,Q5,harmful,1696,7.209995746612549,3.2510361671447754,nan
Movies,43,pair,Text,Q5,beneficial_vs_harmful,6110,nan,nan,0.24608823926987355
Movies,43,pair,Visual,Q1,beneficial,3488,3.698685884475708,6.967287540435791,nan
Movies,43,pair,Visual,Q1,harmful,2623,3.6792428493499756,6.9965925216674805,nan
Movies,43,pair,Visual,Q1,beneficial_vs_harmful,6111,nan,nan,0.10067400609722944
Movies,43,pair,Visual,Q5,beneficial,4536,3.7933390140533447,6.91481876373291,nan
Movies,43,pair,Visual,Q5,harmful,1574,3.1804230213165283,7.260019302368164,nan
Movies,43,pair,Visual,Q5,beneficial_vs_harmful,6110,nan,nan,0.17832117090339225
Movies,43,pair_compat,Text,Q1,beneficial,3399,7.22061014175415,3.2984492778778076,nan
Movies,43,pair_compat,Text,Q1,harmful,2712,7.210476875305176,3.3160147666931152,nan
Movies,43,pair_compat,Text,Q1,beneficial_vs_harmful,6111,nan,nan,0.07285711914463797
Movies,43,pair_compat,Text,Q5,beneficial,4414,7.230596542358398,3.2665228843688965,nan
Movies,43,pair_compat,Text,Q5,harmful,1696,7.265890598297119,3.146402359008789,nan
Movies,43,pair_compat,Text,Q5,beneficial_vs_harmful,6110,nan,nan,0.24116387321195978
Movies,43,pair_compat,Visual,Q1,beneficial,3488,4.307191848754883,6.578491687774658,nan
Movies,43,pair_compat,Visual,Q1,harmful,2623,4.2925004959106445,6.609868049621582,nan
Movies,43,pair_compat,Visual,Q1,beneficial_vs_harmful,6111,nan,nan,0.09810218528131155
Movies,43,pair_compat,Visual,Q5,beneficial,4536,3.9543561935424805,6.817089557647705,nan
Movies,43,pair_compat,Visual,Q5,harmful,1574,3.2980434894561768,7.199972152709961,nan
Movies,43,pair_compat,Visual,Q5,beneficial_vs_harmful,6110,nan,nan,0.1887519790593721
Movies,43,pair_compat_context,Text,Q1,beneficial,3399,7.261635780334473,3.2121384143829346,nan
Movies,43,pair_compat_context,Text,Q1,harmful,2712,7.24928617477417,3.2383992671966553,nan
Movies,43,pair_compat_context,Text,Q1,beneficial_vs_harmful,6111,nan,nan,0.07340695331774061
Movies,43,pair_compat_context,Text,Q5,beneficial,4414,7.208324909210205,3.3317835330963135,nan
Movies,43,pair_compat_context,Text,Q5,harmful,1696,7.243557929992676,3.229022979736328,nan
Movies,43,pair_compat_context,Text,Q5,beneficial_vs_harmful,6110,nan,nan,0.2572778045742846
Movies,43,pair_compat_context,Visual,Q1,beneficial,3488,3.710103750228882,6.974716663360596,nan
Movies,43,pair_compat_context,Visual,Q1,harmful,2623,3.7610597610473633,6.959415435791016,nan
Movies,43,pair_compat_context,Visual,Q1,beneficial_vs_harmful,6111,nan,nan,0.1030660451530314
Movies,43,pair_compat_context,Visual,Q5,beneficial,4536,3.695910692214966,6.974798679351807,nan
Movies,43,pair_compat_context,Visual,Q5,harmful,1574,3.1022861003875732,7.302492618560791,nan
Movies,43,pair_compat_context,Visual,Q5,beneficial_vs_harmful,6110,nan,nan,0.18332695425934212
Movies,44,generic,Text,Q1,beneficial,3562,0.0,0.0,nan
Movies,44,generic,Text,Q1,harmful,2549,0.0,0.0,nan
Movies,44,generic,Text,Q1,beneficial_vs_harmful,6111,nan,nan,0.0
Movies,44,generic,Text,Q5,beneficial,4457,0.0,0.0,nan
Movies,44,generic,Text,Q5,harmful,1653,0.0,0.0,nan
Movies,44,generic,Text,Q5,beneficial_vs_harmful,6110,nan,nan,0.0
Movies,44,generic,Visual,Q1,beneficial,3543,0.0,0.0,nan
Movies,44,generic,Visual,Q1,harmful,2568,0.0,0.0,nan
Movies,44,generic,Visual,Q1,beneficial_vs_harmful,6111,nan,nan,0.0
Movies,44,generic,Visual,Q5,beneficial,4489,0.0,0.0,nan
Movies,44,generic,Visual,Q5,harmful,1620,0.0,0.0,nan
Movies,44,generic,Visual,Q5,beneficial_vs_harmful,6109,nan,nan,0.0
Movies,44,pair,Text,Q1,beneficial,3562,7.099883079528809,3.451523542404175,nan
Movies,44,pair,Text,Q1,harmful,2549,7.095046043395996,3.4584643840789795,nan
Movies,44,pair,Text,Q1,beneficial_vs_harmful,6111,nan,nan,0.038814819517499106
Movies,44,pair,Text,Q5,beneficial,4457,7.366572856903076,2.739548921585083,nan
Movies,44,pair,Text,Q5,harmful,1653,7.262742519378662,2.9478297233581543,nan
Movies,44,pair,Text,Q5,beneficial_vs_harmful,6110,nan,nan,0.19763437610231244
Movies,44,pair,Visual,Q1,beneficial,3543,3.767504930496216,6.958596229553223,nan
Movies,44,pair,Visual,Q1,harmful,2568,3.7779717445373535,6.949944496154785,nan
Movies,44,pair,Visual,Q1,beneficial_vs_harmful,6111,nan,nan,0.09402777135908136
Movies,44,pair,Visual,Q5,beneficial,4489,2.923245906829834,7.361385345458984,nan
Movies,44,pair,Visual,Q5,harmful,1620,2.5989925861358643,7.508414268493652,nan
Movies,44,pair,Visual,Q5,beneficial_vs_harmful,6109,nan,nan,0.17012517224248558
Movies,44,pair_compat,Text,Q1,beneficial,3562,7.134265899658203,3.40759015083313,nan
Movies,44,pair_compat,Text,Q1,harmful,2549,7.125179767608643,3.422459363937378,nan
Movies,44,pair_compat,Text,Q1,beneficial_vs_harmful,6111,nan,nan,0.03916956723046858
Movies,44,pair_compat,Text,Q5,beneficial,4457,7.378204345703125,2.7360715866088867,nan
Movies,44,pair_compat,Text,Q5,harmful,1653,7.268136501312256,2.961050271987915,nan
Movies,44,pair_compat,Text,Q5,beneficial_vs_harmful,6110,nan,nan,0.19256506497189507
Movies,44,pair_compat,Visual,Q1,beneficial,3543,3.702059268951416,7.000505447387695,nan
Movies,44,pair_compat,Visual,Q1,harmful,2568,3.734377145767212,6.97958517074585,nan
Movies,44,pair_compat,Visual,Q1,beneficial_vs_harmful,6111,nan,nan,0.09251485629744527
Movies,44,pair_compat,Visual,Q5,beneficial,4489,3.2277636528015137,7.220846652984619,nan
Movies,44,pair_compat,Visual,Q5,harmful,1620,2.7687466144561768,7.448663711547852,nan
Movies,44,pair_compat,Visual,Q5,beneficial_vs_harmful,6109,nan,nan,0.1758997546270517
Movies,44,pair_compat_context,Text,Q1,beneficial,3562,7.396624565124512,2.8203728199005127,nan
Movies,44,pair_compat_context,Text,Q1,harmful,2549,7.3931660652160645,2.8273439407348633,nan
Movies,44,pair_compat_context,Text,Q1,beneficial_vs_harmful,6111,nan,nan,0.04039981007875009
Movies,44,pair_compat_context,Text,Q5,beneficial,4457,7.452657222747803,2.616248369216919,nan
Movies,44,pair_compat_context,Text,Q5,harmful,1653,7.385097026824951,2.7648205757141113,nan
Movies,44,pair_compat_context,Text,Q5,beneficial_vs_harmful,6110,nan,nan,0.20824118417496257
Movies,44,pair_compat_context,Visual,Q1,beneficial,3543,4.00470495223999,6.829775333404541,nan
Movies,44,pair_compat_context,Visual,Q1,harmful,2568,4.06661319732666,6.785863399505615,nan
Movies,44,pair_compat_context,Visual,Q1,beneficial_vs_harmful,6111,nan,nan,0.09067026325918509
Movies,44,pair_compat_context,Visual,Q5,beneficial,4489,3.4084575176239014,7.1358418464660645,nan
Movies,44,pair_compat_context,Visual,Q5,harmful,1620,3.0020158290863037,7.353268623352051,nan
Movies,44,pair_compat_context,Visual,Q5,beneficial_vs_harmful,6109,nan,nan,0.17369853228144755
Grocery,42,generic,Text,Q1,beneficial,3043,0.0,0.0,nan
Grocery,42,generic,Text,Q1,harmful,2168,0.0,0.0,nan
Grocery,42,generic,Text,Q1,beneficial_vs_harmful,5211,nan,nan,0.0
Grocery,42,generic,Text,Q5,beneficial,4802,0.0,0.0,nan
Grocery,42,generic,Text,Q5,harmful,408,0.0,0.0,nan
Grocery,42,generic,Text,Q5,beneficial_vs_harmful,5210,nan,nan,0.0
Grocery,42,generic,Visual,Q1,beneficial,3157,0.0,0.0,nan
Grocery,42,generic,Visual,Q1,harmful,2052,0.0,0.0,nan
Grocery,42,generic,Visual,Q1,beneficial_vs_harmful,5209,nan,nan,0.0
Grocery,42,generic,Visual,Q5,beneficial,4789,0.0,0.0,nan
Grocery,42,generic,Visual,Q5,harmful,421,0.0,0.0,nan
Grocery,42,generic,Visual,Q5,beneficial_vs_harmful,5210,nan,nan,0.0
Grocery,42,pair,Text,Q1,beneficial,3043,3.8189258575439453,7.011941432952881,nan
Grocery,42,pair,Text,Q1,harmful,2168,3.721198320388794,7.068091869354248,nan
Grocery,42,pair,Text,Q1,beneficial_vs_harmful,5211,nan,nan,0.09587219338138037
Grocery,42,pair,Text,Q5,beneficial,4802,3.717693567276001,7.058868885040283,nan
Grocery,42,pair,Text,Q5,harmful,408,3.6620841026306152,7.077433109283447,nan
Grocery,42,pair,Text,Q5,beneficial_vs_harmful,5210,nan,nan,0.17022626748573974
Grocery,42,pair,Visual,Q1,beneficial,3157,2.8257341384887695,7.479150772094727,nan
Grocery,42,pair,Visual,Q1,harmful,2052,2.7323267459869385,7.521678447723389,nan
Grocery,42,pair,Visual,Q1,beneficial_vs_harmful,5209,nan,nan,0.09384580618993893
Grocery,42,pair,Visual,Q5,beneficial,4789,2.3366830348968506,7.653408050537109,nan
Grocery,42,pair,Visual,Q5,harmful,421,2.9864370822906494,7.3370561599731445,nan
Grocery,42,pair,Visual,Q5,beneficial_vs_harmful,5210,nan,nan,0.3935536475449229
Grocery,42,pair_compat,Text,Q1,beneficial,3043,3.799025774002075,7.004415035247803,nan
Grocery,42,pair_compat,Text,Q1,harmful,2168,3.6425893306732178,7.093568325042725,nan
Grocery,42,pair_compat,Text,Q1,beneficial_vs_harmful,5211,nan,nan,0.10037290279172213
Grocery,42,pair_compat,Text,Q5,beneficial,4802,3.491490602493286,7.160141468048096,nan
Grocery,42,pair_compat,Text,Q5,harmful,408,3.2500879764556885,7.281375885009766,nan
Grocery,42,pair_compat,Text,Q5,beneficial_vs_harmful,5210,nan,nan,0.17299797395214817
Grocery,42,pair_compat,Visual,Q1,beneficial,3157,2.8001720905303955,7.484827041625977,nan
Grocery,42,pair_compat,Visual,Q1,harmful,2052,2.7253875732421875,7.518307685852051,nan
Grocery,42,pair_compat,Visual,Q1,beneficial_vs_harmful,5209,nan,nan,0.09240074340542047
Grocery,42,pair_compat,Visual,Q5,beneficial,4789,2.3493916988372803,7.6408796310424805,nan
Grocery,42,pair_compat,Visual,Q5,harmful,421,3.02292799949646,7.305947780609131,nan
Grocery,42,pair_compat,Visual,Q5,beneficial_vs_harmful,5210,nan,nan,0.39857953397150114
Grocery,42,pair_compat_context,Text,Q1,beneficial,3043,3.2029988765716553,7.350831985473633,nan
Grocery,42,pair_compat_context,Text,Q1,harmful,2168,3.104950428009033,7.39483118057251,nan
Grocery,42,pair_compat_context,Text,Q1,beneficial_vs_harmful,5211,nan,nan,0.09967525276647965
Grocery,42,pair_compat_context,Text,Q5,beneficial,4802,3.115647554397583,7.386500835418701,nan
Grocery,42,pair_compat_context,Text,Q5,harmful,408,3.082151412963867,7.395837306976318,nan
Grocery,42,pair_compat_context,Text,Q5,beneficial_vs_harmful,5210,nan,nan,0.16969308221299018
Grocery,42,pair_compat_context,Visual,Q1,beneficial,3157,2.9225685596466064,7.469821929931641,nan
Grocery,42,pair_compat_context,Visual,Q1,harmful,2052,2.789452314376831,7.531489372253418,nan
Grocery,42,pair_compat_context,Visual,Q1,beneficial_vs_harmful,5209,nan,nan,0.10049977701863534
Grocery,42,pair_compat_context,Visual,Q5,beneficial,4789,2.1484506130218506,7.747787952423096,nan
Grocery,42,pair_compat_context,Visual,Q5,harmful,421,3.0393967628479004,7.331244945526123,nan
Grocery,42,pair_compat_context,Visual,Q5,beneficial_vs_harmful,5210,nan,nan,0.41303216289492956
Grocery,43,generic,Text,Q1,beneficial,3004,0.0,0.0,nan
Grocery,43,generic,Text,Q1,harmful,2206,0.0,0.0,nan
Grocery,43,generic,Text,Q1,beneficial_vs_harmful,5210,nan,nan,0.0
Grocery,43,generic,Text,Q5,beneficial,4779,0.0,0.0,nan
Grocery,43,generic,Text,Q5,harmful,431,0.0,0.0,nan
Grocery,43,generic,Text,Q5,beneficial_vs_harmful,5210,nan,nan,0.0
Grocery,43,generic,Visual,Q1,beneficial,3144,0.0,0.0,nan
Grocery,43,generic,Visual,Q1,harmful,2067,0.0,0.0,nan
Grocery,43,generic,Visual,Q1,beneficial_vs_harmful,5211,nan,nan,0.0
Grocery,43,generic,Visual,Q5,beneficial,4798,0.0,0.0,nan
Grocery,43,generic,Visual,Q5,harmful,412,0.0,0.0,nan
Grocery,43,generic,Visual,Q5,beneficial_vs_harmful,5210,nan,nan,0.0
Grocery,43,pair,Text,Q1,beneficial,3004,4.318170547485352,6.611271381378174,nan
Grocery,43,pair,Text,Q1,harmful,2206,4.291765213012695,6.631953716278076,nan
Grocery,43,pair,Text,Q1,beneficial_vs_harmful,5210,nan,nan,0.07620583777311651
Grocery,43,pair,Text,Q5,beneficial,4779,4.1341423988342285,6.672179698944092,nan
Grocery,43,pair,Text,Q5,harmful,431,3.4106593132019043,7.197958469390869,nan
Grocery,43,pair,Text,Q5,beneficial_vs_harmful,5210,nan,nan,0.32332620135978174
Grocery,43,pair,Visual,Q1,beneficial,3144,3.028459310531616,7.372140407562256,nan
Grocery,43,pair,Visual,Q1,harmful,2067,2.938492774963379,7.422662258148193,nan
Grocery,43,pair,Visual,Q1,beneficial_vs_harmful,5211,nan,nan,0.08057180128886861
Grocery,43,pair,Visual,Q5,beneficial,4798,1.9451634883880615,7.76242208480835,nan
Grocery,43,pair,Visual,Q5,harmful,412,2.912151575088501,7.364841461181641,nan
Grocery,43,pair,Visual,Q5,beneficial_vs_harmful,5210,nan,nan,0.33382851832435906
Grocery,43,pair_compat,Text,Q1,beneficial,3004,4.656668186187744,6.3767547607421875,nan
Grocery,43,pair_compat,Text,Q1,harmful,2206,4.631860733032227,6.391668796539307,nan
Grocery,43,pair_compat,Text,Q1,beneficial_vs_harmful,5210,nan,nan,0.07656312757154342
Grocery,43,pair_compat,Text,Q5,beneficial,4779,4.556298732757568,6.392800807952881,nan
Grocery,43,pair_compat,Text,Q5,harmful,431,4.350050926208496,6.582925796508789,nan
Grocery,43,pair_compat,Text,Q5,beneficial_vs_harmful,5210,nan,nan,0.3312917271161982
Grocery,43,pair_compat,Visual,Q1,beneficial,3144,3.4953625202178955,7.112554550170898,nan
Grocery,43,pair_compat,Visual,Q1,harmful,2067,3.4536805152893066,7.142205238342285,nan
Grocery,43,pair_compat,Visual,Q1,beneficial_vs_harmful,5211,nan,nan,0.0707399426474386
Grocery,43,pair_compat,Visual,Q5,beneficial,4798,2.3133463859558105,7.606329441070557,nan
Grocery,43,pair_compat,Visual,Q5,harmful,412,3.1886138916015625,7.188689231872559,nan
Grocery,43,pair_compat,Visual,Q5,beneficial_vs_harmful,5210,nan,nan,0.3531774476903052
Grocery,43,pair_compat_context,Text,Q1,beneficial,3004,4.929556369781494,6.171215534210205,nan
Grocery,43,pair_compat_context,Text,Q1,harmful,2206,4.838623046875,6.236640453338623,nan
Grocery,43,pair_compat_context,Text,Q1,beneficial_vs_harmful,5210,nan,nan,0.08013698755165657
Grocery,43,pair_compat_context,Text,Q5,beneficial,4779,4.569454193115234,6.4010009765625,nan
Grocery,43,pair_compat_context,Text,Q5,harmful,431,4.23087739944458,6.705812454223633,nan
Grocery,43,pair_compat_context,Text,Q5,beneficial_vs_harmful,5210,nan,nan,0.33848043691953716
Grocery,43,pair_compat_context,Visual,Q1,beneficial,3144,3.307837963104248,7.216083526611328,nan
Grocery,43,pair_compat_context,Visual,Q1,harmful,2067,3.2370498180389404,7.261949062347412,nan
Grocery,43,pair_compat_context,Visual,Q1,beneficial_vs_harmful,5211,nan,nan,0.0741730007952106
Grocery,43,pair_compat_context,Visual,Q5,beneficial,4798,2.114686965942383,7.684941291809082,nan
Grocery,43,pair_compat_context,Visual,Q5,harmful,412,3.047180414199829,7.274252891540527,nan
Grocery,43,pair_compat_context,Visual,Q5,beneficial_vs_harmful,5210,nan,nan,0.3472446699101376
Grocery,44,generic,Text,Q1,beneficial,3189,0.0,0.0,nan
Grocery,44,generic,Text,Q1,harmful,2022,0.0,0.0,nan
Grocery,44,generic,Text,Q1,beneficial_vs_harmful,5211,nan,nan,0.0
Grocery,44,generic,Text,Q5,beneficial,4813,0.0,0.0,nan
Grocery,44,generic,Text,Q5,harmful,397,0.0,0.0,nan
Grocery,44,generic,Text,Q5,beneficial_vs_harmful,5210,nan,nan,0.0
Grocery,44,generic,Visual,Q1,beneficial,3255,0.0,0.0,nan
Grocery,44,generic,Visual,Q1,harmful,1955,0.0,0.0,nan
Grocery,44,generic,Visual,Q1,beneficial_vs_harmful,5210,nan,nan,0.0
Grocery,44,generic,Visual,Q5,beneficial,4745,0.0,0.0,nan
Grocery,44,generic,Visual,Q5,harmful,465,0.0,0.0,nan
Grocery,44,generic,Visual,Q5,beneficial_vs_harmful,5210,nan,nan,0.0
Grocery,44,pair,Text,Q1,beneficial,3189,6.089354515075684,5.016512870788574,nan
Grocery,44,pair,Text,Q1,harmful,2022,6.135603904724121,4.949867248535156,nan
Grocery,44,pair,Text,Q1,beneficial_vs_harmful,5211,nan,nan,0.11816242503830218
Grocery,44,pair,Text,Q5,beneficial,4813,5.8517537117004395,5.2228617668151855,nan
Grocery,44,pair,Text,Q5,harmful,397,5.558947563171387,5.57236385345459,nan
Grocery,44,pair,Text,Q5,beneficial_vs_harmful,5210,nan,nan,0.20262860983468783
Grocery,44,pair,Visual,Q1,beneficial,3255,3.202547311782837,7.2595906257629395,nan
Grocery,44,pair,Visual,Q1,harmful,1955,3.3026010990142822,7.216943740844727,nan
Grocery,44,pair,Visual,Q1,beneficial_vs_harmful,5210,nan,nan,0.07371251226098179
Grocery,44,pair,Visual,Q5,beneficial,4745,3.088930130004883,7.3022637367248535,nan
Grocery,44,pair,Visual,Q5,harmful,465,3.6426899433135986,6.943368911743164,nan
Grocery,44,pair,Visual,Q5,beneficial_vs_harmful,5210,nan,nan,0.3655504955153513
Grocery,44,pair_compat,Text,Q1,beneficial,3189,5.657778263092041,5.505364894866943,nan
Grocery,44,pair_compat,Text,Q1,harmful,2022,5.700702667236328,5.446316719055176,nan
Grocery,44,pair_compat,Text,Q1,beneficial_vs_harmful,5211,nan,nan,0.11508677691507768
Grocery,44,pair_compat,Text,Q5,beneficial,4813,5.470351696014404,5.610340595245361,nan
Grocery,44,pair_compat,Text,Q5,harmful,397,5.07942533493042,6.021473407745361,nan
Grocery,44,pair_compat,Text,Q5,beneficial_vs_harmful,5210,nan,nan,0.21237007188988974
Grocery,44,pair_compat,Visual,Q1,beneficial,3255,2.964359998703003,7.372600078582764,nan
Grocery,44,pair_compat,Visual,Q1,harmful,1955,3.094613552093506,7.318727493286133,nan
Grocery,44,pair_compat,Visual,Q1,beneficial_vs_harmful,5210,nan,nan,0.07429241114889579
Grocery,44,pair_compat,Visual,Q5,beneficial,4745,3.1357197761535645,7.285091400146484,nan
Grocery,44,pair_compat,Visual,Q5,harmful,465,3.6795966625213623,6.9244465827941895,nan
Grocery,44,pair_compat,Visual,Q5,beneficial_vs_harmful,5210,nan,nan,0.3520469647186589
Grocery,44,pair_compat_context,Text,Q1,beneficial,3189,5.08452033996582,6.04697847366333,nan
Grocery,44,pair_compat_context,Text,Q1,harmful,2022,5.165124893188477,5.967204570770264,nan
Grocery,44,pair_compat_context,Text,Q1,beneficial_vs_harmful,5211,nan,nan,0.11208671699719291
Grocery,44,pair_compat_context,Text,Q5,beneficial,4813,5.210493564605713,5.8586015701293945,nan
Grocery,44,pair_compat_context,Text,Q5,harmful,397,4.573305606842041,6.418063640594482,nan
Grocery,44,pair_compat_context,Text,Q5,beneficial_vs_harmful,5210,nan,nan,0.233881895513729
Grocery,44,pair_compat_context,Visual,Q1,beneficial,3255,3.0446698665618896,7.340579032897949,nan
Grocery,44,pair_compat_context,Visual,Q1,harmful,1955,3.139708995819092,7.300225734710693,nan
Grocery,44,pair_compat_context,Visual,Q1,beneficial_vs_harmful,5210,nan,nan,0.07165510199275056
Grocery,44,pair_compat_context,Visual,Q5,beneficial,4745,2.8557350635528564,7.418581008911133,nan
Grocery,44,pair_compat_context,Visual,Q5,harmful,465,3.4188783168792725,7.07430362701416,nan
Grocery,44,pair_compat_context,Visual,Q5,beneficial_vs_harmful,5210,nan,nan,0.35813196922970947
Reddit-S,42,generic,Text,Q1,beneficial,6303,0.0,0.0,nan
Reddit-S,42,generic,Text,Q1,harmful,1591,0.0,0.0,nan
Reddit-S,42,generic,Text,Q1,beneficial_vs_harmful,7894,nan,nan,0.0
Reddit-S,42,generic,Text,Q5,beneficial,7594,0.0,0.0,nan
Reddit-S,42,generic,Text,Q5,harmful,318,0.0,0.0,nan
Reddit-S,42,generic,Text,Q5,beneficial_vs_harmful,7912,nan,nan,0.0
Reddit-S,42,generic,Visual,Q1,beneficial,6078,0.0,0.0,nan
Reddit-S,42,generic,Visual,Q1,harmful,1822,0.0,0.0,nan
Reddit-S,42,generic,Visual,Q1,beneficial_vs_harmful,7900,nan,nan,0.0
Reddit-S,42,generic,Visual,Q5,beneficial,7544,0.0,0.0,nan
Reddit-S,42,generic,Visual,Q5,harmful,378,0.0,0.0,nan
Reddit-S,42,generic,Visual,Q5,beneficial_vs_harmful,7922,nan,nan,0.0
Reddit-S,42,pair,Text,Q1,beneficial,6303,6.789309024810791,4.0680718421936035,nan
Reddit-S,42,pair,Text,Q1,harmful,1591,6.702498912811279,4.209524631500244,nan
Reddit-S,42,pair,Text,Q1,beneficial_vs_harmful,7894,nan,nan,0.15711441389198053
Reddit-S,42,pair,Text,Q5,beneficial,7594,4.880975723266602,6.242709159851074,nan
Reddit-S,42,pair,Text,Q5,harmful,318,6.654190540313721,3.9183430671691895,nan
Reddit-S,42,pair,Text,Q5,beneficial_vs_harmful,7912,nan,nan,1.0637675028862104
Reddit-S,42,pair,Visual,Q1,beneficial,6078,2.490734100341797,7.558835506439209,nan
Reddit-S,42,pair,Visual,Q1,harmful,1822,2.6760714054107666,7.496801376342773,nan
Reddit-S,42,pair,Visual,Q1,beneficial_vs_harmful,7900,nan,nan,0.3731069011649263
Reddit-S,42,pair,Visual,Q5,beneficial,7544,4.795868873596191,6.196941375732422,nan
Reddit-S,42,pair,Visual,Q5,harmful,378,7.74992561340332,0.973284125328064,nan
Reddit-S,42,pair,Visual,Q5,beneficial_vs_harmful,7922,nan,nan,2.4703354186204898
Reddit-S,42,pair_compat,Text,Q1,beneficial,6303,6.7571868896484375,4.117132186889648,nan
Reddit-S,42,pair_compat,Text,Q1,harmful,1591,6.661355018615723,4.2617998123168945,nan
Reddit-S,42,pair_compat,Text,Q1,beneficial_vs_harmful,7894,nan,nan,0.1649151764743919
Reddit-S,42,pair_compat,Text,Q5,beneficial,7594,5.130927085876465,6.028519630432129,nan
Reddit-S,42,pair_compat,Text,Q5,harmful,318,6.740757465362549,3.794161081314087,nan
Reddit-S,42,pair_compat,Text,Q5,beneficial_vs_harmful,7912,nan,nan,1.029100075440376
Reddit-S,42,pair_compat,Visual,Q1,beneficial,6078,2.6560769081115723,7.481441974639893,nan
Reddit-S,42,pair_compat,Visual,Q1,harmful,1822,2.805061101913452,7.462102890014648,nan
Reddit-S,42,pair_compat,Visual,Q1,beneficial_vs_harmful,7900,nan,nan,0.3797806782212707
Reddit-S,42,pair_compat,Visual,Q5,beneficial,7544,4.810013294219971,6.170773506164551,nan
Reddit-S,42,pair_compat,Visual,Q5,harmful,378,7.761062145233154,0.8897709250450134,nan
Reddit-S,42,pair_compat,Visual,Q5,beneficial_vs_harmful,7922,nan,nan,2.465932734557003
Reddit-S,42,pair_compat_context,Text,Q1,beneficial,6303,6.79853630065918,4.064306735992432,nan
Reddit-S,42,pair_compat_context,Text,Q1,harmful,1591,6.709320545196533,4.198504447937012,nan
Reddit-S,42,pair_compat_context,Text,Q1,beneficial_vs_harmful,7894,nan,nan,0.16360025994361002
Reddit-S,42,pair_compat_context,Text,Q5,beneficial,7594,5.1202898025512695,6.032364368438721,nan
Reddit-S,42,pair_compat_context,Text,Q5,harmful,318,6.822410583496094,3.6552748680114746,nan
Reddit-S,42,pair_compat_context,Text,Q5,beneficial_vs_harmful,7912,nan,nan,1.036916878990271
Reddit-S,42,pair_compat_context,Visual,Q1,beneficial,6078,2.663086414337158,7.481723308563232,nan
Reddit-S,42,pair_compat_context,Visual,Q1,harmful,1822,2.815788745880127,7.459944725036621,nan
Reddit-S,42,pair_compat_context,Visual,Q1,beneficial_vs_harmful,7900,nan,nan,0.3732359672900197
Reddit-S,42,pair_compat_context,Visual,Q5,beneficial,7544,4.769382476806641,6.207382678985596,nan
Reddit-S,42,pair_compat_context,Visual,Q5,harmful,378,7.760672569274902,0.9277070760726929,nan
Reddit-S,42,pair_compat_context,Visual,Q5,beneficial_vs_harmful,7922,nan,nan,2.4142011747315286
Reddit-S,43,generic,Text,Q1,beneficial,6480,0.0,0.0,nan
Reddit-S,43,generic,Text,Q1,harmful,1345,0.0,0.0,nan
Reddit-S,43,generic,Text,Q1,beneficial_vs_harmful,7825,nan,nan,0.0
Reddit-S,43,generic,Text,Q5,beneficial,7798,0.0,0.0,nan
Reddit-S,43,generic,Text,Q5,harmful,121,0.0,0.0,nan
Reddit-S,43,generic,Text,Q5,beneficial_vs_harmful,7919,nan,nan,0.0
Reddit-S,43,generic,Visual,Q1,beneficial,6438,0.0,0.0,nan
Reddit-S,43,generic,Visual,Q1,harmful,1270,0.0,0.0,nan
Reddit-S,43,generic,Visual,Q1,beneficial_vs_harmful,7708,nan,nan,0.0
Reddit-S,43,generic,Visual,Q5,beneficial,7600,0.0,0.0,nan
Reddit-S,43,generic,Visual,Q5,harmful,322,0.0,0.0,nan
Reddit-S,43,generic,Visual,Q5,beneficial_vs_harmful,7922,nan,nan,0.0
Reddit-S,43,pair,Text,Q1,beneficial,6480,6.680078029632568,4.240130424499512,nan
Reddit-S,43,pair,Text,Q1,harmful,1345,6.488059997558594,4.5141425132751465,nan
Reddit-S,43,pair,Text,Q1,beneficial_vs_harmful,7825,nan,nan,0.20393536623177347
Reddit-S,43,pair,Text,Q5,beneficial,7798,4.12088680267334,6.771684646606445,nan
Reddit-S,43,pair,Text,Q5,harmful,121,5.796393394470215,5.115569114685059,nan
Reddit-S,43,pair,Text,Q5,beneficial_vs_harmful,7919,nan,nan,0.5860057158264255
Reddit-S,43,pair,Visual,Q1,beneficial,6438,3.2090094089508057,7.27164888381958,nan
Reddit-S,43,pair,Visual,Q1,harmful,1270,4.677802562713623,6.396735191345215,nan
Reddit-S,43,pair,Visual,Q1,beneficial_vs_harmful,7708,nan,nan,0.37124797385655156
Reddit-S,43,pair,Visual,Q5,beneficial,7600,4.209650993347168,6.680395603179932,nan
Reddit-S,43,pair,Visual,Q5,harmful,322,7.74342679977417,1.3785022497177124,nan
Reddit-S,43,pair,Visual,Q5,beneficial_vs_harmful,7922,nan,nan,2.1188334500560435
Reddit-S,43,pair_compat,Text,Q1,beneficial,6480,6.74361515045166,4.147584915161133,nan
Reddit-S,43,pair_compat,Text,Q1,harmful,1345,6.572390556335449,4.403463363647461,nan
Reddit-S,43,pair_compat,Text,Q1,beneficial_vs_harmful,7825,nan,nan,0.21044020726652662
Reddit-S,43,pair_compat,Text,Q5,beneficial,7798,4.0482177734375,6.814581871032715,nan
Reddit-S,43,pair_compat,Text,Q5,harmful,121,5.882862567901611,5.02935266494751,nan
Reddit-S,43,pair_compat,Text,Q5,beneficial_vs_harmful,7919,nan,nan,0.6116348426562519
Reddit-S,43,pair_compat,Visual,Q1,beneficial,6438,3.21290922164917,7.269308090209961,nan
Reddit-S,43,pair_compat,Visual,Q1,harmful,1270,4.690679550170898,6.385102272033691,nan
Reddit-S,43,pair_compat,Visual,Q1,beneficial_vs_harmful,7708,nan,nan,0.37337364617617474
Reddit-S,43,pair_compat,Visual,Q5,beneficial,7600,4.234764099121094,6.663164138793945,nan
Reddit-S,43,pair_compat,Visual,Q5,harmful,322,7.746044158935547,1.3628153800964355,nan
Reddit-S,43,pair_compat,Visual,Q5,beneficial_vs_harmful,7922,nan,nan,2.111894230047195
Reddit-S,43,pair_compat_context,Text,Q1,beneficial,6480,6.427957057952881,4.644336700439453,nan
Reddit-S,43,pair_compat_context,Text,Q1,harmful,1345,6.184764385223389,4.920257568359375,nan
Reddit-S,43,pair_compat_context,Text,Q1,beneficial_vs_harmful,7825,nan,nan,0.19033440988931932
Reddit-S,43,pair_compat_context,Text,Q5,beneficial,7798,4.051022052764893,6.845496654510498,nan
Reddit-S,43,pair_compat_context,Text,Q5,harmful,121,5.822507858276367,5.142310619354248,nan
Reddit-S,43,pair_compat_context,Text,Q5,beneficial_vs_harmful,7919,nan,nan,0.6022263339104479
Reddit-S,43,pair_compat_context,Visual,Q1,beneficial,6438,2.758615732192993,7.48463249206543,nan
Reddit-S,43,pair_compat_context,Visual,Q1,harmful,1270,3.8396048545837402,6.975861072540283,nan
Reddit-S,43,pair_compat_context,Visual,Q1,beneficial_vs_harmful,7708,nan,nan,0.35892190732437085
Reddit-S,43,pair_compat_context,Visual,Q5,beneficial,7600,4.245585918426514,6.691973686218262,nan
Reddit-S,43,pair_compat_context,Visual,Q5,harmful,322,7.728921413421631,1.5259617567062378,nan
Reddit-S,43,pair_compat_context,Visual,Q5,beneficial_vs_harmful,7922,nan,nan,1.9515785701205886
Reddit-S,44,generic,Text,Q1,beneficial,6870,0.0,0.0,nan
Reddit-S,44,generic,Text,Q1,harmful,995,0.0,0.0,nan
Reddit-S,44,generic,Text,Q1,beneficial_vs_harmful,7865,nan,nan,0.0
Reddit-S,44,generic,Text,Q5,beneficial,7861,0.0,0.0,nan
Reddit-S,44,generic,Text,Q5,harmful,60,0.0,0.0,nan
Reddit-S,44,generic,Text,Q5,beneficial_vs_harmful,7921,nan,nan,0.0
Reddit-S,44,generic,Visual,Q1,beneficial,6355,0.0,0.0,nan
Reddit-S,44,generic,Visual,Q1,harmful,1543,0.0,0.0,nan
Reddit-S,44,generic,Visual,Q1,beneficial_vs_harmful,7898,nan,nan,0.0
Reddit-S,44,generic,Visual,Q5,beneficial,7737,0.0,0.0,nan
Reddit-S,44,generic,Visual,Q5,harmful,185,0.0,0.0,nan
Reddit-S,44,generic,Visual,Q5,beneficial_vs_harmful,7922,nan,nan,0.0
Reddit-S,44,pair,Text,Q1,beneficial,6870,6.298518180847168,4.863171577453613,nan
Reddit-S,44,pair,Text,Q1,harmful,995,6.193769454956055,4.967269420623779,nan
Reddit-S,44,pair,Text,Q1,beneficial_vs_harmful,7865,nan,nan,0.22780103676138216
Reddit-S,44,pair,Text,Q5,beneficial,7861,5.623968124389648,5.674625873565674,nan
Reddit-S,44,pair,Text,Q5,harmful,60,6.17302131652832,4.80067777633667,nan
Reddit-S,44,pair,Text,Q5,beneficial_vs_harmful,7921,nan,nan,0.64866618743064
Reddit-S,44,pair,Visual,Q1,beneficial,6355,3.373971700668335,7.2082085609436035,nan
Reddit-S,44,pair,Visual,Q1,harmful,1543,3.061265707015991,7.392642498016357,nan
Reddit-S,44,pair,Visual,Q1,beneficial_vs_harmful,7898,nan,nan,0.40906680438831444
Reddit-S,44,pair,Visual,Q5,beneficial,7737,4.883434295654297,6.168160915374756,nan
Reddit-S,44,pair,Visual,Q5,harmful,185,7.452204704284668,2.6553006172180176,nan
Reddit-S,44,pair,Visual,Q5,beneficial_vs_harmful,7922,nan,nan,1.5490793952052624
Reddit-S,44,pair_compat,Text,Q1,beneficial,6870,6.207416534423828,4.949228763580322,nan
Reddit-S,44,pair_compat,Text,Q1,harmful,995,6.189114570617676,4.9509124755859375,nan
Reddit-S,44,pair_compat,Text,Q1,beneficial_vs_harmful,7865,nan,nan,0.20002249531486052
Reddit-S,44,pair_compat,Text,Q5,beneficial,7861,5.520470142364502,5.744832992553711,nan
Reddit-S,44,pair_compat,Text,Q5,harmful,60,6.1149139404296875,4.829762935638428,nan
Reddit-S,44,pair_compat,Text,Q5,beneficial_vs_harmful,7921,nan,nan,0.657353188854672
Reddit-S,44,pair_compat,Visual,Q1,beneficial,6355,3.1901540756225586,7.284365653991699,nan
Reddit-S,44,pair_compat,Visual,Q1,harmful,1543,3.302941083908081,7.255151271820068,nan
Reddit-S,44,pair_compat,Visual,Q1,beneficial_vs_harmful,7898,nan,nan,0.4284234298540283
Reddit-S,44,pair_compat,Visual,Q5,beneficial,7737,4.937638759613037,6.088488578796387,nan
Reddit-S,44,pair_compat,Visual,Q5,harmful,185,7.512554168701172,2.315991163253784,nan
Reddit-S,44,pair_compat,Visual,Q5,beneficial_vs_harmful,7922,nan,nan,1.6640058678709968
Reddit-S,44,pair_compat_context,Text,Q1,beneficial,6870,6.585411071777344,4.436861038208008,nan
Reddit-S,44,pair_compat_context,Text,Q1,harmful,995,6.5258378982543945,4.504148483276367,nan
Reddit-S,44,pair_compat_context,Text,Q1,beneficial_vs_harmful,7865,nan,nan,0.21308669147357331
Reddit-S,44,pair_compat_context,Text,Q5,beneficial,7861,5.423648834228516,5.830929756164551,nan
Reddit-S,44,pair_compat_context,Text,Q5,harmful,60,6.26720666885376,4.623010158538818,nan
Reddit-S,44,pair_compat_context,Text,Q5,beneficial_vs_harmful,7921,nan,nan,0.6862830895483856
Reddit-S,44,pair_compat_context,Visual,Q1,beneficial,6355,3.229532480239868,7.260223865509033,nan
Reddit-S,44,pair_compat_context,Visual,Q1,harmful,1543,3.5106029510498047,7.141918659210205,nan
Reddit-S,44,pair_compat_context,Visual,Q1,beneficial_vs_harmful,7898,nan,nan,0.42662504938994156
Reddit-S,44,pair_compat_context,Visual,Q5,beneficial,7737,5.086101531982422,5.9518208503723145,nan
Reddit-S,44,pair_compat_context,Visual,Q5,harmful,185,7.58437967300415,2.062701940536499,nan
Reddit-S,44,pair_compat_context,Visual,Q5,beneficial_vs_harmful,7922,nan,nan,1.7094006323595863
