dataset,seed,variant,modality,relation_norm_mean,relation_norm_std,relation_feature_variance,cross_modal_relation_cosine,relation_message_ratio_mean,relation_message_ratio_median,relation_message_ratio_p10,relation_message_ratio_p90,context_correction_norm_mean,context_correction_norm_std,degree1_context_rate
Movies,42,generic,Text,0.0,0.0,0.0,0.0,0.0,0.0,0.0,0.0,nan,nan,0.021175110712647438
Movies,42,generic,Visual,0.0,0.0,0.0,0.0,0.0,0.0,0.0,0.0,nan,nan,0.021175110712647438
Movies,42,pair,Text,7.942417144775391,0.003836416406556964,0.19525578618049622,0.024788616225123405,1.4542118310928345,1.4632291793823242,1.2954163551330566,1.5924441814422607,nan,nan,0.021175110712647438
Movies,42,pair,Visual,7.948122501373291,0.008610360324382782,0.7874022126197815,0.024788616225123405,1.3627527952194214,1.3625495433807373,1.1953094005584717,1.5257740020751953,nan,nan,0.021175110712647438
Movies,42,pair_compat,Text,7.9416303634643555,0.004087731242179871,0.2348204106092453,0.01471491064876318,1.4653520584106445,1.4682137966156006,1.3161215782165527,1.606202483177185,nan,nan,0.021175110712647438
Movies,42,pair_compat,Visual,7.949940204620361,0.009282278828322887,0.8248851299285889,0.01471491064876318,1.366066575050354,1.3632968664169312,1.20594322681427,1.5277252197265625,nan,nan,0.021175110712647438
Movies,42,pair_compat_context,Text,7.937825679779053,0.0026807617396116257,0.10729590058326721,-0.0008254526765085757,1.4046027660369873,1.413407325744629,1.2713017463684082,1.521372675895691,0.5492739677429199,0.12830504775047302,0.021175110712647438
Movies,42,pair_compat_context,Visual,7.945744037628174,0.008152148686349392,0.7633533477783203,-0.0008254526765085757,1.3337481021881104,1.3345282077789307,1.1607425212860107,1.5000548362731934,0.6829636693000793,0.17806832492351532,0.021175110712647438
Movies,43,generic,Text,0.0,0.0,0.0,0.0,0.0,0.0,0.0,0.0,nan,nan,0.021175110712647438
Movies,43,generic,Visual,0.0,0.0,0.0,0.0,0.0,0.0,0.0,0.0,nan,nan,0.021175110712647438
Movies,43,pair,Text,7.9569091796875,0.004282684531062841,0.20894208550453186,0.14769749343395233,1.2990543842315674,1.2936094999313354,1.1690292358398438,1.435455322265625,nan,nan,0.021175110712647438
Movies,43,pair,Visual,7.950547218322754,0.008761139586567879,0.800233781337738,0.14769749343395233,1.3976291418075562,1.3908421993255615,1.258148431777954,1.546777367591858,nan,nan,0.021175110712647438
Movies,43,pair_compat,Text,7.959495544433594,0.0038441356737166643,0.17728248238563538,0.14966346323490143,1.261589527130127,1.2548720836639404,1.1500808000564575,1.3808693885803223,nan,nan,0.021175110712647438
Movies,43,pair_compat,Visual,7.953433513641357,0.008070247247815132,0.7522510886192322,0.14966346323490143,1.3781486749649048,1.3713634014129639,1.2396595478057861,1.5257331132888794,nan,nan,0.021175110712647438
Movies,43,pair_compat_context,Text,7.961081027984619,0.004620108753442764,0.17586509883403778,0.1452847272157669,1.3230465650558472,1.3159406185150146,1.199137806892395,1.4558242559432983,0.47690075635910034,0.10249140113592148,0.021175110712647438
Movies,43,pair_compat_context,Visual,7.9514336585998535,0.0091579370200634,0.8029948472976685,0.1452847272157669,1.3948051929473877,1.3870947360992432,1.2542264461517334,1.5463953018188477,0.5579657554626465,0.13095907866954803,0.021175110712647438
Movies,44,generic,Text,0.0,0.0,0.0,0.0,0.0,0.0,0.0,0.0,nan,nan,0.021175110712647438
Movies,44,generic,Visual,0.0,0.0,0.0,0.0,0.0,0.0,0.0,0.0,nan,nan,0.021175110712647438
Movies,44,pair,Text,7.945754051208496,0.004097664263099432,0.18080660700798035,-0.02391577884554863,1.3215032815933228,1.3181297779083252,1.2185710668563843,1.4281479120254517,nan,nan,0.021175110712647438
Movies,44,pair,Visual,7.951955795288086,0.010616717860102654,0.8364954590797424,-0.02391577884554863,1.3610272407531738,1.3545281887054443,1.2123258113861084,1.5199508666992188,nan,nan,0.021175110712647438
Movies,44,pair_compat,Text,7.949432373046875,0.004099257290363312,0.17755812406539917,-0.03707196190953255,1.362683653831482,1.360607624053955,1.260054588317871,1.466025948524475,nan,nan,0.021175110712647438
Movies,44,pair_compat,Visual,7.955478668212891,0.01021148357540369,0.8255839347839355,-0.03707196190953255,1.3674744367599487,1.3603358268737793,1.2170984745025635,1.5298553705215454,nan,nan,0.021175110712647438
Movies,44,pair_compat_context,Text,7.945897102355957,0.0035005654208362103,0.1313600242137909,-0.00017456569185014814,1.356247067451477,1.3568223714828491,1.2580164670944214,1.4511032104492188,0.6393330097198486,0.18044067919254303,0.021175110712647438
Movies,44,pair_compat_context,Visual,7.954501152038574,0.010249230079352856,0.7876327633857727,-0.00017456569185014814,1.3540431261062622,1.348588228225708,1.2036205530166626,1.511856198310852,0.7827392220497131,0.2229640930891037,0.021175110712647438
Grocery,42,generic,Text,0.0,0.0,0.0,0.0,0.0,0.0,0.0,0.0,nan,nan,0.0299728661775589
Grocery,42,generic,Visual,0.0,0.0,0.0,0.0,0.0,0.0,0.0,0.0,nan,nan,0.0299728661775589
Grocery,42,pair,Text,8.00991439819336,0.01054189633578062,0.8104284405708313,0.04693594202399254,1.4295895099639893,1.4244040250778198,1.2597674131393433,1.6044918298721313,nan,nan,0.0299728661775589
Grocery,42,pair,Visual,8.020219802856445,0.010654541663825512,0.9549220204353333,0.04693594202399254,1.5116363763809204,1.4649932384490967,1.271894931793213,1.7588545083999634,nan,nan,0.0299728661775589
Grocery,42,pair_compat,Text,8.002437591552734,0.011292453855276108,0.8286922574043274,0.024824321269989014,1.391713261604309,1.3859622478485107,1.229344129562378,1.5617778301239014,nan,nan,0.0299728661775589
Grocery,42,pair_compat,Visual,8.013896942138672,0.010637223720550537,0.9539347887039185,0.024824321269989014,1.4869927167892456,1.4448137283325195,1.2558437585830688,1.7302736043930054,nan,nan,0.0299728661775589
Grocery,42,pair_compat_context,Text,8.04271411895752,0.01144435815513134,0.8871294260025024,0.04304991289973259,1.4321216344833374,1.4253699779510498,1.260581374168396,1.6127009391784668,0.5291472673416138,0.1623663604259491,0.0299728661775589
Grocery,42,pair_compat_context,Visual,8.053074836730957,0.012052834965288639,0.9669227600097656,0.04304991289973259,1.5222322940826416,1.4807066917419434,1.286375880241394,1.7780381441116333,0.5278589129447937,0.17742280662059784,0.0299728661775589
Grocery,43,generic,Text,0.0,0.0,0.0,0.0,0.0,0.0,0.0,0.0,nan,nan,0.0299728661775589
Grocery,43,generic,Visual,0.0,0.0,0.0,0.0,0.0,0.0,0.0,0.0,nan,nan,0.0299728661775589
Grocery,43,pair,Text,8.008201599121094,0.010836571455001831,0.7699100375175476,0.034269507974386215,1.3721283674240112,1.3667356967926025,1.2331619262695312,1.5177923440933228,nan,nan,0.0299728661775589
Grocery,43,pair,Visual,8.013008117675781,0.011327124200761318,0.9273662567138672,0.034269507974386215,1.4926153421401978,1.4453874826431274,1.26947021484375,1.763917088508606,nan,nan,0.0299728661775589
Grocery,43,pair_compat,Text,7.959109783172607,0.007889839820563793,0.6888270378112793,0.02214207872748375,1.379432201385498,1.3730640411376953,1.2434884309768677,1.5250409841537476,nan,nan,0.0299728661775589
Grocery,43,pair_compat,Visual,7.968647480010986,0.009570621885359287,0.888076901435852,0.02214207872748375,1.4160374402999878,1.369384527206421,1.2109267711639404,1.672075629234314,nan,nan,0.0299728661775589
Grocery,43,pair_compat_context,Text,7.974562644958496,0.00902190338820219,0.6735520958900452,0.033983442932367325,1.3638293743133545,1.358054280281067,1.2373818159103394,1.4995300769805908,0.6175141930580139,0.1726822853088379,0.0299728661775589
Grocery,43,pair_compat_context,Visual,7.983510971069336,0.010955707170069218,0.9040261507034302,0.033983442932367325,1.4518927335739136,1.4068331718444824,1.2442580461502075,1.7065606117248535,0.6794658899307251,0.18885298073291779,0.0299728661775589
Grocery,44,generic,Text,0.0,0.0,0.0,0.0,0.0,0.0,0.0,0.0,nan,nan,0.0299728661775589
Grocery,44,generic,Visual,0.0,0.0,0.0,0.0,0.0,0.0,0.0,0.0,nan,nan,0.0299728661775589
Grocery,44,pair,Text,7.948231220245361,0.008513418957591057,0.45289987325668335,0.01149487029761076,1.372568964958191,1.36824369430542,1.2529361248016357,1.4976269006729126,nan,nan,0.0299728661775589
Grocery,44,pair,Visual,7.9654035568237305,0.012009184807538986,0.8981910347938538,0.01149487029761076,1.4061943292617798,1.3644797801971436,1.1872546672821045,1.6451371908187866,nan,nan,0.0299728661775589
Grocery,44,pair_compat,Text,7.955066204071045,0.009153032675385475,0.5369969606399536,0.0003298455849289894,1.3885324001312256,1.383584976196289,1.2711516618728638,1.5104888677597046,nan,nan,0.0299728661775589
Grocery,44,pair_compat,Visual,7.970586776733398,0.01163780502974987,0.906244158744812,0.0003298455849289894,1.4167098999023438,1.375533103942871,1.1994450092315674,1.653977870941162,nan,nan,0.0299728661775589
Grocery,44,pair_compat_context,Text,7.96537971496582,0.011471215635538101,0.6195001602172852,0.030764762312173843,1.3861143589019775,1.3797626495361328,1.2654110193252563,1.5156819820404053,0.47902417182922363,0.14640820026397705,0.0299728661775589
Grocery,44,pair_compat_context,Visual,7.978435039520264,0.012945959344506264,0.9248467683792114,0.030764762312173843,1.4251068830490112,1.386795997619629,1.2109829187393188,1.6651548147201538,0.48859965801239014,0.14903205633163452,0.0299728661775589
Reddit-S,42,generic,Text,0.0,0.0,0.0,0.0,0.0,0.0,0.0,0.0,nan,nan,0.016885684803128242
Reddit-S,42,generic,Visual,0.0,0.0,0.0,0.0,0.0,0.0,0.0,0.0,nan,nan,0.016885684803128242
Reddit-S,42,pair,Text,7.975534915924072,0.0102378586307168,0.4546990692615509,0.11036849766969681,1.3733175992965698,1.3725624084472656,1.2369052171707153,1.5088460445404053,nan,nan,0.016885684803128242
Reddit-S,42,pair,Visual,7.9990925788879395,0.01409661490470171,0.8460906744003296,0.11036849766969681,1.250758171081543,1.260810375213623,1.0936470031738281,1.3956348896026611,nan,nan,0.016885684803128242
Reddit-S,42,pair_compat,Text,7.9720659255981445,0.009129813872277737,0.44434136152267456,0.10753392428159714,1.3933786153793335,1.389937400817871,1.2753242254257202,1.5163402557373047,nan,nan,0.016885684803128242
Reddit-S,42,pair_compat,Visual,7.993570327758789,0.013697214424610138,0.8485743403434753,0.10753392428159714,1.237518548965454,1.2470133304595947,1.0739952325820923,1.3795088529586792,nan,nan,0.016885684803128242
Reddit-S,42,pair_compat_context,Text,7.9735636711120605,0.010365355759859085,0.44453155994415283,0.09851979464292526,1.3821032047271729,1.3765699863433838,1.268560767173767,1.5037190914154053,0.7962008118629456,0.31912094354629517,0.016885684803128242
Reddit-S,42,pair_compat_context,Visual,7.993184566497803,0.011852468363940716,0.8510537147521973,0.09851979464292526,1.2402206659317017,1.2487175464630127,1.0785300731658936,1.3836349248886108,0.6483723521232605,0.17781183123588562,0.016885684803128242
Reddit-S,43,generic,Text,0.0,0.0,0.0,0.0,0.0,0.0,0.0,0.0,nan,nan,0.016885684803128242
Reddit-S,43,generic,Visual,0.0,0.0,0.0,0.0,0.0,0.0,0.0,0.0,nan,nan,0.016885684803128242
Reddit-S,43,pair,Text,7.983197212219238,0.0074745663441717625,0.5148034691810608,0.09961686283349991,1.4447722434997559,1.4389679431915283,1.301954746246338,1.5990849733352661,nan,nan,0.016885684803128242
Reddit-S,43,pair,Visual,7.9855451583862305,0.008047998882830143,0.8667737245559692,0.09961686283349991,1.24505615234375,1.2370970249176025,1.113486409187317,1.3723318576812744,nan,nan,0.016885684803128242
Reddit-S,43,pair_compat,Text,7.983027458190918,0.007182353176176548,0.5108949542045593,0.10049844533205032,1.440492033958435,1.434086561203003,1.3012341260910034,1.5917407274246216,nan,nan,0.016885684803128242
Reddit-S,43,pair_compat,Visual,7.984481334686279,0.00790267251431942,0.8669579029083252,0.10049844533205032,1.2451595067977905,1.2364275455474854,1.1147910356521606,1.3718550205230713,nan,nan,0.016885684803128242
Reddit-S,43,pair_compat_context,Text,8.004585266113281,0.010688134469091892,0.5765241384506226,0.13625653088092804,1.4883977174758911,1.4767215251922607,1.3363337516784668,1.6596263647079468,0.7533152103424072,0.17720091342926025,0.016885684803128242
Reddit-S,43,pair_compat_context,Visual,8.007347106933594,0.009415675885975361,0.8631957769393921,0.13625653088092804,1.2676862478256226,1.2606282234191895,1.1275041103363037,1.406171441078186,0.7394930124282837,0.20704199373722076,0.016885684803128242
Reddit-S,44,generic,Text,0.0,0.0,0.0,0.0,0.0,0.0,0.0,0.0,nan,nan,0.016885684803128242
Reddit-S,44,generic,Visual,0.0,0.0,0.0,0.0,0.0,0.0,0.0,0.0,nan,nan,0.016885684803128242
Reddit-S,44,pair,Text,8.015619277954102,0.008049123920500278,0.4703060984611511,0.09066982567310333,1.3569806814193726,1.3419089317321777,1.191614031791687,1.5432541370391846,nan,nan,0.016885684803128242
Reddit-S,44,pair,Visual,8.021576881408691,0.01430806890130043,0.7936505079269409,0.09066982567310333,1.2696483135223389,1.2421425580978394,1.1375458240509033,1.4419108629226685,nan,nan,0.016885684803128242
Reddit-S,44,pair_compat,Text,7.997209072113037,0.007120667956769466,0.48423507809638977,0.09804956614971161,1.3980216979980469,1.3803684711456299,1.2199289798736572,1.6072591543197632,nan,nan,0.016885684803128242
Reddit-S,44,pair_compat,Visual,8.006495475769043,0.012191660702228546,0.8006049394607544,0.09804956614971161,1.2576241493225098,1.229926586151123,1.1271986961364746,1.4219249486923218,nan,nan,0.016885684803128242
Reddit-S,44,pair_compat_context,Text,7.993506908416748,0.005534487776458263,0.44261717796325684,0.10844903439283371,1.4032989740371704,1.3856456279754639,1.2308727502822876,1.6098524332046509,0.6809073686599731,0.18317632377147675,0.016885684803128242
Reddit-S,44,pair_compat_context,Visual,8.002665519714355,0.011862707324326038,0.7908763885498047,0.10844903439283371,1.25969660282135,1.2364060878753662,1.1276768445968628,1.4188730716705322,0.5029363036155701,0.14383430778980255,0.016885684803128242
